queried_airport,direction,icao24,callsign,dep_airport,arr_airport,firstSeen,lastSeen,home,other,ts,hour,al_icao,airline,lh_group,o_country,o_continent,reach,o_lat,o_lon,home_lat,home_lon,dist_km
EDDF,departure,3c4a08,DLH500,EDDF,SBGL,1787174238.0,1787214146,EDDF,SBGL,1787174238.0,23,DLH,Lufthansa,True,BR,SA,Intercontinental,-22.809999,-43.250557,50.026706,8.55835,9567.281187271963
EDDF,departure,3c658d,DLH9HC,EDDF,EDDP,1787174109.0,1787176841,EDDF,EDDP,1787174109.0,23,DLH,Lufthansa,True,DE,EU,Domestic,51.420657,12.232705,50.026706,8.55835,301.484335885831
EDDF,departure,3c6658,DLH9ML,EDDF,EPKK,1787173891.0,1787178007,EDDF,EPKK,1787173891.0,23,DLH,Lufthansa,True,PL,EU,Europe,50.077702,19.7848,50.026706,8.55835,800.8011485417
EDDF,departure,3c5423,BCS2WP,EDDF,EDDP,1787173811.0,1787177457,EDDF,EDDP,1787173811.0,23,BCS,European Air Transport,False,DE,EU,Domestic,51.420657,12.232705,50.026706,8.55835,301.484335885831
EDDF,departure,896210,UAE13U,EDDF,OMDB,1787173673.0,1787194817,EDDF,OMDB,1787173673.0,23,UAE,Emirates,False,AE,AS,Intercontinental,25.24979,55.370992,50.026706,8.55835,4844.5225736276
EDDF,departure,3c6654,DLH67K,EDDF,LEMD,1787173655.0,1787181321,EDDF,LEMD,1787173655.0,23,DLH,Lufthansa,True,ES,EU,Europe,40.493407,-3.572249,50.026706,8.55835,1419.5153635411198
EDDF,departure,3c6742,DLH2KK,EDDF,EDDM,1787173601.0,1787175772,EDDF,EDDM,1787173601.0,23,DLH,Lufthansa,True,DE,EU,Domestic,48.353802,11.7861,50.026706,8.55835,299.3253023081836
EDDF,departure,3c4a0f,DLH576,EDDF,FACT,1787173347.0,1787211701,EDDF,FACT,1787173347.0,23,DLH,Lufthansa,True,ZA,AF,Intercontinental,-33.97403,18.604333,50.026706,8.55835,9392.76029434846
EDDF,departure,3c658e,DLH2RV,EDDF,LDZA,1787173254.0,1787176885,EDDF,LDZA,1787173254.0,23,DLH,Lufthansa,True,HR,EU,Europe,45.742901,16.0688,50.026706,8.55835,734.5935005052726
EDDF,departure,040132,ETH707,EDDF,FKYS,1787173134.0,1787220324,EDDF,FKYS,1787173134.0,22,ETH,Ethiopian Airlines,False,CM,AF,Intercontinental,3.72256,11.5533,50.026706,8.55835,5156.497317256868
EDDF,departure,3c4b28,DLH506,EDDF,SBGR,1787173029.0,1787212499,EDDF,SBGR,1787173029.0,22,DLH,Lufthansa,True,BR,SA,Intercontinental,-23.431274,-46.469954,50.026706,8.55835,9796.47989691071
EDDF,departure,3c6917,CFG7KD,EDDF,LIMC,1787172970.0,1787177582,EDDF,LIMC,1787172970.0,22,CFG,Condor Flugdienst,False,IT,EU,Europe,45.6306,8.72811,50.026706,8.55835,488.98855027228177
EDDF,departure,440bc6,BCS9YP,EDDF,EBMB,1787172865.0,1787175642,EDDF,EBMB,1787172865.0,22,BCS,European Air Transport,False,BE,EU,Europe,50.913419,4.491005,50.026706,8.55835,304.2292270193259
EDDF,departure,a01b80,FDX36,EDDF,LFPG,1787172750.0,1787175990,EDDF,LFPG,1787172750.0,22,FDX,Federal Express,False,FR,EU,Europe,49.00896,2.554117,50.026706,8.55835,447.8305266654691
EDDF,departure,3c674f,DLH866,EDDF,ENGM,1787172603.0,1787178755,EDDF,ENGM,1787172603.0,22,DLH,Lufthansa,True,NO,EU,Europe,60.193901,11.1004,50.026706,8.55835,1141.8263314571998
EDDF,departure,3009b3,DLA8884,EDDF,LIPE,1787172536.0,1787176736,EDDF,LIPE,1787172536.0,22,DLA,Air Dolomiti,True,IT,EU,Europe,44.5354,11.2887,50.026706,8.55835,644.2894117734543
EDDF,departure,3c71a7,BCS830,EDDF,EDDP,1787172406.0,1787175690,EDDF,EDDP,1787172406.0,22,BCS,European Air Transport,False,DE,EU,Domestic,51.420657,12.232705,50.026706,8.55835,301.484335885831
EDDF,departure,3009b5,DLA3AE,EDDF,ELLX,1787172354.0,1787174116,EDDF,ELLX,1787172354.0,22,DLA,Air Dolomiti,True,LU,EU,Europe,49.626845,6.212134,50.026706,8.55835,174.064410926245
EDDF,departure,3c648b,DLH584,EDDF,HECA,1787172273.0,1787185828,EDDF,HECA,1787172273.0,22,DLH,Lufthansa,True,EG,AF,Intercontinental,30.111534,31.396694,50.026706,8.55835,2922.356297809829
EDDF,departure,3009b8,DLH3KX,EDDF,LSZM,1787172090.0,1787174260,EDDF,LSZM,1787172090.0,22,DLH,Lufthansa,True,CH,EU,Europe,47.078353,9.064662,50.026706,8.55835,329.9509076636581
EDDF,departure,3c6754,DLH5XY,EDDF,LKPR,1787172061.0,1787174597,EDDF,LKPR,1787172061.0,22,DLH,Lufthansa,True,CZ,EU,Europe,50.100874,14.259911,50.026706,8.55835,406.96118852195696
EDDF,departure,3c66ea,DLH6TJ,EDDF,LYBE,1787172030.0,1787176941,EDDF,LYBE,1787172030.0,22,DLH,Lufthansa,True,RS,EU,Europe,44.818401,20.309099,50.026706,8.55835,1054.9858217389628
EDDF,departure,3c6666,DLH1330,EDDF,,1787171966.0,1787183087,EDDF,,1787171966.0,22,DLH,Lufthansa,True,,,unknown,,,50.026706,8.55835,
EDDF,departure,3c6741,DLH7CE,EDDF,ESGG,1787171956.0,1787176084,EDDF,ESGG,1787171956.0,22,DLH,Lufthansa,True,SE,EU,Europe,57.6628,12.2798,50.026706,8.55835,883.1568466070247
EDDF,departure,3c65ce,DLH9KY,EDDF,EKCH,1787171855.0,1787175737,EDDF,EKCH,1787171855.0,22,DLH,Lufthansa,True,DK,EU,Europe,55.617900848389,12.656000137329,50.026706,8.55835,679.6633259560357
EDDF,departure,3c70cb,GEC8264,EDDF,SBKP,1787171825.0,1787213217,EDDF,SBKP,1787171825.0,22,GEC,Lufthansa Cargo,True,BR,SA,Intercontinental,-23.007404,-47.134502,50.026706,8.55835,9792.391837640691
EDDF,departure,3c4a8b,DLH780,EDDF,WSSS,1787171743.0,1787212404,EDDF,WSSS,1787171743.0,22,DLH,Lufthansa,True,SG,AS,Intercontinental,1.35019,103.994003,50.026706,8.55835,10280.1888371662
EDDF,departure,76cd71,SIA325,EDDF,WSAC,1787171594.0,1787213109,EDDF,WSAC,1787171594.0,22,SIA,Singapore Airlines,False,SG,AS,Intercontinental,1.3441400528,104.009002686,50.026706,8.55835,10281.773031162991
EDDF,departure,3c6445,DLH4KW,EDDF,EKBI,1787171551.0,1787175256,EDDF,EKBI,1787171551.0,22,DLH,Lufthansa,True,DK,EU,Europe,55.740335,9.157019,50.026706,8.55835,636.5886595105571
EDDF,departure,3c6757,DLH048,EDDF,EDDV,1787171470.0,1787173752,EDDF,EDDV,1787171470.0,22,DLH,Lufthansa,True,DE,EU,Domestic,52.461102,9.68508,50.026706,8.55835,281.8162021932354
EDDF,departure,3c4b2f,DLH572,EDDF,FAGM,1787171415.0,1787206376,EDDF,FAGM,1787171415.0,22,DLH,Lufthansa,True,ZA,AF,Intercontinental,-26.2425,28.151199,50.026706,8.55835,8698.69119392607
EDDF,departure,06a2f4,QTR072,EDDF,OTHH,1787171313.0,1787193083,EDDF,OTHH,1787171313.0,22,QTR,Qatar Airways,False,QA,AS,Intercontinental,25.273056,51.608056,50.026706,8.55835,4588.088807286664
EDDF,departure,e48baa,TAM8071,EDDF,SBGR,1787171231.0,1787213408,EDDF,SBGR,1787171231.0,22,TAM,TAM Brazilian Airlines,False,BR,SA,Intercontinental,-23.431274,-46.469954,50.026706,8.55835,9796.47989691071
EDDF,departure,3c6705,DLH732,EDDF,,1787171141.0,1787205204,EDDF,,1787171141.0,22,DLH,Lufthansa,True,,,unknown,,,50.026706,8.55835,
EDDF,departure,3c66eb,DLH5EL,EDDF,EGPH,1787170968.0,1787176600,EDDF,EGPH,1787170968.0,22,DLH,Lufthansa,True,GB,EU,Europe,55.950145,-3.372288,50.026706,8.55835,1032.73961083289
EDDF,departure,3c6449,DLH8YJ,EDDF,EDDN,1787170943.0,1787172241,EDDF,EDDN,1787170943.0,22,DLH,Lufthansa,True,DE,EU,Domestic,49.498699,11.078056,50.026706,8.55835,190.2564158127778
EDDF,departure,3c4b2e,DLH510,EDDF,SAEZ,1787170850.0,1787216900,EDDF,SAEZ,1787170850.0,22,DLH,Lufthansa,True,AR,SA,Intercontinental,-34.8222,-58.5358,50.026706,8.55835,11501.416008258642
EDDF,departure,3c70c5,GEC8384,EDDF,RJAA,1787170761.0,1787213999,EDDF,RJAA,1787170761.0,22,GEC,Lufthansa Cargo,True,JP,AS,Intercontinental,35.76858,140.388714,50.026706,8.55835,9367.47805681632
EDDF,departure,3c674a,DLH3NM,EDDF,LHBP,1787170680.0,1787175173,EDDF,LHBP,1787170680.0,22,DLH,Lufthansa,True,HU,EU,Europe,47.43018,19.262393,50.026706,8.55835,835.6031637955549
EDDF,departure,3c6744,DLH2HY,EDDF,EDDC,1787170607.0,1787173551,EDDF,EDDC,1787170607.0,22,DLH,Lufthansa,True,DE,EU,Domestic,51.134123,13.767831,50.026706,8.55835,387.7951333669981
EDDF,departure,3c675a,DLH6VP,EDDF,ESSA,1787170553.0,1787176463,EDDF,ESSA,1787170553.0,22,DLH,Lufthansa,True,SE,EU,Europe,59.64849,17.928829,50.026706,8.55835,1224.0229013959924
EDDF,departure,3c6545,DLH1RH,EDDF,LIPZ,1787170542.0,1787174026,EDDF,LIPZ,1787170542.0,22,DLH,Lufthansa,True,IT,EU,Europe,45.505299,12.3519,50.026706,8.55835,577.0149776234636
EDDF,departure,3c6448,DLH51A,EDDF,LOWS,1787170471.0,1787173396,EDDF,LOWS,1787170471.0,22,DLH,Lufthansa,True,AT,EU,Europe,47.793301,13.0043,50.026706,8.55835,408.8410070324141
EDDF,departure,3c6749,DLH19E,EDDF,LFLL,1787170459.0,1787173725,EDDF,LFLL,1787170459.0,22,DLH,Lufthansa,True,FR,EU,Europe,45.725996,5.090139,50.026706,8.55835,543.5457595389236
EDDF,departure,3c654e,LHX948,EDDF,EGCC,1787170429.0,1787175387,EDDF,EGCC,1787170429.0,22,LHX,Other / unmatched,False,GB,EU,Europe,53.349375,-2.279521,50.026706,8.55835,832.3063454508671
EDDF,departure,3c66ae,DLH55U,EDDF,LFMN,1787170394.0,1787175317,EDDF,LFMN,1787170394.0,22,DLH,Lufthansa,True,FR,EU,Europe,43.658401,7.21587,50.026706,8.55835,715.413528812061
EDDF,departure,3009b7,DLA6CM,EDDF,LIMC,1787170383.0,1787174062,EDDF,LIMC,1787170383.0,22,DLA,Air Dolomiti,True,IT,EU,Europe,45.6306,8.72811,50.026706,8.55835,488.98855027228177
EDDF,departure,4bcd81,SXS57V,EDDF,,1787170313.0,1787176605,EDDF,,1787170313.0,22,SXS,SunExpress,False,,,unknown,,,50.026706,8.55835,
EDDF,departure,3c65e2,DLH4UA,EDDF,BIKF,1787170290.0,1787181624,EDDF,BIKF,1787170290.0,22,DLH,Lufthansa,True,IS,EU,Europe,63.985001,-22.6056,50.026706,8.55835,2401.2520633495587
EDDF,departure,3c4a23,DLH796,EDDF,VHHH,1787170203.0,1787207931,EDDF,VHHH,1787170203.0,22,DLH,Lufthansa,True,HK,AS,Intercontinental,22.31184,113.914862,50.026706,8.55835,9154.167411204344
EDDF,departure,8964ff,ETD18M,EDDF,OMAA,1787170114.0,1787190327,EDDF,OMAA,1787170114.0,22,ETD,Etihad Airways,False,AE,AS,Intercontinental,24.440966,54.649237,50.026706,8.55835,4861.775914016736
EDDF,departure,3c6748,DLH206,EDDF,EDDB,1787170056.0,1787173142,EDDF,EDDB,1787170056.0,22,DLH,Lufthansa,True,DE,EU,Domestic,52.361738,13.502341,50.026706,8.55835,431.2414419348526
EDDF,departure,3c64a6,DLH1318,EDDF,DAAG,1787170026.0,1787177848,EDDF,DAAG,1787170026.0,22,DLH,Lufthansa,True,DZ,AF,Intercontinental,36.693886,3.214531,50.026706,8.55835,1543.1784419566834
EDDF,departure,3009b6,DLA37P,EDDF,LOWG,1787169955.0,1787173592,EDDF,LOWG,1787169955.0,22,DLA,Air Dolomiti,True,AT,EU,Europe,46.9911,15.4396,50.026706,8.55835,608.6388191939618
EDDF,departure,3003af,DLA5PW,EDDF,LIPX,1787169880.0,1787173378,EDDF,LIPX,1787169880.0,22,DLA,Air Dolomiti,True,IT,EU,Europe,45.394955,10.887303,50.026706,8.55835,543.6341504375941
EDDF,departure,3c64a4,DLH1456,EDDF,,1787169823.0,1787174819,EDDF,,1787169823.0,22,DLH,Lufthansa,True,,,unknown,,,50.026706,8.55835,
EDDF,departure,30055b,DLH5CK,EDDF,EPPO,1787169750.0,1787173123,EDDF,EPPO,1787169750.0,22,DLH,Lufthansa,True,PL,EU,Europe,52.421598,16.823359,50.026706,8.55835,633.6937581037554
EDDF,departure,3c666c,DLH1326,EDDF,,1787169693.0,1787176575,EDDF,,1787169693.0,22,DLH,Lufthansa,True,,,unknown,,,50.026706,8.55835,
EDDF,departure,3c644a,DLH078,EDDF,EDDL,1787169615.0,1787171709,EDDF,EDDL,1787169615.0,22,DLH,Lufthansa,True,DE,EU,Domestic,51.289501,6.76678,50.026706,8.55835,188.8433278657816
EDDF,departure,502d27,BEL5PR,EDDF,EBMB,1787169565.0,1787171979,EDDF,EBMB,1787169565.0,21,BEL,Brussels Airlines,True,BE,EU,Europe,50.913419,4.491005,50.026706,8.55835,304.2292270193259
EDDF,departure,3c65c1,DLH4PH,EDDF,EGLL,1787169524.0,1787173697,EDDF,EGLL,1787169524.0,21,DLH,Lufthansa,True,GB,EU,Europe,51.470748,-0.459909,50.026706,8.55835,654.0165397367234
EDDF,departure,3c64ab,DLH1560,EDDF,,1787169433.0,1787181109,EDDF,,1787169433.0,21,DLH,Lufthansa,True,,,unknown,,,50.026706,8.55835,
EDDF,departure,451d86,ASL75K,EDDF,LYBE,1787169342.0,1787174296,EDDF,LYBE,1787169342.0,21,ASL,Air Serbia,False,RS,EU,Europe,44.818401,20.309099,50.026706,8.55835,1054.9858217389628
EDDF,departure,3c65e4,DLH23C,EDDF,LPPT,1787169284.0,1787179325,EDDF,LPPT,1787169284.0,21,DLH,Lufthansa,True,PT,EU,Europe,38.7813,-9.13592,50.026706,8.55835,1872.7106698088141
EDDF,departure,44001b,AUA220A,EDDF,LOWW,1787169219.0,1787172944,EDDF,LOWW,1787169219.0,21,AUA,Austrian,True,AT,EU,Europe,48.110298,16.5697,50.026706,8.55835,620.9306611285796
EDDF,departure,3c6678,DLH8LP,EDDF,ENBR,1787169210.0,1787174805,EDDF,ENBR,1787169210.0,21,DLH,Lufthansa,True,NO,EU,Europe,60.2934,5.21814,50.026706,8.55835,1160.7779160377402
EDDF,departure,3006b5,DLH3YP,EDDF,LIML,1787169203.0,1787172870,EDDF,LIML,1787169203.0,21,DLH,Lufthansa,True,IT,EU,Europe,45.445099,9.27674,50.026706,8.55835,512.2693769170622
EDDF,departure,3c6550,LHX1090,EDDF,LFML,1787169150.0,1787174009,EDDF,LFML,1787169150.0,21,LHX,Other / unmatched,False,FR,EU,Europe,43.438088,5.2125,50.026706,8.55835,775.5217113531144
EDDF,departure,3c6551,LHX852,EDDF,EFHK,1787169048.0,1787175779,EDDF,EFHK,1787169048.0,21,LHX,Other / unmatched,False,FI,EU,Europe,60.318363,24.963341,50.026706,8.55835,1539.1314075144423
EDDF,departure,3c6670,DLH982,EDDF,EIDW,1787168978.0,1787175431,EDDF,EIDW,1787168978.0,21,DLH,Lufthansa,True,IE,EU,Europe,53.428713,-6.262121,50.026706,8.55835,1086.1211676842795
EDDF,departure,3c6635,DLH8HX,EDDF,LIRF,1787168970.0,1787173759,EDDF,LIRF,1787168970.0,21,DLH,Lufthansa,True,IT,EU,Europe,41.804532,12.251998,50.026706,8.55835,957.56108872809
EDDF,departure,3c6637,DLH1WL,EDDF,EDDH,1787168884.0,1787171501,EDDF,EDDH,1787168884.0,21,DLH,Lufthansa,True,DE,EU,Domestic,53.630402,9.98823,50.026706,8.55835,412.5616454312047
EDDF,departure,86da38,ANA224,EDDF,RJTT,1787168679.0,1787211610,EDDF,RJTT,1787168679.0,21,ANA,All Nippon Airways,False,JP,AS,Intercontinental,35.549678,139.786958,50.026706,8.55835,9362.506202768924
EDDF,departure,3c66a1,DLH958,EDDF,EGBB,1787168618.0,1787173282,EDDF,EGBB,1787168618.0,21,DLH,Lufthansa,True,GB,EU,Europe,52.453899,-1.74803,50.026706,8.55835,765.7189968549203
EDDF,departure,3c70cc,GEC8460,EDDF,,1787168558.0,1787207398,EDDF,,1787168558.0,21,GEC,Lufthansa Cargo,True,,,unknown,,,50.026706,8.55835,
EDDF,departure,8013c2,AIC2030,EDDF,VIDP,1787168535.0,1787202498,EDDF,VIDP,1787168535.0,21,AIC,Air India Limited,False,IN,AS,Intercontinental,28.55563,77.09519,50.026706,8.55835,6121.80807365195
EDDF,departure,502d79,SWR1LK,EDDF,LSZH,1787168430.0,1787170676,EDDF,LSZH,1787168430.0,21,SWR,Swiss,True,CH,EU,Europe,47.458056,8.548056,50.026706,8.55835,285.6218449218939
EDDF,departure,4bcda6,SXS2BB,EDDF,LTAI,1787168328.0,1787178930,EDDF,LTAI,1787168328.0,21,SXS,SunExpress,False,TR,AS,Intercontinental,36.898701,30.800501,50.026706,8.55835,2298.2344363312995
EDDF,departure,40838d,BAW909,EDDF,EGLL,1787168230.0,1787172318,EDDF,EGLL,1787168230.0,21,BAW,British Airways,False,GB,EU,Europe,51.470748,-0.459909,50.026706,8.55835,654.0165397367234
EDDF,departure,3c6583,DLH9AT,EDDF,LJLJ,1787168114.0,1787171469,EDDF,LJLJ,1787168114.0,21,DLH,Lufthansa,True,SI,EU,Europe,46.223701,14.4576,50.026706,8.55835,608.373527362607
EDDF,departure,3009b4,DLH4WN,EDDF,LIMF,1787168111.0,1787172304,EDDF,LIMF,1787168111.0,21,DLH,Lufthansa,True,IT,EU,Europe,45.200802,7.64963,50.026706,8.55835,540.9103631086111
EDDF,departure,3c65c7,DLH884,EDDF,EETN,1787168053.0,1787174192,EDDF,EETN,1787168053.0,21,DLH,Lufthansa,True,EE,EU,Europe,59.413246,24.83264,50.026706,8.55835,1469.6340797106222
EDDF,departure,3c6422,CFG8FN,EDDF,LEBL,1787168034.0,1787174490,EDDF,LEBL,1787168034.0,21,CFG,Condor Flugdienst,False,ES,EU,Europe,41.2971,2.07846,50.026706,8.55835,1092.5416501874115
EDDF,departure,3c6662,DLH48F,EDDF,,1787167946.0,1787173628,EDDF,,1787167946.0,21,DLH,Lufthansa,True,,,unknown,,,50.026706,8.55835,
EDDF,departure,3c65c6,DLH338,EDDF,,1787167939.0,1787173528,EDDF,,1787167939.0,21,DLH,Lufthansa,True,,,unknown,,,50.026706,8.55835,
EDDF,departure,3c64ae,DLH44C,EDDF,LPPR,1787167853.0,1787176897,EDDF,LPPR,1787167853.0,21,DLH,Lufthansa,True,PT,EU,Europe,41.2481002808,-8.68138980865,50.026706,8.55835,1651.6233885914048
EDDF,departure,4ca215,EIN65T,EDDF,EIDW,1787167774.0,1787174332,EDDF,EIDW,1787167774.0,21,EIN,Aer Lingus,False,IE,EU,Europe,53.428713,-6.262121,50.026706,8.55835,1086.1211676842795
EDDF,departure,88516b,THA923,EDDF,VHHH,1787167664.0,1787219186,EDDF,VHHH,1787167664.0,21,THA,Thai Airways International,False,HK,AS,Intercontinental,22.31184,113.914862,50.026706,8.55835,9154.167411204344
EDDF,departure,3c65e1,DLH05H,EDDF,LEBL,1787167620.0,1787174039,EDDF,LEBL,1787167620.0,21,DLH,Lufthansa,True,ES,EU,Europe,41.2971,2.07846,50.026706,8.55835,1092.5416501874115
EDDF,departure,3c65d8,DLH73U,EDDF,LFPG,1787167517.0,1787170756,EDDF,LFPG,1787167517.0,21,DLH,Lufthansa,True,FR,EU,Europe,49.00896,2.554117,50.026706,8.55835,447.8305266654691
EDDF,departure,4b17fb,SWR2MB,EDDF,LSGG,1787167487.0,1787171212,EDDF,LSGG,1787167487.0,21,SWR,Swiss,True,CH,EU,Europe,46.238098,6.10895,50.026706,8.55835,458.75348003207523
EDDF,departure,3c6758,DLH8AH,EDDF,LMML,1787167449.0,1787175877,EDDF,LMML,1787167449.0,21,DLH,Lufthansa,True,MT,EU,Europe,35.845932,14.491546,50.026706,8.55835,1647.813282230987
EDDF,departure,3c65cd,DLH04U,EDDF,LEVC,1787167320.0,1787175672,EDDF,LEVC,1787167320.0,21,DLH,Lufthansa,True,ES,EU,Europe,39.489162,-0.480961,50.026706,8.55835,1369.719226703799
EDDF,departure,3c667a,DLH2HK,EDDF,EHAM,1787167232.0,1787170097,EDDF,EHAM,1787167232.0,21,DLH,Lufthansa,True,NL,EU,Europe,52.308601,4.76389,50.026706,8.55835,366.48146892987825
EDDF,departure,440c31,EJU79JH,EDDF,LIRF,1787167185.0,1787172238,EDDF,LIRF,1787167185.0,21,EJU,easyJet,False,IT,EU,Europe,41.804532,12.251998,50.026706,8.55835,957.56108872809
EDDF,departure,3c6482,DLH7LV,EDDF,LQVI,1787167172.0,1787171535,EDDF,LQVI,1787167172.0,21,DLH,Lufthansa,True,BA,EU,Europe,44.025059,18.097114,50.026706,8.55835,982.5166294346697
EDDF,departure,300738,DLH5JL,EDDF,EPWR,1787167023.0,1787170175,EDDF,EPWR,1787167023.0,21,DLH,Lufthansa,True,PL,EU,Europe,51.103719,16.882096,50.026706,8.55835,599.6391823914247
EDDF,departure,300781,DLA1KF,EDDF,LIPQ,1787166935.0,1787170501,EDDF,LIPQ,1787166935.0,21,DLA,Air Dolomiti,True,IT,EU,Europe,45.827862,13.466672,50.026706,8.55835,592.7958875625773
EDDF,departure,3c6586,DLH1556,EDDF,,1787166834.0,1787172323,EDDF,,1787166834.0,21,DLH,Lufthansa,True,,,unknown,,,50.026706,8.55835,
EDDF,departure,3c65d6,DLH7YA,EDDF,EPWA,1787166639.0,1787170811,EDDF,EPWA,1787166639.0,21,DLH,Lufthansa,True,PL,EU,Europe,52.165699,20.9671,50.026706,8.55835,897.3150269277251
EDDF,departure,501e83,CTN415,EDDF,LDZA,1787166330.0,1787170033,EDDF,LDZA,1787166330.0,21,CTN,Croatia Airlines,False,HR,EU,Europe,45.742901,16.0688,50.026706,8.55835,734.5935005052726
EDDF,departure,3c6751,DLH892,EDDF,EVRA,1787165884.0,1787171838,EDDF,EVRA,1787165884.0,20,DLH,Lufthansa,True,LV,EU,Europe,56.920752,23.970711,50.026706,8.55835,1271.1934455558473
EDDF,departure,3c648c,DLH1CJ,EDDF,EPGD,1787165856.0,1787170426,EDDF,EPGD,1787165856.0,20,DLH,Lufthansa,True,PL,EU,Europe,54.377602,18.4662,50.026706,8.55835,829.4250208915726
EDDF,departure,471a7f,JUP111,EDDF,EGBB,1787165714.0,1787172763,EDDF,EGBB,1787165714.0,20,JUP,Other / unmatched,False,GB,EU,Europe,52.453899,-1.74803,50.026706,8.55835,765.7189968549203
EDDF,departure,abc591,FDX3,EDDF,KMEM,1787165418.0,1787200363,EDDF,KMEM,1787165418.0,20,FDX,Federal Express,False,US,,Intercontinental,35.043845,-89.97634,50.026706,8.55835,7647.785941555087
EDDF,departure,4692cd,AEE3FU,EDDF,LGTS,1787164745.0,1787172055,EDDF,LGTS,1787164745.0,20,AEE,Aegean Airlines,False,GR,EU,Europe,40.51928,22.970009,50.026706,8.55835,1540.8276704959915
EDDF,departure,3c7a49,CFG2366,EDDF,VTBS,1787164647.0,1787202141,EDDF,VTBS,1787164647.0,20,CFG,Condor Flugdienst,False,TH,AS,Intercontinental,13.6811,100.747002,50.026706,8.55835,9000.45962844498
EDDF,departure,800734,AIC2028,EDDF,VABB,1787164610.0,1787196828,EDDF,VABB,1787164610.0,20,AIC,Air India Limited,False,IN,AS,Intercontinental,19.088699,72.867897,50.026706,8.55835,6569.667217474484
EDDF,departure,3c6746,DLH898,EDDF,EYVI,1787164471.0,1787170881,EDDF,EYVI,1787164471.0,20,DLH,Lufthansa,True,LT,EU,Europe,54.634102,25.285801,50.026706,8.55835,1242.7890185646338
EDDF,departure,3c65da,DLH7WK,EDDF,LROP,1787164470.0,1787170728,EDDF,LROP,1787164470.0,20,DLH,Lufthansa,True,RO,EU,Europe,44.571792,26.103285,50.026706,8.55835,1450.8551268606066
EDDF,departure,4aca7a,SAS94J,EDDF,EKCH,1787164395.0,1787168242,EDDF,EKCH,1787164395.0,20,SAS,Scandinavian Airlines System,False,DK,EU,Europe,55.617900848389,12.656000137329,50.026706,8.55835,679.6633259560357
EDDF,departure,86e430,JAL408,EDDF,RJAA,1787164361.0,1787207409,EDDF,RJAA,1787164361.0,20,JAL,Japan Airlines Domestic,False,JP,AS,Intercontinental,35.76858,140.388714,50.026706,8.55835,9367.47805681632
EDDF,departure,3c79ba,CFG1CD,EDDF,EDDB,1787164263.0,1787166824,EDDF,EDDB,1787164263.0,20,CFG,Condor Flugdienst,False,DE,EU,Domestic,52.361738,13.502341,50.026706,8.55835,431.2414419348526
EDDF,departure,502db4,SWR1AM,EDDF,LSZH,1787164176.0,1787166323,EDDF,LSZH,1787164176.0,20,SWR,Swiss,True,CH,EU,Europe,47.458056,8.548056,50.026706,8.55835,285.6218449218939
EDDF,departure,4bcd84,SXS23Q,EDDF,,1787164125.0,1787172555,EDDF,,1787164125.0,20,SXS,SunExpress,False,,,unknown,,,50.026706,8.55835,
EDDF,departure,3c786c,CFG9KE,EDDF,LKPR,1787164021.0,1787166482,EDDF,LKPR,1787164021.0,20,CFG,Condor Flugdienst,False,CZ,EU,Europe,50.100874,14.259911,50.026706,8.55835,406.96118852195696
EDDF,departure,45cab6,DTR198,EDDF,LOLW,1787163872.0,1787167283,EDDF,LOLW,1787163872.0,20,DTR,DAT Danish Air Transport,False,AT,EU,Europe,48.182513,14.039283,50.026706,8.55835,448.45438201646084
EDDF,departure,3c6475,CFG2YN,EDDF,EDDH,1787163818.0,1787166936,EDDF,EDDH,1787163818.0,20,CFG,Condor Flugdienst,False,DE,EU,Domestic,53.630402,9.98823,50.026706,8.55835,412.5616454312047
EDDF,departure,48af01,LOT2PC,EDDF,EPWA,1787163775.0,1787168051,EDDF,EPWA,1787163775.0,20,LOT,LOT Polish Airlines,False,PL,EU,Europe,52.165699,20.9671,50.026706,8.55835,897.3150269277251
EDDF,departure,3c6483,DLH7EC,EDDF,EDDM,1787163741.0,1787165951,EDDF,EDDM,1787163741.0,20,DLH,Lufthansa,True,DE,EU,Domestic,48.353802,11.7861,50.026706,8.55835,299.3253023081836
EDDF,departure,7808ac,CCA932,EDDF,,1787163604.0,1787183995,EDDF,,1787163604.0,20,CCA,Air China,False,,,unknown,,,50.026706,8.55835,
EDDF,departure,440248,EJU71EJ,EDDF,LIML,1787163579.0,1787167108,EDDF,LIML,1787163579.0,20,EJU,easyJet,False,IT,EU,Europe,45.445099,9.27674,50.026706,8.55835,512.2693769170622
EDDF,departure,501c2f,CFG4339,EDDF,,1787163510.0,1787174729,EDDF,,1787163510.0,20,CFG,Condor Flugdienst,False,,,unknown,,,50.026706,8.55835,
EDDF,departure,4b19fe,CFG8WJ,EDDF,LSZH,1787163446.0,1787165630,EDDF,LSZH,1787163446.0,20,CFG,Condor Flugdienst,False,CH,EU,Europe,47.458056,8.548056,50.026706,8.55835,285.6218449218939
EDDF,departure,71c210,KAL946,EDDF,RKSI,1787163320.0,1787200896,EDDF,RKSI,1787163320.0,20,KAL,Korean Air,False,KR,AS,Intercontinental,37.469101,126.450996,50.026706,8.55835,8544.290614666657
EDDF,departure,3c654a,LHX1MY,EDDF,EGLL,1787163313.0,1787167561,EDDF,EGLL,1787163313.0,20,LHX,Other / unmatched,False,GB,EU,Europe,51.470748,-0.459909,50.026706,8.55835,654.0165397367234
EDDF,departure,3c64af,DLH34J,EDDF,LPPT,1787163273.0,1787173814,EDDF,LPPT,1787163273.0,20,DLH,Lufthansa,True,PT,EU,Europe,38.7813,-9.13592,50.026706,8.55835,1872.7106698088141
EDDF,departure,4b19fd,CFG4105,EDDF,HEAZ,1787163210.0,1787176567,EDDF,HEAZ,1787163210.0,20,CFG,Condor Flugdienst,False,EG,AF,Intercontinental,30.091702,31.359739,50.026706,8.55835,2922.1787137895176
EDDF,departure,3c6473,CFG6FA,EDDF,LIPZ,1787163144.0,1787166603,EDDF,LIPZ,1787163144.0,20,CFG,Condor Flugdienst,False,IT,EU,Europe,45.505299,12.3519,50.026706,8.55835,577.0149776234636
EDDF,departure,3451d8,ANE60XM,EDDF,LEMD,1787162953.0,1787170970,EDDF,LEMD,1787162953.0,20,ANE,Air Nostrum,False,ES,EU,Europe,40.493407,-3.572249,50.026706,8.55835,1419.5153635411198
EDDF,departure,780c9e,CCA957,EDDF,EDDF,1787162933.0,1787240334,EDDF,EDDF,1787162933.0,20,CCA,Air China,False,DE,EU,Domestic,50.026706,8.55835,50.026706,8.55835,0.0
EDDF,departure,3c0acb,CFG5CJ,EDDF,LIRF,1787162850.0,1787167978,EDDF,LIRF,1787162850.0,20,CFG,Condor Flugdienst,False,IT,EU,Europe,41.804532,12.251998,50.026706,8.55835,957.56108872809
EDDF,departure,3c6668,DLH202,EDDF,EDDB,1787162737.0,1787165238,EDDF,EDDB,1787162737.0,20,DLH,Lufthansa,True,DE,EU,Domestic,52.361738,13.502341,50.026706,8.55835,431.2414419348526
EDDF,departure,70c0ee,OMA118,EDDF,,1787162546.0,1787183370,EDDF,,1787162546.0,20,OMA,Oman Air,False,,,unknown,,,50.026706,8.55835,
EDDF,departure,3c6474,CFG3DJ,EDDF,LFPG,1787162462.0,1787165495,EDDF,LFPG,1787162462.0,20,CFG,Condor Flugdienst,False,FR,EU,Europe,49.00896,2.554117,50.026706,8.55835,447.8305266654691
EDDF,departure,3c0ac6,CFG5NW,EDDF,LOWW,1787162384.0,1787165572,EDDF,LOWW,1787162384.0,19,CFG,Condor Flugdienst,False,AT,EU,Europe,48.110298,16.5697,50.026706,8.55835,620.9306611285796
EDDF,departure,501c2d,CFG9CN,EDDF,LHBP,1787162212.0,1787165995,EDDF,LHBP,1787162212.0,19,CFG,Condor Flugdienst,False,HU,EU,Europe,47.43018,19.262393,50.026706,8.55835,835.6031637955549
EDDF,departure,3c7a50,CFG282,EDDF,,1787161984.0,1787175599,EDDF,,1787161984.0,19,CFG,Condor Flugdienst,False,,,unknown,,,50.026706,8.55835,
EDDF,departure,3c64b0,DLH1UT,EDDF,LBLS,1787161871.0,1787168544,EDDF,LBLS,1787161871.0,19,DLH,Lufthansa,True,BG,EU,Europe,42.632465,23.650102,50.026706,8.55835,1416.5708134007305
EDDF,departure,4bc8d0,PGT66F,EDDF,LTFJ,1787161752.0,1787170147,EDDF,LTFJ,1787161752.0,19,PGT,Pegasus Airlines,False,TR,AS,Intercontinental,40.898602,29.3092,50.026706,8.55835,1900.509619423325
EDDF,departure,440669,AUA2RG,EDDF,LOWW,1787161146.0,1787164581,EDDF,LOWW,1787161146.0,19,AUA,Austrian,True,AT,EU,Europe,48.110298,16.5697,50.026706,8.55835,620.9306611285796
EDDF,departure,3c4597,BOX618,EDDF,VOBL,1787161100.0,1787190951,EDDF,VOBL,1787161100.0,19,BOX,Tiphook PLC,False,IN,AS,Intercontinental,13.1979,77.706299,50.026706,8.55835,7402.408475358543
EDDF,departure,06a140,QTR8236,EDDF,OTHH,1787160990.0,1787180516,EDDF,OTHH,1787160990.0,19,QTR,Qatar Airways,False,QA,AS,Intercontinental,25.273056,51.608056,50.026706,8.55835,4588.088807286664
EDDF,departure,781da5,CCA936,EDDF,,1787160850.0,1787190984,EDDF,,1787160850.0,19,CCA,Air China,False,,,unknown,,,50.026706,8.55835,
EDDF,departure,02a1ac,LBT247,EDDF,,1787160783.0,1787167697,EDDF,,1787160783.0,19,LBT,Nouvel Air Tunisie,False,,,unknown,,,50.026706,8.55835,
EDDF,departure,461f6c,FIN1LP,EDDF,EFHK,1787160720.0,1787167672,EDDF,EFHK,1787160720.0,19,FIN,Finnair,False,FI,EU,Europe,60.318363,24.963341,50.026706,8.55835,1539.1314075144423
EDDF,departure,4baa87,THY6MG,EDDF,,1787160694.0,1787168198,EDDF,,1787160694.0,19,THY,Turkish Airlines,False,,,unknown,,,50.026706,8.55835,
EDDF,departure,706071,KAC171,EDDF,EDDM,1787160558.0,1787162622,EDDF,EDDM,1787160558.0,19,KAC,Kuwait Airways,False,DE,EU,Domestic,48.353802,11.7861,50.026706,8.55835,299.3253023081836
EDDF,departure,601829,TUA803,EDDF,WMKK,1787160460.0,1787217167,EDDF,WMKK,1787160460.0,19,TUA,Turkmenistan Airlines,False,MY,AS,Intercontinental,2.74558,101.709999,50.026706,8.55835,9998.438526276539
EDDF,departure,3c6752,DLH5MX,EDDF,EDDM,1787159996.0,1787162129,EDDF,EDDM,1787159996.0,19,DLH,Lufthansa,True,DE,EU,Domestic,48.353802,11.7861,50.026706,8.55835,299.3253023081836
EDDF,departure,348085,AEA87NM,EDDF,LEMD,1787159942.0,1787167790,EDDF,LEMD,1787159942.0,19,AEA,Air Europa,False,ES,EU,Europe,40.493407,-3.572249,50.026706,8.55835,1419.5153635411198
EDDF,departure,4bce03,SXS7HB,EDDF,LTFE,1787159824.0,1787169736,EDDF,LTFE,1787159824.0,19,SXS,SunExpress,False,TR,AS,Intercontinental,37.249314,27.66401,50.026706,8.55835,2082.168402188991
EDDF,departure,3c6753,DLH1WP,EDDF,EDDH,1787159493.0,1787162105,EDDF,EDDH,1787159493.0,19,DLH,Lufthansa,True,DE,EU,Domestic,53.630402,9.98823,50.026706,8.55835,412.5616454312047
EDDF,departure,06a30a,QTR8147,EDDF,MMJC,1787159325.0,1787201477,EDDF,MMJC,1787159325.0,19,QTR,Qatar Airways,False,MX,,Intercontinental,19.574155,-99.291183,50.026706,8.55835,9553.486735814791
EDDF,departure,4692d3,AEE3FT,EDDF,LGAV,1787159250.0,1787168165,EDDF,LGAV,1787159250.0,19,AEE,Aegean Airlines,False,GR,EU,Europe,37.936401,23.9445,50.026706,8.55835,1815.79438210604
EDDF,departure,a31a34,UAL927,EDDF,KSFO,1787159225.0,1787197799,EDDF,KSFO,1787159225.0,19,UAL,United Airlines,False,US,,Intercontinental,37.619806,-122.374821,50.026706,8.55835,9148.68295273629
EDDF,departure,4d24e6,EWG61FB,EDDF,,1787158833.0,1787164569,EDDF,,1787158833.0,19,EWG,Eurowings,True,,,unknown,,,50.026706,8.55835,
EDDF,departure,485206,KLM46V,EDDF,EHAM,1787158664.0,1787161630,EDDF,EHAM,1787158664.0,18,KLM,KLM Royal Dutch Airlines,False,NL,EU,Europe,52.308601,4.76389,50.026706,8.55835,366.48146892987825
EDDF,departure,3c4589,BOX442,EDDF,CYYZ,1787158480.0,1787187499,EDDF,CYYZ,1787158480.0,18,BOX,Tiphook PLC,False,CA,,Intercontinental,43.675935,-79.629421,50.026706,8.55835,6343.611622614194
EDDF,departure,4cac0f,KZR922,EDDF,,1787158369.0,1787171331,EDDF,,1787158369.0,18,KZR,Air Astana,False,,,unknown,,,50.026706,8.55835,
EDDF,departure,4bb025,TKJ4SG,EDDF,,1787158268.0,1787166054,EDDF,,1787158268.0,18,TKJ,Other / unmatched,False,,,unknown,,,50.026706,8.55835,
EDDF,departure,4cad5c,ITY407,EDDF,LIRF,1787157948.0,1787163198,EDDF,LIRF,1787157948.0,18,ITY,ITA Airways,False,IT,EU,Europe,41.804532,12.251998,50.026706,8.55835,957.56108872809
EDDF,departure,782409,CKK216,EDDF,,1787157834.0,1787190297,EDDF,,1787157834.0,18,CKK,China Cargo Airlines,False,,,unknown,,,50.026706,8.55835,
EDDF,departure,3c6917,CFG3NL,EDDF,EGKK,1787157630.0,1787162428,EDDF,EGKK,1787157630.0,18,CFG,Condor Flugdienst,False,GB,EU,Europe,51.148744,-0.185739,50.026706,8.55835,629.3869802008804
EDDF,departure,3c656f,OCN74,EDDF,CYHZ,1787157469.0,1787182145,EDDF,CYHZ,1787157469.0,18,OCN,Discover Airlines,True,CA,,Intercontinental,44.8807983398,-63.5085983276,50.026706,8.55835,5235.544983719479
EDDF,departure,71c226,KAL530,EDDF,,1787157350.0,1787190984,EDDF,,1787157350.0,18,KAL,Korean Air,False,,,unknown,,,50.026706,8.55835,
EDDF,departure,4692d6,AEE4FA,EDDF,,1787157257.0,1787166333,EDDF,,1787157257.0,18,AEE,Aegean Airlines,False,,,unknown,,,50.026706,8.55835,
EDDF,departure,4ba904,TKJ70Z,EDDF,LTFJ,1787157021.0,1787165419,EDDF,LTFJ,1787157021.0,18,TKJ,Other / unmatched,False,TR,AS,Intercontinental,40.898602,29.3092,50.026706,8.55835,1900.509619423325
EDDF,departure,3c6658,DLH2NJ,EDDF,LSZH,1787156928.0,1787159513,EDDF,LSZH,1787156928.0,18,DLH,Lufthansa,True,CH,EU,Europe,47.458056,8.548056,50.026706,8.55835,285.6218449218939
EDDF,departure,3c64b1,DLH690,EDDF,LLBG,1787156880.0,1787169804,EDDF,LLBG,1787156880.0,18,DLH,Lufthansa,True,IL,AS,Intercontinental,32.011398,34.8867,50.026706,8.55835,2953.345743527266
EDDF,departure,3c66e8,OCN4EK,EDDF,,1787156773.0,1787160528,EDDF,,1787156773.0,18,OCN,Discover Airlines,True,,,unknown,,,50.026706,8.55835,
EDDF,departure,3c6742,DLH6RX,EDDF,EDDM,1787156550.0,1787158647,EDDF,EDDM,1787156550.0,18,DLH,Lufthansa,True,DE,EU,Domestic,48.353802,11.7861,50.026706,8.55835,299.3253023081836
EDDF,departure,0201c0,RAM811D,EDDF,,1787156425.0,1787167476,EDDF,,1787156425.0,18,RAM,Royal Air Maroc,False,,,unknown,,,50.026706,8.55835,
EDDF,departure,3c6663,DLH11F,EDDF,LEBL,1787156340.0,1787162797,EDDF,LEBL,1787156340.0,18,DLH,Lufthansa,True,ES,EU,Europe,41.2971,2.07846,50.026706,8.55835,1092.5416501874115
EDDF,departure,3c65c9,DLH918,EDDF,EGLL,1787155921.0,1787160134,EDDF,EGLL,1787155921.0,18,DLH,Lufthansa,True,GB,EU,Europe,51.470748,-0.459909,50.026706,8.55835,654.0165397367234
EDDF,departure,4bb875,PGT93L,EDDF,,1787155893.0,1787164169,EDDF,,1787155893.0,18,PGT,Pegasus Airlines,False,,,unknown,,,50.026706,8.55835,
EDDF,departure,781940,CSN462,EDDF,,1787155821.0,1787188106,EDDF,,1787155821.0,18,CSN,China Southern Airlines,False,,,unknown,,,50.026706,8.55835,
EDDF,departure,3c64ef,DLH420,EDDF,KBOS,1787155629.0,1787185109,EDDF,KBOS,1787155629.0,18,DLH,Lufthansa,True,US,,Intercontinental,42.36197,-71.0079,50.026706,8.55835,5889.157061507477
EDDF,departure,501c3b,CTN19H,EDDF,LDZI,1787155538.0,1787159086,EDDF,LDZI,1787155538.0,18,CTN,Croatia Airlines,False,HR,EU,Europe,45.719874,16.343272,50.026706,8.55835,751.9781143313706
EDDF,departure,4bc88a,PGT56HD,EDDF,,1787155424.0,1787163444,EDDF,,1787155424.0,18,PGT,Pegasus Airlines,False,,,unknown,,,50.026706,8.55835,
EDDF,departure,3cce03,DWW703,EDDF,LIRQ,1787155325.0,1787160079,EDDF,LIRQ,1787155325.0,18,DWW,Jet Courier Service,False,IT,EU,Europe,43.808558,11.202822,50.026706,8.55835,719.8838207762309
EDDF,departure,c058bf,ACA847,EDDF,CYUL,1787155020.0,1787181132,EDDF,CYUL,1787155020.0,17,ACA,Air Canada,False,CA,,Intercontinental,45.467837,-73.742294,50.026706,8.55835,5854.631765664902
EDDF,departure,3c6741,DLH1KY,EDDF,EDDB,1787154872.0,1787157485,EDDF,EDDB,1787154872.0,17,DLH,Lufthansa,True,DE,EU,Domestic,52.361738,13.502341,50.026706,8.55835,431.2414419348526
EDDF,departure,3c64f7,DLH432,EDDF,KORD,1787154749.0,1787187982,EDDF,KORD,1787154749.0,17,DLH,Lufthansa,True,US,,Intercontinental,41.9786,-87.9048,50.026706,8.55835,6970.7490959780225
EDDF,departure,3009b3,DLA2RL,EDDF,EGLC,1787154420.0,1787158559,EDDF,EGLC,1787154420.0,17,DLA,Air Dolomiti,True,GB,EU,Europe,51.505299,0.055278,50.026706,8.55835,619.8008219903955
EDDF,departure,3c64fa,DLH404,EDDF,KJFK,1787154260.0,1787183976,EDDF,KJFK,1787154260.0,17,DLH,Lufthansa,True,US,,Intercontinental,40.639447,-73.779317,50.026706,8.55835,6189.00001804495
EDDF,departure,3c65c5,DLH8NK,EDDF,EDDM,1787154181.0,1787156205,EDDF,EDDM,1787154181.0,17,DLH,Lufthansa,True,DE,EU,Domestic,48.353802,11.7861,50.026706,8.55835,299.3253023081836
EDDF,departure,48ad09,LOT378,EDDF,EPWA,1787154038.0,1787158664,EDDF,EPWA,1787154038.0,17,LOT,LOT Polish Airlines,False,PL,EU,Europe,52.165699,20.9671,50.026706,8.55835,897.3150269277251
EDDF,departure,3c648a,DLH1304,EDDF,,1787154037.0,1787161488,EDDF,,1787154037.0,17,DLH,Lufthansa,True,,,unknown,,,50.026706,8.55835,
EDDF,departure,3c66eb,DLH5RX,EDDF,EPWA,1787153970.0,1787158224,EDDF,EPWA,1787153970.0,17,DLH,Lufthansa,True,PL,EU,Europe,52.165699,20.9671,50.026706,8.55835,897.3150269277251
EDDF,departure,440668,AUA214P,EDDF,LOWW,1787153915.0,1787157216,EDDF,LOWW,1787153915.0,17,AUA,Austrian,True,AT,EU,Europe,48.110298,16.5697,50.026706,8.55835,620.9306611285796
EDDF,departure,3c6641,DLH74U,EDDF,LEMD,1787153904.0,1787161935,EDDF,LEMD,1787153904.0,17,DLH,Lufthansa,True,ES,EU,Europe,40.493407,-3.572249,50.026706,8.55835,1419.5153635411198
EDDF,departure,aa9300,UAL933,EDDF,KIAD,1787153884.0,1787184458,EDDF,KIAD,1787153884.0,17,UAL,United Airlines,False,US,,Intercontinental,38.9445,-77.455803,50.026706,8.55835,6550.152063137044
EDDF,departure,06a2e9,QTR2G,EDDF,OTHH,1787153804.0,1787173196,EDDF,OTHH,1787153804.0,17,QTR,Qatar Airways,False,QA,AS,Intercontinental,25.273056,51.608056,50.026706,8.55835,4588.088807286664
EDDF,departure,3c65c6,DLH3CT,EDDF,EHAM,1787153796.0,1787156609,EDDF,EHAM,1787153796.0,17,DLH,Lufthansa,True,NL,EU,Europe,52.308601,4.76389,50.026706,8.55835,366.48146892987825
EDDF,departure,3009b7,DLH278,EDDF,LIML,1787153743.0,1787156958,EDDF,LIML,1787153743.0,17,DLH,Lufthansa,True,IT,EU,Europe,45.445099,9.27674,50.026706,8.55835,512.2693769170622
EDDF,departure,3c6757,DLH830,EDDF,EKCH,1787153670.0,1787157233,EDDF,EKCH,1787153670.0,17,DLH,Lufthansa,True,DK,EU,Europe,55.617900848389,12.656000137329,50.026706,8.55835,679.6633259560357
EDDF,departure,3006b5,DLA7MT,EDDF,ELLX,1787153664.0,1787155197,EDDF,ELLX,1787153664.0,17,DLA,Air Dolomiti,True,LU,EU,Europe,49.626845,6.212134,50.026706,8.55835,174.064410926245
EDDF,departure,3c6634,DLH1LA,EDDF,ESGG,1787153557.0,1787157839,EDDF,ESGG,1787153557.0,17,DLH,Lufthansa,True,SE,EU,Europe,57.6628,12.2798,50.026706,8.55835,883.1568466070247
EDDF,departure,3c70c4,GEC8290,EDDF,LLBG,1787153555.0,1787166156,EDDF,LLBG,1787153555.0,17,GEC,Lufthansa Cargo,True,IL,AS,Intercontinental,32.011398,34.8867,50.026706,8.55835,2953.345743527266
EDDF,departure,3c5434,BCS6360,EDDF,LEMD,1787153473.0,1787161254,EDDF,LEMD,1787153473.0,17,BCS,European Air Transport,False,ES,EU,Europe,40.493407,-3.572249,50.026706,8.55835,1419.5153635411198
EDDF,departure,3c658e,DLH05K,EDDF,LOWS,1787153401.0,1787155605,EDDF,LOWS,1787153401.0,17,DLH,Lufthansa,True,AT,EU,Europe,47.793301,13.0043,50.026706,8.55835,408.8410070324141
EDDF,departure,440284,SKV615,EDDF,EDDW,1787153340.0,1787155528,EDDF,EDDW,1787153340.0,17,SKV,Sky Regional Airlines,False,DE,EU,Domestic,53.046786,8.78932,50.026706,8.55835,336.1968204309194
EDDF,departure,896626,UAE44,EDDF,OMDB,1787153239.0,1787175157,EDDF,OMDB,1787153239.0,17,UAE,Emirates,False,AE,AS,Intercontinental,25.24979,55.370992,50.026706,8.55835,4844.5225736276
EDDF,departure,3c654e,LHX3KR,EDDF,EGLL,1787153130.0,1787157449,EDDF,EGLL,1787153130.0,17,LHX,Other / unmatched,False,GB,EU,Europe,51.470748,-0.459909,50.026706,8.55835,654.0165397367234
EDDF,departure,3c6446,DLH2VV,EDDF,LKPR,1787153116.0,1787155576,EDDF,LKPR,1787153116.0,17,DLH,Lufthansa,True,CZ,EU,Europe,50.100874,14.259911,50.026706,8.55835,406.96118852195696
EDDF,departure,3c65d6,DLH4RP,EDDF,EDDV,1787153001.0,1787155128,EDDF,EDDV,1787153001.0,17,DLH,Lufthansa,True,DE,EU,Domestic,52.461102,9.68508,50.026706,8.55835,281.8162021932354
EDDF,departure,3c6485,DLH6TV,EDDF,LGAV,1787152987.0,1787161625,EDDF,LGAV,1787152987.0,17,DLH,Lufthansa,True,GR,EU,Europe,37.936401,23.9445,50.026706,8.55835,1815.79438210604
EDDF,departure,c058c0,ACA843,EDDF,CYYZ,1787152896.0,1787181786,EDDF,CYYZ,1787152896.0,17,ACA,Air Canada,False,CA,,Intercontinental,43.675935,-79.629421,50.026706,8.55835,6343.611622614194
EDDF,departure,3c65d8,DLH6YM,EDDF,EDDN,1787152865.0,1787154329,EDDF,EDDN,1787152865.0,17,DLH,Lufthansa,True,DE,EU,Domestic,49.498699,11.078056,50.026706,8.55835,190.2564158127778
EDDF,departure,3c6751,DLH076,EDDF,EDDL,1787152760.0,1787154479,EDDF,EDDL,1787152760.0,17,DLH,Lufthansa,True,DE,EU,Domestic,51.289501,6.76678,50.026706,8.55835,188.8433278657816
EDDF,departure,3c6637,DLH7AC,EDDF,EDDP,1787152639.0,1787154689,EDDF,EDDP,1787152639.0,17,DLH,Lufthansa,True,DE,EU,Domestic,51.420657,12.232705,50.026706,8.55835,301.484335885831
EDDF,departure,3c6589,DLH5EF,EDDF,EGBB,1787152542.0,1787156927,EDDF,EGBB,1787152542.0,17,DLH,Lufthansa,True,GB,EU,Europe,52.453899,-1.74803,50.026706,8.55835,765.7189968549203
EDDF,departure,3009b2,DLA8MM,EDDF,LIRQ,1787152509.0,1787156882,EDDF,LIRQ,1787152509.0,17,DLA,Air Dolomiti,True,IT,EU,Europe,43.808558,11.202822,50.026706,8.55835,719.8838207762309
EDDF,departure,3c6671,DLH2FF,EDDF,LIMC,1787152458.0,1787155537,EDDF,LIMC,1787152458.0,17,DLH,Lufthansa,True,IT,EU,Europe,45.6306,8.72811,50.026706,8.55835,488.98855027228177
EDDF,departure,3c65ca,DLH612,EDDF,,1787152388.0,1787165483,EDDF,,1787152388.0,17,DLH,Lufthansa,True,,,unknown,,,50.026706,8.55835,
EDDF,departure,3c648b,DLH4XK,EDDF,EDDH,1787152297.0,1787154915,EDDF,EDDH,1787152297.0,17,DLH,Lufthansa,True,DE,EU,Domestic,53.630402,9.98823,50.026706,8.55835,412.5616454312047
EDDF,departure,3c6678,DLH88H,EDDF,LFPG,1787152281.0,1787155467,EDDF,LFPG,1787152281.0,17,DLH,Lufthansa,True,FR,EU,Europe,49.00896,2.554117,50.026706,8.55835,447.8305266654691
EDDF,departure,3c6586,DLH2PP,EDDF,LSZH,1787152204.0,1787154149,EDDF,LSZH,1787152204.0,17,DLH,Lufthansa,True,CH,EU,Europe,47.458056,8.548056,50.026706,8.55835,285.6218449218939
EDDF,departure,3c6754,DLH5PL,EDDF,EPKK,1787152174.0,1787156410,EDDF,EPKK,1787152174.0,17,DLH,Lufthansa,True,PL,EU,Europe,50.077702,19.7848,50.026706,8.55835,800.8011485417
EDDF,departure,3c6746,DLH066,EDDF,EDDC,1787152146.0,1787154584,EDDF,EDDC,1787152146.0,17,DLH,Lufthansa,True,DE,EU,Domestic,51.134123,13.767831,50.026706,8.55835,387.7951333669981
EDDF,departure,3c6449,DLH9CH,EDDF,LIPZ,1787152071.0,1787155294,EDDF,LIPZ,1787152071.0,17,DLH,Lufthansa,True,IT,EU,Europe,45.505299,12.3519,50.026706,8.55835,577.0149776234636
EDDF,departure,3c658d,DLH8AU,EDDF,EKBI,1787151965.0,1787155383,EDDF,EKBI,1787151965.0,17,DLH,Lufthansa,True,DK,EU,Europe,55.740335,9.157019,50.026706,8.55835,636.5886595105571
EDDF,departure,3c7983,CFG2TL,EDDF,,1787151905.0,1787157660,EDDF,,1787151905.0,17,CFG,Condor Flugdienst,False,,,unknown,,,50.026706,8.55835,
EDDF,departure,3c7a47,CFG314,EDDF,,1787151808.0,1787164549,EDDF,,1787151808.0,17,CFG,Condor Flugdienst,False,,,unknown,,,50.026706,8.55835,
EDDF,departure,3c6551,LHX194,EDDF,EDDB,1787151804.0,1787154653,EDDF,EDDB,1787151804.0,17,LHX,Other / unmatched,False,DE,EU,Domestic,52.361738,13.502341,50.026706,8.55835,431.2414419348526
EDDF,departure,3c674f,DLH9YW,EDDF,EGCC,1787151639.0,1787156819,EDDF,EGCC,1787151639.0,17,DLH,Lufthansa,True,GB,EU,Europe,53.349375,-2.279521,50.026706,8.55835,832.3063454508671
EDDF,departure,4d02c1,JFA26H,EDDF,EBLG,1787151602.0,1787154059,EDDF,EBLG,1787151602.0,17,JFA,Other / unmatched,False,BE,EU,Europe,50.638574,5.443897,50.026706,8.55835,231.27301690701063
EDDF,departure,3c66e1,DLH6HE,EDDF,LHBP,1787151540.0,1787155692,EDDF,LHBP,1787151540.0,16,DLH,Lufthansa,True,HU,EU,Europe,47.43018,19.262393,50.026706,8.55835,835.6031637955549
EDDF,departure,3c66ae,DLH81P,EDDF,LFLL,1787151471.0,1787155636,EDDF,LFLL,1787151471.0,16,DLH,Lufthansa,True,FR,EU,Europe,45.725996,5.090139,50.026706,8.55835,543.5457595389236
EDDF,departure,3c6743,DLH6VX,EDDF,ESSA,1787151393.0,1787157185,EDDF,ESSA,1787151393.0,16,DLH,Lufthansa,True,SE,EU,Europe,59.64849,17.928829,50.026706,8.55835,1224.0229013959924
EDDF,departure,3c6745,DLH71X,EDDF,LFMN,1787151364.0,1787155524,EDDF,LFMN,1787151364.0,16,DLH,Lufthansa,True,FR,EU,Europe,43.658401,7.21587,50.026706,8.55835,715.413528812061
EDDF,departure,3009b8,DLA08E,EDDF,LOWG,1787151304.0,1787154918,EDDF,LOWG,1787151304.0,16,DLA,Air Dolomiti,True,AT,EU,Europe,46.9911,15.4396,50.026706,8.55835,608.6388191939618
EDDF,departure,3c66e7,OCN6NH,EDDF,LEPA,1787151301.0,1787158226,EDDF,LEPA,1787151301.0,16,OCN,Discover Airlines,True,ES,EU,Europe,39.551701,2.73881,50.026706,8.55835,1251.0699144927974
EDDF,departure,3c6583,DLH6CR,EDDF,EDXW,1787151005.0,1787154160,EDDF,EDXW,1787151005.0,16,DLH,Lufthansa,True,DE,EU,Domestic,54.9132,8.34047,50.026706,8.55835,543.5530034046947
EDDF,departure,502d27,BEL5EF,EDDF,EBBR,1787150850.0,1787153201,EDDF,EBBR,1787150850.0,16,BEL,Brussels Airlines,True,BE,EU,Europe,50.901402,4.48444,50.026706,8.55835,304.2739348548036
EDDF,departure,3c4591,BOX456,EDDF,KATL,1787150814.0,1787184622,EDDF,KATL,1787150814.0,16,BOX,Tiphook PLC,False,US,,Intercontinental,33.6367,-84.428101,50.026706,8.55835,7409.172518688241
EDDF,departure,3c6588,DLH7MR,EDDF,EPGD,1787150566.0,1787154807,EDDF,EPGD,1787150566.0,16,DLH,Lufthansa,True,PL,EU,Europe,54.377602,18.4662,50.026706,8.55835,829.4250208915726
EDDF,departure,770590,ALK558,EDDF,,1787150424.0,1787193351,EDDF,,1787150424.0,16,ALK,SriLankan Airlines,False,,,unknown,,,50.026706,8.55835,
EDDF,departure,782293,CKK236,EDDF,,1787150317.0,1787155960,EDDF,,1787150317.0,16,CKK,China Cargo Airlines,False,,,unknown,,,50.026706,8.55835,
EDDF,departure,3c6545,DLH01Y,EDDF,LFKB,1787150222.0,1787154224,EDDF,LFKB,1787150222.0,16,DLH,Lufthansa,True,FR,EU,Europe,42.5527,9.48373,50.026706,8.55835,834.0892210653211
EDDF,departure,3c6487,DLH2XH,EDDF,EGPH,1787150082.0,1787156020,EDDF,EGPH,1787150082.0,16,DLH,Lufthansa,True,GB,EU,Europe,55.950145,-3.372288,50.026706,8.55835,1032.73961083289
EDDF,departure,7114f0,SVA180,EDDF,,1787149901.0,1787163809,EDDF,,1787149901.0,16,SVA,Saudi Arabian Airlines,False,,,unknown,,,50.026706,8.55835,
EDDF,departure,0a0077,DAH2071,EDDF,,1787149837.0,1787156909,EDDF,,1787149837.0,16,DAH,Air Algerie,False,,,unknown,,,50.026706,8.55835,
EDDF,departure,3c6483,DLH4MW,EDDF,EDDM,1787149756.0,1787151698,EDDF,EDDM,1787149756.0,16,DLH,Lufthansa,True,DE,EU,Domestic,48.353802,11.7861,50.026706,8.55835,299.3253023081836
EDDF,departure,89618c,UAE46,EDDF,OMDB,1787149609.0,1787170582,EDDF,OMDB,1787149609.0,16,UAE,Emirates,False,AE,AS,Intercontinental,25.24979,55.370992,50.026706,8.55835,4844.5225736276
EDDF,departure,3c79b8,CFG4KC,EDDF,LEPA,1787149513.0,1787155828,EDDF,LEPA,1787149513.0,16,CFG,Condor Flugdienst,False,ES,EU,Europe,39.551701,2.73881,50.026706,8.55835,1251.0699144927974
EDDF,departure,3c6448,DLH1LC,EDDF,LIEO,1787149352.0,1787154850,EDDF,LIEO,1787149352.0,16,DLH,Lufthansa,True,IT,EU,Europe,40.898953,9.518457,50.026706,8.55835,1017.6941479957699
EDDF,departure,3c654a,LHX024,EDDF,EDDH,1787149239.0,1787151777,EDDF,EDDH,1787149239.0,16,LHX,Other / unmatched,False,DE,EU,Domestic,53.630402,9.98823,50.026706,8.55835,412.5616454312047
EDDF,departure,3c6666,DLH192,EDDF,EDDB,1787149130.0,1787151748,EDDF,EDDB,1787149130.0,16,DLH,Lufthansa,True,DE,EU,Domestic,52.361738,13.502341,50.026706,8.55835,431.2414419348526
EDDF,departure,3c65c1,DLH914,EDDF,EGLL,1787149073.0,1787153219,EDDF,EGLL,1787149073.0,16,DLH,Lufthansa,True,GB,EU,Europe,51.470748,-0.459909,50.026706,8.55835,654.0165397367234
EDDF,departure,4bcdb5,SXS2TK,EDDF,,1787149024.0,1787157179,EDDF,,1787149024.0,16,SXS,SunExpress,False,,,unknown,,,50.026706,8.55835,
EDDF,departure,3c65c2,DLH896,EDDF,EYVI,1787148931.0,1787154774,EDDF,EYVI,1787148931.0,16,DLH,Lufthansa,True,LT,EU,Europe,54.634102,25.285801,50.026706,8.55835,1242.7890185646338
EDDF,departure,516042,MNE301,EDDF,,1787148818.0,1787153536,EDDF,,1787148818.0,16,MNE,Aerolineas Amanecer,False,,,unknown,,,50.026706,8.55835,
EDDF,departure,3c6747,DLH7KH,EDDF,LIRF,1787148726.0,1787153667,EDDF,LIRF,1787148726.0,16,DLH,Lufthansa,True,IT,EU,Europe,41.804532,12.251998,50.026706,8.55835,957.56108872809
EDDF,departure,44034b,EJU75RH,EDDF,LIRF,1787148579.0,1787153578,EDDF,LIRF,1787148579.0,16,EJU,easyJet,False,IT,EU,Europe,41.804532,12.251998,50.026706,8.55835,957.56108872809
EDDF,departure,3c6445,DLH6LJ,EDDF,ENGM,1787148423.0,1787154089,EDDF,ENGM,1787148423.0,16,DLH,Lufthansa,True,NO,EU,Europe,60.193901,11.1004,50.026706,8.55835,1141.8263314571998
EDDF,departure,3c6703,DLH712,EDDF,RKSI,1787148393.0,1787185698,EDDF,RKSI,1787148393.0,16,DLH,Lufthansa,True,KR,AS,Intercontinental,37.469101,126.450996,50.026706,8.55835,8544.290614666657
EDDF,departure,3c088d,CFG9ZA,EDDF,LGSA,1787148101.0,1787157227,EDDF,LGSA,1787148101.0,16,CFG,Condor Flugdienst,False,GR,EU,Europe,35.531207,24.150673,50.026706,8.55835,2044.9535163377109
EDDF,departure,3c66b4,OCN1408,EDDF,LBWV,1787147912.0,1787154927,EDDF,LBWV,1787147912.0,15,OCN,Discover Airlines,True,,,unknown,,,50.026706,8.55835,
EDDF,departure,3c6672,DLH980,EDDF,EIDW,1787147850.0,1787154688,EDDF,EIDW,1787147850.0,15,DLH,Lufthansa,True,IE,EU,Europe,53.428713,-6.262121,50.026706,8.55835,1086.1211676842795
EDDF,departure,010244,MSR786,EDDF,HEAZ,1787147835.0,1787161725,EDDF,HEAZ,1787147835.0,15,MSR,Egyptair,False,EG,AF,Intercontinental,30.091702,31.359739,50.026706,8.55835,2922.1787137895176
EDDF,departure,51300b,E7SMS,EDDF,,1787147742.0,1787152452,EDDF,,1787147742.0,15,,Other / unmatched,False,,,unknown,,,50.026706,8.55835,
EDDF,departure,501d20,CFG4309,EDDF,LLBG,1787147580.0,1787160672,EDDF,LLBG,1787147580.0,15,CFG,Condor Flugdienst,False,IL,AS,Intercontinental,32.011398,34.8867,50.026706,8.55835,2953.345743527266
EDDF,departure,3c6429,CFG4MD,EDDF,LGRP,1787147530.0,1787156804,EDDF,LGRP,1787147530.0,15,CFG,Condor Flugdienst,False,GR,AS,Intercontinental,36.405399,28.086201,50.026706,8.55835,2178.0008615128454
EDDF,departure,504e61,HYM402,EDDF,,1787147322.0,1787152368,EDDF,,1787147322.0,15,HYM,Himalayan Airlines,False,,,unknown,,,50.026706,8.55835,
EDDF,departure,744823,RJA126,EDDF,OJAI,1787147304.0,1787160419,EDDF,OJAI,1787147304.0,15,RJA,Royal Jordanian,False,JO,AS,Intercontinental,31.7226009369,35.9931983948,50.026706,8.55835,3044.929110258351
EDDF,departure,4404cc,GDK47Z,EDDF,LOWW,1787147089.0,1787151485,EDDF,LOWW,1787147089.0,15,GDK,Goldeck-Flug,False,AT,EU,Europe,48.110298,16.5697,50.026706,8.55835,620.9306611285796
EDDF,departure,3c786b,CFG9AT,EDDF,,1787146987.0,1787155931,EDDF,,1787146987.0,15,CFG,Condor Flugdienst,False,,,unknown,,,50.026706,8.55835,
EDDF,departure,3c7a54,CFG402,EDDF,CYYZ,1787146831.0,1787177254,EDDF,CYYZ,1787146831.0,15,CFG,Condor Flugdienst,False,CA,,Intercontinental,43.675935,-79.629421,50.026706,8.55835,6343.611622614194
EDDF,departure,4bcdec,SXS6ED,EDDF,LTXE,1787146750.0,1787156452,EDDF,LTXE,1787146750.0,15,SXS,SunExpress,False,TR,AS,Intercontinental,37.097222,30.648264,50.026706,8.55835,2272.9308350181973
EDDF,departure,4bb27a,THY5AR,EDDF,,1787146647.0,1787154146,EDDF,,1787146647.0,15,THY,Turkish Airlines,False,,,unknown,,,50.026706,8.55835,
EDDF,departure,4bc845,PGT8BW,EDDF,,1787146547.0,1787163539,EDDF,,1787146547.0,15,PGT,Pegasus Airlines,False,,,unknown,,,50.026706,8.55835,
EDDF,departure,3c7a4f,CFG228,EDDF,,1787146504.0,1787154359,EDDF,,1787146504.0,15,CFG,Condor Flugdienst,False,,,unknown,,,50.026706,8.55835,
EDDF,departure,3c66b6,OCN2B,EDDF,,1787146503.0,1787151238,EDDF,,1787146503.0,15,OCN,Discover Airlines,True,,,unknown,,,50.026706,8.55835,
EDDF,departure,3c6752,DLH5YE,EDDF,EDDM,1787146444.0,1787148385,EDDF,EDDM,1787146444.0,15,DLH,Lufthansa,True,DE,EU,Domestic,48.353802,11.7861,50.026706,8.55835,299.3253023081836
EDDF,departure,3c7a4e,CFG4UX,EDDF,,1787146336.0,1787152196,EDDF,,1787146336.0,15,CFG,Condor Flugdienst,False,,,unknown,,,50.026706,8.55835,
EDDF,departure,3c6669,DLH04T,EDDF,,1787146221.0,1787152798,EDDF,,1787146221.0,15,DLH,Lufthansa,True,,,unknown,,,50.026706,8.55835,
EDDF,departure,4caf12,SAS676,EDDF,EKCH,1787146141.0,1787150421,EDDF,EKCH,1787146141.0,15,SAS,Scandinavian Airlines System,False,DK,EU,Europe,55.617900848389,12.656000137329,50.026706,8.55835,679.6633259560357
EDDF,departure,3c66ea,DLH33A,EDDF,LEVC,1787146097.0,1787153536,EDDF,LEVC,1787146097.0,15,DLH,Lufthansa,True,ES,EU,Europe,39.489162,-0.480961,50.026706,8.55835,1369.719226703799
EDDF,departure,3c7a44,CFG454,EDDF,CYVR,1787145972.0,1787181001,EDDF,CYVR,1787145972.0,15,CFG,Condor Flugdienst,False,CA,,Intercontinental,49.193901,-123.183998,50.026706,8.55835,8062.668674290768
EDDF,departure,3c0c9e,TUI18H,EDDF,,1787145905.0,1787154959,EDDF,,1787145905.0,15,TUI,Tuninter,False,,,unknown,,,50.026706,8.55835,
EDDF,departure,3c4b34,DLH402,EDDF,KEWR,1787145758.0,1787174548,EDDF,KEWR,1787145758.0,15,DLH,Lufthansa,True,US,,Intercontinental,40.6894,-74.170545,50.026706,8.55835,6210.886452481809
EDDF,departure,3986e6,AFR78WT,EDDF,LFPG,1787145727.0,1787149026,EDDF,LFPG,1787145727.0,15,AFR,Air France,False,FR,EU,Europe,49.00896,2.554117,50.026706,8.55835,447.8305266654691
EDDF,departure,46b927,SEH6EV,EDDF,LGAV,1787145662.0,1787154876,EDDF,LGAV,1787145662.0,15,SEH,Sky Express,False,GR,EU,Europe,37.936401,23.9445,50.026706,8.55835,1815.79438210604
EDDF,departure,3c6543,LHX1144,EDDF,,1787145512.0,1787151567,EDDF,,1787145512.0,15,LHX,Other / unmatched,False,,,unknown,,,50.026706,8.55835,
EDDF,departure,3c7878,CFG1ZK,EDDF,LGKV,1787145451.0,1787153515,EDDF,LGKV,1787145451.0,15,CFG,Condor Flugdienst,False,GR,EU,Europe,40.9133,24.6192,50.026706,8.55835,1605.189837919645
EDDF,departure,3c6654,DLH7PL,EDDF,LBSF,1787145386.0,1787151715,EDDF,LBSF,1787145386.0,15,DLH,Lufthansa,True,BG,EU,Europe,42.696357,23.417671,50.026706,8.55835,1397.533198762108
EDDF,departure,3c6467,CFG7NY,EDDF,LKPR,1787145303.0,1787147738,EDDF,LKPR,1787145303.0,15,CFG,Condor Flugdienst,False,CZ,EU,Europe,50.100874,14.259911,50.026706,8.55835,406.96118852195696
EDDF,departure,3c4a0c,DLH542,EDDF,SKBO,1787145073.0,1787183548,EDDF,SKBO,1787145073.0,15,DLH,Lufthansa,True,CO,SA,Intercontinental,4.70159,-74.1469,50.026706,8.55835,9086.200419158664
EDDF,departure,3c6475,CFG2PM,EDDF,EDDH,1787144995.0,1787147682,EDDF,EDDH,1787144995.0,15,CFG,Condor Flugdienst,False,DE,EU,Domestic,53.630402,9.98823,50.026706,8.55835,412.5616454312047
EDDF,departure,4b19fd,CFG4HA,EDDF,LSZH,1787144940.0,1787147143,EDDF,LSZH,1787144940.0,15,CFG,Condor Flugdienst,False,CH,EU,Europe,47.458056,8.548056,50.026706,8.55835,285.6218449218939
EDDF,departure,3c0ac5,CFG3EA,EDDF,LGZA,1787144884.0,1787152567,EDDF,LGZA,1787144884.0,15,CFG,Condor Flugdienst,False,GR,EU,Europe,37.7509,20.8843,50.026706,8.55835,1680.1706573781164
EDDF,departure,3c64f6,DLH9919,EDDF,EDDL,1787144673.0,1787146292,EDDF,EDDL,1787144673.0,15,DLH,Lufthansa,True,DE,EU,Domestic,51.289501,6.76678,50.026706,8.55835,188.8433278657816
EDDF,departure,3c4965,CFG6WN,EDDF,LIMC,1787144611.0,1787147549,EDDF,LIMC,1787144611.0,15,CFG,Condor Flugdienst,False,IT,EU,Europe,45.6306,8.72811,50.026706,8.55835,488.98855027228177
EDDF,departure,3c664e,DLH02M,EDDF,LGTS,1787144543.0,1787151327,EDDF,LGTS,1787144543.0,15,DLH,Lufthansa,True,GR,EU,Europe,40.51928,22.970009,50.026706,8.55835,1540.8276704959915
EDDF,departure,3c4a10,DLH478,EDDF,CYUL,1787144480.0,1787170851,EDDF,CYUL,1787144480.0,15,DLH,Lufthansa,True,CA,,Intercontinental,45.467837,-73.742294,50.026706,8.55835,5854.631765664902
EDDF,departure,40097c,BAW907,EDDF,EGLL,1787144478.0,1787148959,EDDF,EGLL,1787144478.0,15,BAW,British Airways,False,GB,EU,Europe,51.470748,-0.459909,50.026706,8.55835,654.0165397367234
EDDF,departure,3c4ad9,DLH470,EDDF,CYYZ,1787144375.0,1787173906,EDDF,CYYZ,1787144375.0,14,DLH,Lufthansa,True,CA,,Intercontinental,43.675935,-79.629421,50.026706,8.55835,6343.611622614194
EDDF,departure,3c7a4b,CFG4RK,EDDF,KSEA,1787144240.0,1787180238,EDDF,KSEA,1787144240.0,14,CFG,Condor Flugdienst,False,US,,Intercontinental,47.447943,-122.310276,50.026706,8.55835,8197.731175409263
EDDF,departure,3c6474,CFG1UF,EDDF,LFPG,1787144225.0,1787147169,EDDF,LFPG,1787144225.0,14,CFG,Condor Flugdienst,False,FR,EU,Europe,49.00896,2.554117,50.026706,8.55835,447.8305266654691
EDDF,departure,3c6473,CFG6JH,EDDF,EDDB,1787144148.0,1787146966,EDDF,EDDB,1787144148.0,14,CFG,Condor Flugdienst,False,DE,EU,Domestic,52.361738,13.502341,50.026706,8.55835,431.2414419348526
EDDF,departure,3c66b1,OCN518,EDDF,,1787144096.0,1787150718,EDDF,,1787144096.0,14,OCN,Discover Airlines,True,,,unknown,,,50.026706,8.55835,
EDDF,departure,3c0ac6,CFG6ZP,EDDF,LOWW,1787144004.0,1787147093,EDDF,LOWW,1787144004.0,14,CFG,Condor Flugdienst,False,AT,EU,Europe,48.110298,16.5697,50.026706,8.55835,620.9306611285796
EDDF,departure,501c2d,CFG8KH,EDDF,LHBP,1787143805.0,1787147777,EDDF,LHBP,1787143805.0,14,CFG,Condor Flugdienst,False,HU,EU,Europe,47.43018,19.262393,50.026706,8.55835,835.6031637955549
EDDF,departure,3c6917,CFG7TR,EDDF,EDDM,1787143684.0,1787145889,EDDF,EDDM,1787143684.0,14,CFG,Condor Flugdienst,False,DE,EU,Domestic,48.353802,11.7861,50.026706,8.55835,299.3253023081836
EDDF,departure,780f3f,CES220,EDDF,,1787143573.0,1787175890,EDDF,,1787143573.0,14,CES,China Eastern Airlines,False,,,unknown,,,50.026706,8.55835,
EDDF,departure,4bb855,PGT651R,EDDF,LTXE,1787143476.0,1787153533,EDDF,LTXE,1787143476.0,14,PGT,Pegasus Airlines,False,TR,AS,Intercontinental,37.097222,30.648264,50.026706,8.55835,2272.9308350181973
EDDF,departure,4cae72,MGL138,EDDF,,1787143455.0,1787196599,EDDF,,1787143455.0,14,MGL,MIAT Mongolian Airlines,False,,,unknown,,,50.026706,8.55835,
EDDF,departure,3c6422,CFG6MC,EDDF,LEBL,1787143429.0,1787149378,EDDF,LEBL,1787143429.0,14,CFG,Condor Flugdienst,False,ES,EU,Europe,41.2971,2.07846,50.026706,8.55835,1092.5416501874115
EDDF,departure,3c0acb,CFG9JY,EDDF,LIRF,1787143328.0,1787148112,EDDF,LIRF,1787143328.0,14,CFG,Condor Flugdienst,False,IT,EU,Europe,41.804532,12.251998,50.026706,8.55835,957.56108872809
EDDF,departure,3c4b33,DLH716,EDDF,RJTT,1787143160.0,1787184989,EDDF,RJTT,1787143160.0,14,DLH,Lufthansa,True,JP,AS,Intercontinental,35.549678,139.786958,50.026706,8.55835,9362.506202768924
EDDF,departure,3c6d43,KLM96E,EDDF,EHAM,1787142934.0,1787146178,EDDF,EHAM,1787142934.0,14,KLM,KLM Royal Dutch Airlines,False,NL,EU,Europe,52.308601,4.76389,50.026706,8.55835,366.48146892987825
EDDF,departure,3009b5,DLH3TT,EDDF,EPPO,1787142849.0,1787146438,EDDF,EPPO,1787142849.0,14,DLH,Lufthansa,True,PL,EU,Europe,52.421598,16.823359,50.026706,8.55835,633.6937581037554
EDDF,departure,4b19fe,CFG1VC,EDDF,EGKK,1787142770.0,1787147445,EDDF,EGKK,1787142770.0,14,CFG,Condor Flugdienst,False,GB,EU,Europe,51.148744,-0.185739,50.026706,8.55835,629.3869802008804
EDDF,departure,45213d,MSC2943,EDDF,,1787142752.0,1787155406,EDDF,,1787142752.0,14,MSC,Air Cairo,False,,,unknown,,,50.026706,8.55835,
EDDF,departure,3c4a06,DLH450,EDDF,KLAX,1787142665.0,1787180810,EDDF,KLAX,1787142665.0,14,DLH,Lufthansa,True,US,,Intercontinental,33.942501,-118.407997,50.026706,8.55835,9321.953370596324
EDDF,departure,4bce42,SXS4AC,EDDF,LTXE,1787142661.0,1787152726,EDDF,LTXE,1787142661.0,14,SXS,SunExpress,False,TR,AS,Intercontinental,37.097222,30.648264,50.026706,8.55835,2272.9308350181973
EDDF,departure,3c4b21,DLH498,EDDF,MMMX,1787142577.0,1787184205,EDDF,MMMX,1787142577.0,14,DLH,Lufthansa,True,MX,,Intercontinental,19.435822,-99.07033,50.026706,8.55835,9551.43398699281
EDDF,departure,3c6482,DLH62F,EDDF,LEBL,1787142489.0,1787148617,EDDF,LEBL,1787142489.0,14,DLH,Lufthansa,True,ES,EU,Europe,41.2971,2.07846,50.026706,8.55835,1092.5416501874115
EDDF,departure,4cc574,ICE521,EDDF,BIKF,1787142366.0,1787154059,EDDF,BIKF,1787142366.0,14,ICE,Icelandair,False,IS,EU,Europe,63.985001,-22.6056,50.026706,8.55835,2401.2520633495587
EDDF,departure,3c6758,DLH8UA,EDDF,LYBE,1787142250.0,1787147007,EDDF,LYBE,1787142250.0,14,DLH,Lufthansa,True,RS,EU,Europe,44.818401,20.309099,50.026706,8.55835,1054.9858217389628
EDDF,departure,8880df,HVN36,EDDF,RJTT,1787142148.0,1787205169,EDDF,RJTT,1787142148.0,14,HVN,Vietnam Airlines,False,JP,AS,Intercontinental,35.549678,139.786958,50.026706,8.55835,9362.506202768924
EDDF,departure,3c6751,DLH5TV,EDDF,EDDL,1787142062.0,1787145087,EDDF,EDDL,1787142062.0,14,DLH,Lufthansa,True,DE,EU,Domestic,51.289501,6.76678,50.026706,8.55835,188.8433278657816
EDDF,departure,3c65ce,DLH7RM,EDDF,EGLL,1787142004.0,1787146497,EDDF,EGLL,1787142004.0,14,DLH,Lufthansa,True,GB,EU,Europe,51.470748,-0.459909,50.026706,8.55835,654.0165397367234
EDDF,departure,4bb2b2,TKJ60J,EDDF,LTFJ,1787142002.0,1787150159,EDDF,LTFJ,1787142002.0,14,TKJ,Other / unmatched,False,TR,AS,Intercontinental,40.898602,29.3092,50.026706,8.55835,1900.509619423325
EDDF,departure,3c4b32,DLH7K,EDDF,KBOS,1787141892.0,1787168813,EDDF,KBOS,1787141892.0,14,DLH,Lufthansa,True,US,,Intercontinental,42.36197,-71.0079,50.026706,8.55835,5889.157061507477
EDDF,departure,3c66b9,OCN1EJ,EDDF,LEPA,1787141717.0,1787148087,EDDF,LEPA,1787141717.0,14,OCN,Discover Airlines,True,ES,EU,Europe,39.551701,2.73881,50.026706,8.55835,1251.0699144927974
EDDF,departure,3c6749,DLH93V,EDDF,LEAL,1787141641.0,1787149408,EDDF,LEAL,1787141641.0,14,DLH,Lufthansa,True,ES,EU,Europe,38.2822,-0.558156,50.026706,8.55835,1492.2356859472509
EDDF,departure,3c6564,OCN68,EDDF,KMCO,1787141521.0,1787177477,EDDF,KMCO,1787141521.0,14,OCN,Discover Airlines,True,US,,Intercontinental,28.429399490356445,-81.30899810791016,50.026706,8.55835,7619.287517013531
EDDF,departure,3c65e1,DLH8PP,EDDF,LMML,1787141450.0,1787149619,EDDF,LMML,1787141450.0,14,DLH,Lufthansa,True,MT,EU,Europe,35.845932,14.491546,50.026706,8.55835,1647.813282230987
EDDF,departure,a1fcc5,UAL47,EDDF,KIAH,1787141412.0,1787178997,EDDF,KIAH,1787141412.0,14,UAL,United Airlines,False,US,,Intercontinental,29.9844,-95.3414,50.026706,8.55835,8402.197494570984
EDDF,departure,3c664f,DLH83T,EDDF,LPPR,1787141327.0,1787150077,EDDF,LPPR,1787141327.0,14,DLH,Lufthansa,True,PT,EU,Europe,41.2481002808,-8.68138980865,50.026706,8.55835,1651.6233885914048
EDDF,departure,3c675a,DLH4LM,EDDF,LGAV,1787141176.0,1787149421,EDDF,LGAV,1787141176.0,14,DLH,Lufthansa,True,GR,EU,Europe,37.936401,23.9445,50.026706,8.55835,1815.79438210604
EDDF,departure,780a16,CPA288,EDDF,,1787141082.0,1787178207,EDDF,,1787141082.0,14,CPA,Cathay Pacific,False,,,unknown,,,50.026706,8.55835,
EDDF,departure,3c6561,OCN11,EDDF,KLAS,1787141004.0,1787180183,EDDF,KLAS,1787141004.0,14,OCN,Discover Airlines,True,US,,Intercontinental,36.083361,-115.151817,50.026706,8.55835,8963.108667946562
EDDF,departure,8880e2,HVN30,EDDF,,1787140996.0,1787178318,EDDF,,1787140996.0,14,HVN,Vietnam Airlines,False,,,unknown,,,50.026706,8.55835,
EDDF,departure,440822,AUA210,EDDF,LOWW,1787140905.0,1787144889,EDDF,LOWW,1787140905.0,14,AUA,Austrian,True,AT,EU,Europe,48.110298,16.5697,50.026706,8.55835,620.9306611285796
EDDF,departure,3c6701,DLH446,EDDF,KDEN,1787140852.0,1787174974,EDDF,KDEN,1787140852.0,14,DLH,Lufthansa,True,US,,Intercontinental,39.860027,-104.673792,50.026706,8.55835,8088.781354468134
EDDF,departure,4952d3,TAP571,EDDF,LPPT,1787140834.0,1787150988,EDDF,LPPT,1787140834.0,14,TAP,TAP Portugal,False,PT,EU,Europe,38.7813,-9.13592,50.026706,8.55835,1872.7106698088141
EDDF,departure,3c6674,DLH882,EDDF,EETN,1787140759.0,1787147204,EDDF,EETN,1787140759.0,13,DLH,Lufthansa,True,EE,EU,Europe,59.413246,24.83264,50.026706,8.55835,1469.6340797106222
EDDF,departure,3c666c,DLH03H,EDDF,LPPT,1787140719.0,1787150471,EDDF,LPPT,1787140719.0,13,DLH,Lufthansa,True,PT,EU,Europe,38.7813,-9.13592,50.026706,8.55835,1872.7106698088141
EDDF,departure,3deb84,DHJLC,EDDF,EDFB,1787140626.0,1787141390,EDDF,EDFB,1787140626.0,13,DHJ,Other / unmatched,False,DE,EU,Domestic,50.337973,8.878984,50.026706,8.55835,41.462669168302476
EDDF,departure,3c65c3,DLH804,EDDF,ESSA,1787140622.0,1787146734,EDDF,ESSA,1787140622.0,13,DLH,Lufthansa,True,SE,EU,Europe,59.64849,17.928829,50.026706,8.55835,1224.0229013959924
EDDF,departure,3c6670,DLH14C,EDDF,,1787140604.0,1787142535,EDDF,,1787140604.0,13,DLH,Lufthansa,True,,,unknown,,,50.026706,8.55835,
EDDF,departure,3c4ada,DLH492,EDDF,CYVR,1787140509.0,1787174748,EDDF,CYVR,1787140509.0,13,DLH,Lufthansa,True,CA,,Intercontinental,49.193901,-123.183998,50.026706,8.55835,8062.668674290768
EDDF,departure,3c6741,DLH5LY,EDDF,LIML,1787140483.0,1787144877,EDDF,LIML,1787140483.0,13,DLH,Lufthansa,True,IT,EU,Europe,45.445099,9.27674,50.026706,8.55835,512.2693769170622
EDDF,departure,3c4a0d,DLH760,EDDF,,1787140386.0,1787165249,EDDF,,1787140386.0,13,DLH,Lufthansa,True,,,unknown,,,50.026706,8.55835,
EDDF,departure,3c6748,DLH3NX,EDDF,ENGM,1787140369.0,1787146090,EDDF,ENGM,1787140369.0,13,DLH,Lufthansa,True,NO,EU,Europe,60.193901,11.1004,50.026706,8.55835,1141.8263314571998
EDDF,departure,3c4b2b,DLH754,EDDF,VOBL,1787140280.0,1787169868,EDDF,VOBL,1787140280.0,13,DLH,Lufthansa,True,IN,AS,Intercontinental,13.1979,77.706299,50.026706,8.55835,7402.408475358543
EDDF,departure,3c6550,LHX850,EDDF,EFHK,1787140265.0,1787147277,EDDF,EFHK,1787140265.0,13,LHX,Other / unmatched,False,FI,EU,Europe,60.318363,24.963341,50.026706,8.55835,1539.1314075144423
EDDF,departure,3c6650,DLH79E,EDDF,LEMG,1787140193.0,1787149707,EDDF,LEMG,1787140193.0,13,DLH,Lufthansa,True,ES,EU,Europe,36.6749,-4.49911,50.026706,8.55835,1816.0427917550999
EDDF,departure,3009b3,DLA3AJ,EDDF,ELLX,1787140113.0,1787141609,EDDF,ELLX,1787140113.0,13,DLA,Air Dolomiti,True,LU,EU,Europe,49.626845,6.212134,50.026706,8.55835,174.064410926245
EDDF,departure,3c644a,DLH8NL,EDDF,LSPF,1787140022.0,1787144637,EDDF,LSPF,1787140022.0,13,DLH,Lufthansa,True,CH,EU,Europe,47.690203,8.526178,50.026706,8.55835,259.81793306186114
EDDF,departure,3c6562,OCN76,EDDF,CYYC,1787140010.0,1787173206,EDDF,CYYC,1787140010.0,13,OCN,Discover Airlines,True,CA,,Intercontinental,51.118822,-114.009933,50.026706,8.55835,7527.702908256165
EDDF,departure,3c0ca7,TUI5344,EDDF,LBBG,1787139983.0,1787147107,EDDF,LBBG,1787139983.0,13,TUI,Tuninter,False,BG,EU,Europe,42.569917,27.515173,50.026706,8.55835,1668.9840179827706
EDDF,departure,3c70c3,GEC8224,EDDF,MMJC,1787139911.0,1787181980,EDDF,MMJC,1787139911.0,13,GEC,Lufthansa Cargo,True,MX,,Intercontinental,19.574155,-99.291183,50.026706,8.55835,9553.486735814791
EDDF,departure,3c66b2,OCN1RK,EDDF,LPMA,1787139892.0,1787153369,EDDF,LPMA,1787139892.0,13,OCN,Discover Airlines,True,PT,EU,Europe,32.697812,-16.774613,50.026706,8.55835,2834.9228109339347
EDDF,departure,3c65da,DLH8RC,EDDF,LROP,1787139833.0,1787145980,EDDF,LROP,1787139833.0,13,DLH,Lufthansa,True,RO,EU,Europe,44.571792,26.103285,50.026706,8.55835,1450.8551268606066
EDDF,departure,3c6744,DLH7AV,EDDF,EDDM,1787139750.0,1787142148,EDDF,EDDM,1787139750.0,13,DLH,Lufthansa,True,DE,EU,Domestic,48.353802,11.7861,50.026706,8.55835,299.3253023081836
EDDF,departure,3c651a,DLH3W,EDDF,KIAD,1787139660.0,1787171008,EDDF,KIAD,1787139660.0,13,DLH,Lufthansa,True,US,,Intercontinental,38.9445,-77.455803,50.026706,8.55835,6550.152063137044
EDDF,departure,3003af,DLH8FF,EDDF,EPWR,1787139609.0,1787142534,EDDF,EPWR,1787139609.0,13,DLH,Lufthansa,True,PL,EU,Europe,51.103719,16.882096,50.026706,8.55835,599.6391823914247
EDDF,departure,452142,LZB438,EDDF,LBSF,1787139526.0,1787145405,EDDF,LBSF,1787139526.0,13,LZB,Bulgaria Air,False,BG,EU,Europe,42.696357,23.417671,50.026706,8.55835,1397.533198762108
EDDF,departure,a6e055,LCO1513,EDDF,SBKP,1787139425.0,1787188494,EDDF,SBKP,1787139425.0,13,LCO,LAN Cargo,False,BR,SA,Intercontinental,-23.007404,-47.134502,50.026706,8.55835,9792.391837640691
EDDF,departure,3c0aca,CFG8AC,EDDF,,1787139303.0,1787154221,EDDF,,1787139303.0,13,CFG,Condor Flugdienst,False,,,unknown,,,50.026706,8.55835,
EDDF,departure,3c6570,OCN50,EDDF,KPHL,1787139216.0,1787170439,EDDF,KPHL,1787139216.0,13,OCN,Discover Airlines,True,US,,Intercontinental,39.871899,-75.241096,50.026706,8.55835,6338.887986337004
EDDF,departure,3c4a07,DLH756,EDDF,VABB,1787139187.0,1787166447,EDDF,VABB,1787139187.0,13,DLH,Lufthansa,True,IN,AS,Intercontinental,19.088699,72.867897,50.026706,8.55835,6569.667217474484
EDDF,departure,3c65c5,DLH9YY,EDDF,EDDH,1787139091.0,1787141548,EDDF,EDDH,1787139091.0,13,DLH,Lufthansa,True,DE,EU,Domestic,53.630402,9.98823,50.026706,8.55835,412.5616454312047
EDDF,departure,30055b,DLH4EJ,EDDF,LSZM,1787139091.0,1787141477,EDDF,LSZM,1787139091.0,13,DLH,Lufthansa,True,CH,EU,Europe,47.078353,9.064662,50.026706,8.55835,329.9509076636581
EDDF,departure,3c4a12,DLH752,EDDF,,1787138962.0,1787163397,EDDF,,1787138962.0,13,DLH,Lufthansa,True,,,unknown,,,50.026706,8.55835,
EDDF,departure,3c658d,DLH2RW,EDDF,LKPR,1787138841.0,1787141504,EDDF,LKPR,1787138841.0,13,DLH,Lufthansa,True,CZ,EU,Europe,50.100874,14.259911,50.026706,8.55835,406.96118852195696
EDDF,departure,a0566a,UAL906,EDDF,KORD,1787138761.0,1787169478,EDDF,KORD,1787138761.0,13,UAL,United Airlines,False,US,,Intercontinental,41.9786,-87.9048,50.026706,8.55835,6970.7490959780225
EDDF,departure,3c65c7,DLH99F,EDDF,LEPA,1787138735.0,1787145179,EDDF,LEPA,1787138735.0,13,DLH,Lufthansa,True,ES,EU,Europe,39.551701,2.73881,50.026706,8.55835,1251.0699144927974
EDDF,departure,c023c8,ACA839,EDDF,CYVR,1787138642.0,1787172192,EDDF,CYVR,1787138642.0,13,ACA,Air Canada,False,CA,,Intercontinental,49.193901,-123.183998,50.026706,8.55835,8062.668674290768
EDDF,departure,8940a3,GFA16U,EDDF,,1787138610.0,1787143136,EDDF,,1787138610.0,13,GFA,Gulf Air,False,,,unknown,,,50.026706,8.55835,
EDDF,departure,3c64ad,DLH1300,EDDF,,1787138537.0,1787146179,EDDF,,1787138537.0,13,DLH,Lufthansa,True,,,unknown,,,50.026706,8.55835,
EDDF,departure,3c658e,DLH5HC,EDDF,EKBI,1787138474.0,1787141818,EDDF,EKBI,1787138474.0,13,DLH,Lufthansa,True,DK,EU,Europe,55.740335,9.157019,50.026706,8.55835,636.5886595105571
EDDF,departure,3009b6,DLA8880,EDDF,LIPE,1787138436.0,1787144026,EDDF,LIPE,1787138436.0,13,DLA,Air Dolomiti,True,IT,EU,Europe,44.5354,11.2887,50.026706,8.55835,644.2894117734543
EDDF,departure,aa9321,UAL59,EDDF,KSFO,1787138372.0,1787176807,EDDF,KSFO,1787138372.0,13,UAL,United Airlines,False,US,,Intercontinental,37.619806,-122.374821,50.026706,8.55835,9148.68295273629
EDDF,departure,502ce8,AUA28K,EDDF,LOWW,1787138250.0,1787141894,EDDF,LOWW,1787138250.0,13,AUA,Austrian,True,AT,EU,Europe,48.110298,16.5697,50.026706,8.55835,620.9306611285796
EDDF,departure,3c7427,TUI7NX,EDDF,EDDF,1787138143.0,1787171618,EDDF,EDDF,1787138143.0,13,TUI,Tuninter,False,DE,EU,Domestic,50.026706,8.55835,50.026706,8.55835,0.0
EDDF,departure,3c648c,DLH4AR,EDDF,LICZ,1787138040.0,1787145478,EDDF,LICZ,1787138040.0,13,DLH,Lufthansa,True,IT,EU,Europe,37.401699,14.9224,50.026706,8.55835,1492.7403516768763
EDDF,departure,3c66eb,DLH6HV,EDDF,EHAM,1787138033.0,1787140756,EDDF,EHAM,1787138033.0,13,DLH,Lufthansa,True,NL,EU,Europe,52.308601,4.76389,50.026706,8.55835,366.48146892987825
EDDF,departure,3c0acc,CFG524,EDDF,,1787137951.0,1787149755,EDDF,,1787137951.0,13,CFG,Condor Flugdienst,False,,,unknown,,,50.026706,8.55835,
EDDF,departure,3c6586,DLH36E,EDDF,LFPG,1787137854.0,1787140889,EDDF,LFPG,1787137854.0,13,DLH,Lufthansa,True,FR,EU,Europe,49.00896,2.554117,50.026706,8.55835,447.8305266654691
EDDF,departure,02a198,TAR745,EDDF,,1787137726.0,1787144488,EDDF,,1787137726.0,13,TAR,Tunisair,False,,,unknown,,,50.026706,8.55835,
EDDF,departure,3c66a1,DLH3MW,EDDF,LDZL,1787137295.0,1787140617,EDDF,LDZL,1787137295.0,13,DLH,Lufthansa,True,HR,EU,Europe,45.766725,15.849709,50.026706,8.55835,720.4275521931953
EDDF,departure,8015a6,AIC2026,EDDF,VIDP,1787137194.0,1787171614,EDDF,VIDP,1787137194.0,12,AIC,Air India Limited,False,IN,AS,Intercontinental,28.55563,77.09519,50.026706,8.55835,6121.80807365195
EDDF,departure,3c65c6,DLH06J,EDDF,EDPK,1787137090.0,1787140014,EDDF,EDPK,1787137090.0,12,DLH,Lufthansa,True,DE,EU,Domestic,48.047779,12.500556,50.026706,8.55835,361.8603146679743
EDDF,departure,3006b5,DLA6MF,EDDF,,1787136990.0,1787139989,EDDF,,1787136990.0,12,DLA,Air Dolomiti,True,,,unknown,,,50.026706,8.55835,
EDDF,departure,44ce61,BEL4KY,EDDF,EBMB,1787136871.0,1787139409,EDDF,EBMB,1787136871.0,12,BEL,Brussels Airlines,True,BE,EU,Europe,50.913419,4.491005,50.026706,8.55835,304.2292270193259
EDDF,departure,4b1802,SWR9TV,EDDF,LSGG,1787136784.0,1787139860,EDDF,LSGG,1787136784.0,12,SWR,Swiss,True,CH,EU,Europe,46.238098,6.10895,50.026706,8.55835,458.75348003207523
EDDF,departure,3c7a51,CFG038,EDDF,KBOS,1787136700.0,1787165334,EDDF,KBOS,1787136700.0,12,CFG,Condor Flugdienst,False,US,,Intercontinental,42.36197,-71.0079,50.026706,8.55835,5889.157061507477
EDDF,departure,3009b4,DLA55P,EDDF,LOWG,1787136695.0,1787140319,EDDF,LOWG,1787136695.0,12,DLA,Air Dolomiti,True,AT,EU,Europe,46.9911,15.4396,50.026706,8.55835,608.6388191939618
EDDF,departure,3c6485,DLH1HE,EDDF,,1787136612.0,1787139973,EDDF,,1787136612.0,12,DLH,Lufthansa,True,,,unknown,,,50.026706,8.55835,
EDDF,departure,3c648b,DLH43V,EDDF,LFHC,1787136523.0,1787139805,EDDF,LFHC,1787136523.0,12,DLH,Lufthansa,True,FR,EU,Europe,45.869701,5.18722,50.026706,8.55835,525.8933819430227
EDDF,departure,3c6742,DLH6KL,EDDF,EKCH,1787136500.0,1787139981,EDDF,EKCH,1787136500.0,12,DLH,Lufthansa,True,DK,EU,Europe,55.617900848389,12.656000137329,50.026706,8.55835,679.6633259560357
EDDF,departure,3c66b8,OCN3HT,EDDF,,1787136461.0,1787151204,EDDF,,1787136461.0,12,OCN,Discover Airlines,True,,,unknown,,,50.026706,8.55835,
EDDF,departure,300738,DLA2CA,EDDF,,1787136373.0,1787139986,EDDF,,1787136373.0,12,DLA,Air Dolomiti,True,,,unknown,,,50.026706,8.55835,
EDDF,departure,a1c7c1,UAL988,EDDF,KIAD,1787136334.0,1787166926,EDDF,KIAD,1787136334.0,12,UAL,United Airlines,False,US,,Intercontinental,38.9445,-77.455803,50.026706,8.55835,6550.152063137044
EDDF,departure,3c4a21,DLH7JF,EDDF,EDDM,1787136251.0,1787138159,EDDF,EDDM,1787136251.0,12,DLH,Lufthansa,True,DE,EU,Domestic,48.353802,11.7861,50.026706,8.55835,299.3253023081836
EDDF,departure,3c65cd,DLH7XP,EDDF,LIRF,1787136149.0,1787141356,EDDF,LIRF,1787136149.0,12,DLH,Lufthansa,True,IT,EU,Europe,41.804532,12.251998,50.026706,8.55835,957.56108872809
EDDF,departure,3c65e2,DLH02T,EDDF,LPFR,1787136070.0,1787146427,EDDF,LPFR,1787136070.0,12,DLH,Lufthansa,True,PT,EU,Europe,37.015909,-7.970939,50.026706,8.55835,1958.3239178148403
EDDF,departure,71be20,AIH796,EDDF,RKSI,1787135982.0,1787172542,EDDF,RKSI,1787135982.0,12,AIH,Alpine Air Chile,False,KR,AS,Intercontinental,37.469101,126.450996,50.026706,8.55835,8544.290614666657
EDDF,departure,76ceea,SIA25,EDDF,,1787135891.0,1787142174,EDDF,,1787135891.0,12,SIA,Singapore Airlines,False,,,unknown,,,50.026706,8.55835,
EDDF,departure,3c6757,DLH6UT,EDDF,EPGD,1787135881.0,1787139886,EDDF,EPGD,1787135881.0,12,DLH,Lufthansa,True,PL,EU,Europe,54.377602,18.4662,50.026706,8.55835,829.4250208915726
EDDF,departure,87304a,ANA204,EDDF,RJTT,1787135820.0,1787177990,EDDF,RJTT,1787135820.0,12,ANA,All Nippon Airways,False,JP,AS,Intercontinental,35.549678,139.786958,50.026706,8.55835,9362.506202768924
EDDF,departure,3c654e,LHX7TA,EDDF,EGLL,1787135793.0,1787140280,EDDF,EGLL,1787135793.0,12,LHX,Other / unmatched,False,GB,EU,Europe,51.470748,-0.459909,50.026706,8.55835,654.0165397367234
EDDF,departure,3c4a15,DLH568,EDDF,,1787135744.0,1787141840,EDDF,,1787135744.0,12,DLH,Lufthansa,True,,,unknown,,,50.026706,8.55835,
EDDF,departure,501c3b,CTN413,EDDF,,1787135652.0,1787139591,EDDF,,1787135652.0,12,CTN,Croatia Airlines,False,,,unknown,,,50.026706,8.55835,
EDDF,departure,3c7879,CFG9MK,EDDF,EDDF,1787135580.0,1787169344,EDDF,EDDF,1787135580.0,12,CFG,Condor Flugdienst,False,DE,EU,Domestic,50.026706,8.55835,50.026706,8.55835,0.0
EDDF,departure,3c6637,DLH44T,EDDF,LFMN,1787135501.0,1787139869,EDDF,LFMN,1787135501.0,12,DLH,Lufthansa,True,FR,EU,Europe,43.658401,7.21587,50.026706,8.55835,715.413528812061
EDDF,departure,3452c8,ANE51QE,EDDF,LEMD,1787135442.0,1787144368,EDDF,LEMD,1787135442.0,12,ANE,Air Nostrum,False,ES,EU,Europe,40.493407,-3.572249,50.026706,8.55835,1419.5153635411198
EDDF,departure,501c16,CFG1LM,EDDF,,1787135344.0,1787150329,EDDF,,1787135344.0,12,CFG,Condor Flugdienst,False,,,unknown,,,50.026706,8.55835,
EDDF,departure,3c15be,OCN642,EDDF,KTPA,1787135226.0,1787171545,EDDF,KTPA,1787135226.0,12,OCN,Discover Airlines,True,US,,Intercontinental,27.9755,-82.533203,50.026706,8.55835,7738.43938331718
EDDF,departure,3c656c,DLH594,EDDF,,1787135137.0,1787141669,EDDF,,1787135137.0,12,DLH,Lufthansa,True,,,unknown,,,50.026706,8.55835,
EDDF,departure,300781,DLH9EE,EDDF,LIMF,1787135046.0,1787138365,EDDF,LIMF,1787135046.0,12,DLH,Lufthansa,True,IT,EU,Europe,45.200802,7.64963,50.026706,8.55835,540.9103631086111
EDDF,departure,3c7438,TUI7VB,EDDF,,1787134982.0,1787150039,EDDF,,1787134982.0,12,TUI,Tuninter,False,,,unknown,,,50.026706,8.55835,
EDDF,departure,3c6583,DLH1EN,EDDF,LSZH,1787134904.0,1787137353,EDDF,LSZH,1787134904.0,12,DLH,Lufthansa,True,CH,EU,Europe,47.458056,8.548056,50.026706,8.55835,285.6218449218939
EDDF,departure,3c6634,DLH6HW,EDDF,EPKK,1787134839.0,1787138695,EDDF,EPKK,1787134839.0,12,DLH,Lufthansa,True,PL,EU,Europe,50.077702,19.7848,50.026706,8.55835,800.8011485417
EDDF,departure,4ba9c2,THY8FU,EDDF,,1787134714.0,1787142394,EDDF,,1787134714.0,12,THY,Turkish Airlines,False,,,unknown,,,50.026706,8.55835,
EDDF,departure,3c7982,CFG8FP,EDDF,,1787134636.0,1787149417,EDDF,,1787134636.0,12,CFG,Condor Flugdienst,False,,,unknown,,,50.026706,8.55835,
EDDF,departure,5001dc,MEA218,EDDF,OLBA,1787134569.0,1787146438,EDDF,OLBA,1787134569.0,12,MEA,Middle East Airlines,False,LB,AS,Intercontinental,33.819833,35.487443,50.026706,8.55835,2838.402622885617
EDDF,departure,3c7a48,CFG080,EDDF,KLAX,1787134562.0,1787174438,EDDF,KLAX,1787134562.0,12,CFG,Condor Flugdienst,False,US,,Intercontinental,33.942501,-118.407997,50.026706,8.55835,9321.953370596324
EDDF,departure,3c6588,DLH2LN,EDDF,LJLJ,1787134470.0,1787137655,EDDF,LJLJ,1787134470.0,12,DLH,Lufthansa,True,SI,EU,Europe,46.223701,14.4576,50.026706,8.55835,608.373527362607
EDDF,departure,3c6589,DLH4YE,EDDF,EPWA,1787134385.0,1787138716,EDDF,EPWA,1787134385.0,12,DLH,Lufthansa,True,PL,EU,Europe,52.165699,20.9671,50.026706,8.55835,897.3150269277251
EDDF,departure,3c70c6,GEC8386,EDDF,RJAA,1787134296.0,1787176726,EDDF,RJAA,1787134296.0,12,GEC,Lufthansa Cargo,True,JP,AS,Intercontinental,35.76858,140.388714,50.026706,8.55835,9367.47805681632
EDDF,departure,3c6641,DLH3UX,EDDF,LHBP,1787134200.0,1787138549,EDDF,LHBP,1787134200.0,12,DLH,Lufthansa,True,HU,EU,Europe,47.43018,19.262393,50.026706,8.55835,835.6031637955549
EDDF,departure,3c7a4d,CFG6KJ,EDDF,KSFO,1787134125.0,1787174253,EDDF,KSFO,1787134125.0,12,CFG,Condor Flugdienst,False,US,,Intercontinental,37.619806,-122.374821,50.026706,8.55835,9148.68295273629
EDDF,departure,4ca85c,ITY403,EDDF,LIRF,1787134102.0,1787139028,EDDF,LIRF,1787134102.0,12,ITY,ITA Airways,False,IT,EU,Europe,41.804532,12.251998,50.026706,8.55835,957.56108872809
EDDF,departure,4bcdd5,SXS7JP,EDDF,,1787134012.0,1787142804,EDDF,,1787134012.0,12,SXS,SunExpress,False,,,unknown,,,50.026706,8.55835,
EDDF,departure,3c664c,DLH2HH,EDDF,EDDB,1787133993.0,1787136659,EDDF,EDDB,1787133993.0,12,DLH,Lufthansa,True,DE,EU,Domestic,52.361738,13.502341,50.026706,8.55835,431.2414419348526
EDDF,departure,3c4592,BOX474,EDDF,KLAX,1787133907.0,1787172877,EDDF,KLAX,1787133907.0,12,BOX,Tiphook PLC,False,US,,Intercontinental,33.942501,-118.407997,50.026706,8.55835,9321.953370596324
EDDF,departure,3c5b32,OCN52,EDDF,KMSP,1787133847.0,1787166615,EDDF,KMSP,1787133847.0,12,OCN,Discover Airlines,True,US,,Intercontinental,44.880081,-93.221741,50.026706,8.55835,7049.349353951692
EDDF,departure,46b8ad,AEE831,EDDF,LGAV,1787133813.0,1787144603,EDDF,LGAV,1787133813.0,12,AEE,Aegean Airlines,False,GR,EU,Europe,37.936401,23.9445,50.026706,8.55835,1815.79438210604
EDDF,departure,3c6663,DLH53F,EDDF,,1787133733.0,1787139959,EDDF,,1787133733.0,12,DLH,Lufthansa,True,,,unknown,,,50.026706,8.55835,
EDDF,departure,3c65d6,DLH4WF,EDDF,EGPH,1787133721.0,1787139599,EDDF,EGPH,1787133721.0,12,DLH,Lufthansa,True,GB,EU,Europe,55.950145,-3.372288,50.026706,8.55835,1032.73961083289
EDDF,departure,3c70c9,GEC8400,EDDF,,1787133637.0,1787167481,EDDF,,1787133637.0,12,GEC,Lufthansa Cargo,True,,,unknown,,,50.026706,8.55835,
EDDF,departure,3c7a46,CFG4JR,EDDF,KJFK,1787133546.0,1787163167,EDDF,KJFK,1787133546.0,11,CFG,Condor Flugdienst,False,US,,Intercontinental,40.639447,-73.779317,50.026706,8.55835,6189.00001804495
EDDF,departure,abca08,DAL107,EDDF,KJFK,1787133385.0,1787163018,EDDF,KJFK,1787133385.0,11,DAL,Delta Air Lines,False,US,,Intercontinental,40.639447,-73.779317,50.026706,8.55835,6189.00001804495
EDDF,departure,3c4a03,DLH590,EDDF,HKJK,1787133361.0,1787161134,EDDF,HKJK,1787133361.0,11,DLH,Lufthansa,True,KE,AF,Intercontinental,-1.318886,36.928233,50.026706,8.55835,6316.467427855889
EDDF,departure,a290f3,UAL43,EDDF,KEWR,1787133270.0,1787162181,EDDF,KEWR,1787133270.0,11,UAL,United Airlines,False,US,,Intercontinental,40.6894,-74.170545,50.026706,8.55835,6210.886452481809
EDDF,departure,3c66e9,OCN75M,EDDF,LCLK,1787133213.0,1787145059,EDDF,LCLK,1787133213.0,11,OCN,Discover Airlines,True,CY,AS,Intercontinental,34.875099,33.624901,50.026706,8.55835,2636.342589361615
EDDF,departure,3c7a45,CFG116,EDDF,MMUN,1787133041.0,1787172440,EDDF,MMUN,1787133041.0,11,CFG,Condor Flugdienst,False,MX,,Intercontinental,21.040817,-86.87347,50.026706,8.55835,8604.91416343057
EDDF,departure,501c2f,CFG2DM,EDDF,,1787132895.0,1787141830,EDDF,,1787132895.0,11,CFG,Condor Flugdienst,False,,,unknown,,,50.026706,8.55835,
EDDF,departure,3c64ae,DLH1454,EDDF,,1787132807.0,1787137493,EDDF,,1787132807.0,11,DLH,Lufthansa,True,,,unknown,,,50.026706,8.55835,
EDDF,departure,3c64ac,DLH686,EDDF,LLBG,1787132701.0,1787145235,EDDF,LLBG,1787132701.0,11,DLH,Lufthansa,True,IL,AS,Intercontinental,32.011398,34.8867,50.026706,8.55835,2953.345743527266
EDDF,departure,4ca770,EIN65W,EDDF,EIDW,1787132580.0,1787139295,EDDF,EIDW,1787132580.0,11,EIN,Aer Lingus,False,IE,EU,Europe,53.428713,-6.262121,50.026706,8.55835,1086.1211676842795
EDDF,departure,89901b,CAL062,EDDF,,1787132550.0,1787138878,EDDF,,1787132550.0,11,CAL,China Airlines,False,,,unknown,,,50.026706,8.55835,
EDDF,departure,a2f2fa,UAL181,EDDF,KDEN,1787132431.0,1787166605,EDDF,KDEN,1787132431.0,11,UAL,United Airlines,False,US,,Intercontinental,39.860027,-104.673792,50.026706,8.55835,8088.781354468134
EDDF,departure,3c4a02,DLH3V,EDDF,KDTW,1787132344.0,1787162274,EDDF,KDTW,1787132344.0,11,DLH,Lufthansa,True,US,,Intercontinental,42.21377,-83.353786,50.026706,8.55835,6678.8358401538735
EDDF,departure,3c6469,CFG3TY,EDDF,,1787132340.0,1787138898,EDDF,,1787132340.0,11,CFG,Condor Flugdienst,False,,,unknown,,,50.026706,8.55835,
EDDF,departure,3c79ba,CFG5XP,EDDF,LEIB,1787132250.0,1787140055,EDDF,LEIB,1787132250.0,11,CFG,Condor Flugdienst,False,ES,EU,Europe,38.872898,1.37312,50.026706,8.55835,1363.5612542932633
EDDF,departure,461f9d,FIN9ML,EDDF,EFHK,1787132103.0,1787139626,EDDF,EFHK,1787132103.0,11,FIN,Finnair,False,FI,EU,Europe,60.318363,24.963341,50.026706,8.55835,1539.1314075144423
EDDF,departure,3c64c6,DLH758,EDDF,VOTX,1787132102.0,1787163689,EDDF,VOTX,1787132102.0,11,DLH,Lufthansa,True,IN,AS,Intercontinental,12.9072,80.121902,50.026706,8.55835,7598.245074579829
EDDF,departure,4bcdba,SXS8KM,EDDF,,1787131982.0,1787140135,EDDF,,1787131982.0,11,SXS,SunExpress,False,,,unknown,,,50.026706,8.55835,
EDDF,departure,3c4b2c,DLH430,EDDF,KORD,1787131879.0,1787162879,EDDF,KORD,1787131879.0,11,DLH,Lufthansa,True,US,,Intercontinental,41.9786,-87.9048,50.026706,8.55835,6970.7490959780225
EDDF,departure,4a08ec,ROT302R,EDDF,LROP,1787131817.0,1787138237,EDDF,LROP,1787131817.0,11,ROT,Tarom,False,RO,EU,Europe,44.571792,26.103285,50.026706,8.55835,1450.8551268606066
EDDF,departure,3009b8,DLA9FF,EDDF,LIRQ,1787131727.0,1787136224,EDDF,LIRQ,1787131727.0,11,DLA,Air Dolomiti,True,IT,EU,Europe,43.808558,11.202822,50.026706,8.55835,719.8838207762309
EDDF,departure,3c64ab,DLH878,EDDF,ENDU,1787131642.0,1787141531,EDDF,ENDU,1787131642.0,11,DLH,Lufthansa,True,NO,EU,Europe,69.055801,18.5404,50.026706,8.55835,2182.848440293788
EDDF,departure,440824,AUA20H,EDDF,LOWW,1787131584.0,1787135173,EDDF,LOWW,1787131584.0,11,AUA,Austrian,True,AT,EU,Europe,48.110298,16.5697,50.026706,8.55835,620.9306611285796
EDDF,departure,3c6518,DLH400,EDDF,KJFK,1787131478.0,1787161551,EDDF,KJFK,1787131478.0,11,DLH,Lufthansa,True,US,,Intercontinental,40.639447,-73.779317,50.026706,8.55835,6189.00001804495
EDDF,departure,3c6753,DLH76N,EDDF,LEMG,1787131470.0,1787141219,EDDF,LEMG,1787131470.0,11,DLH,Lufthansa,True,ES,EU,Europe,36.6749,-4.49911,50.026706,8.55835,1816.0427917550999
EDDF,departure,3c6519,DLH416,EDDF,KIAD,1787131375.0,1787162965,EDDF,KIAD,1787131375.0,11,DLH,Lufthansa,True,US,,Intercontinental,38.9445,-77.455803,50.026706,8.55835,6550.152063137044
EDDF,departure,3c6426,CFG030,EDDF,,1787131326.0,1787144818,EDDF,,1787131326.0,11,CFG,Condor Flugdienst,False,,,unknown,,,50.026706,8.55835,
EDDF,departure,3c4b23,DLH456,EDDF,KLAX,1787131226.0,1787169208,EDDF,KLAX,1787131226.0,11,DLH,Lufthansa,True,US,,Intercontinental,33.942501,-118.407997,50.026706,8.55835,9321.953370596324
EDDF,departure,3c6754,DLH29M,EDDF,LEBL,1787131189.0,1787137379,EDDF,LEBL,1787131189.0,11,DLH,Lufthansa,True,ES,EU,Europe,41.2971,2.07846,50.026706,8.55835,1092.5416501874115
EDDF,departure,738054,ELY358,EDDF,LLBG,1787131055.0,1787144487,EDDF,LLBG,1787131055.0,11,ELY,El Al Israel Airlines,False,IL,AS,Intercontinental,32.011398,34.8867,50.026706,8.55835,2953.345743527266
EDDF,departure,348085,AEA39FR,EDDF,LEMD,1787130965.0,1787139563,EDDF,LEMD,1787130965.0,11,AEA,Air Europa,False,ES,EU,Europe,40.493407,-3.572249,50.026706,8.55835,1419.5153635411198
EDDF,departure,44ce6c,BEL4LZ,EDDF,EBBR,1787130852.0,1787133029,EDDF,EBBR,1787130852.0,11,BEL,Brussels Airlines,True,BE,EU,Europe,50.901402,4.48444,50.026706,8.55835,304.2739348548036
EDDF,departure,abc29a,DAL87,EDDF,KDTW,1787130844.0,1787162137,EDDF,KDTW,1787130844.0,11,DAL,Delta Air Lines,False,US,,Intercontinental,42.21377,-83.353786,50.026706,8.55835,6678.8358401538735
EDDF,departure,3c6678,DLH978,EDDF,,1787130747.0,1787137344,EDDF,,1787130747.0,11,DLH,Lufthansa,True,,,unknown,,,50.026706,8.55835,
EDDF,departure,a28bd3,N263TH,EDDF,EGSS,1787130673.0,1787134709,EDDF,EGSS,1787130673.0,11,,Other / unmatched,False,GB,EU,Europe,51.884998,0.235,50.026706,8.55835,618.1089186193377
EDDF,departure,3c4b30,DLH462,EDDF,KMIA,1787130516.0,1787164596,EDDF,KMIA,1787130516.0,11,DLH,Lufthansa,True,US,,Intercontinental,25.796011,-80.289751,50.026706,8.55835,7762.638998086571
EDDF,departure,3c66e1,DLH7WJ,EDDF,ENBR,1787130515.0,1787136467,EDDF,ENBR,1787130515.0,11,DLH,Lufthansa,True,NO,EU,Europe,60.2934,5.21814,50.026706,8.55835,1160.7779160377402
EDDF,departure,4691c4,AEE34,EDDF,LGTS,1787130413.0,1787138023,EDDF,LGTS,1787130413.0,11,AEE,Aegean Airlines,False,GR,EU,Europe,40.51928,22.970009,50.026706,8.55835,1540.8276704959915
EDDF,departure,3c6702,DLH490,EDDF,KSEA,1787130393.0,1787164671,EDDF,KSEA,1787130393.0,11,DLH,Lufthansa,True,US,,Intercontinental,47.447943,-122.310276,50.026706,8.55835,8197.731175409263
EDDF,departure,48ae81,LOT6EA,EDDF,EPWA,1787130315.0,1787135002,EDDF,EPWA,1787130315.0,11,LOT,LOT Polish Airlines,False,PL,EU,Europe,52.165699,20.9671,50.026706,8.55835,897.3150269277251
EDDF,departure,3c65e4,DLH37E,EDDF,LPFR,1787130261.0,1787140228,EDDF,LPFR,1787130261.0,11,DLH,Lufthansa,True,PT,EU,Europe,37.015909,-7.970939,50.026706,8.55835,1958.3239178148403
EDDF,departure,44003a,AUA204,EDDF,LOWW,1787130173.0,1787133556,EDDF,LOWW,1787130173.0,11,AUA,Austrian,True,AT,EU,Europe,48.110298,16.5697,50.026706,8.55835,620.9306611285796
EDDF,departure,3c6573,DLH448,EDDF,KSTL,1787130150.0,1787164901,EDDF,KSTL,1787130150.0,11,DLH,Lufthansa,True,US,,Intercontinental,38.748697,-90.370003,50.026706,8.55835,7372.55960737386
EDDF,departure,3c6752,DLH5NP,EDDF,LIML,1787130068.0,1787133317,EDDF,LIML,1787130068.0,11,DLH,Lufthansa,True,IT,EU,Europe,45.445099,9.27674,50.026706,8.55835,512.2693769170622
EDDF,departure,abb3be,DAL15,EDDF,KATL,1787129977.0,1787165048,EDDF,KATL,1787129977.0,10,DAL,Delta Air Lines,False,US,,Intercontinental,33.6367,-84.428101,50.026706,8.55835,7409.172518688241
EDDF,departure,3c6745,DLH9TP,EDDF,LYBE,1787129954.0,1787134728,EDDF,LYBE,1787129954.0,10,DLH,Lufthansa,True,RS,EU,Europe,44.818401,20.309099,50.026706,8.55835,1054.9858217389628
EDDF,departure,3c4b35,DLH454,EDDF,KSFO,1787129852.0,1787168306,EDDF,KSFO,1787129852.0,10,DLH,Lufthansa,True,US,,Intercontinental,37.619806,-122.374821,50.026706,8.55835,9148.68295273629
EDDF,departure,501c43,CTN27H,EDDF,,1787129799.0,1787134031,EDDF,,1787129799.0,10,CTN,Croatia Airlines,False,,,unknown,,,50.026706,8.55835,
EDDF,departure,4d251f,VJT536,EDDF,ESSL,1787129705.0,1787134873,EDDF,ESSL,1787129705.0,10,VJT,Vistajet,False,SE,EU,Europe,58.404909,15.684499,50.026706,8.55835,1039.139047195988
EDDF,departure,3c6743,DLH8PK,EDDF,LIRF,1787129611.0,1787134437,EDDF,LIRF,1787129611.0,10,DLH,Lufthansa,True,IT,EU,Europe,41.804532,12.251998,50.026706,8.55835,957.56108872809
EDDF,departure,3c656e,DLH408,EDDF,KRDU,1787129516.0,1787163891,EDDF,KRDU,1787129516.0,10,DLH,Lufthansa,True,US,,Intercontinental,35.878659,-78.7873,50.026706,8.55835,6866.8775169558285
EDDF,departure,89653e,ETD7BR,EDDF,OMAA,1787129475.0,1787149442,EDDF,OMAA,1787129475.0,10,ETD,Etihad Airways,False,AE,AS,Intercontinental,24.440966,54.649237,50.026706,8.55835,4861.775914016736
EDDF,departure,3c64f0,DLH438,EDDF,KDFW,1787129334.0,1787166839,EDDF,KDFW,1787129334.0,10,DLH,Lufthansa,True,US,,Intercontinental,32.896801,-97.038002,50.026706,8.55835,8257.843189902234
EDDF,departure,3c6545,DLH6RK,EDDF,,1787129296.0,1787134343,EDDF,,1787129296.0,10,DLH,Lufthansa,True,,,unknown,,,50.026706,8.55835,
EDDF,departure,485875,KLM24J,EDDF,EHAM,1787129191.0,1787132081,EDDF,EHAM,1787129191.0,10,KLM,KLM Royal Dutch Airlines,False,NL,EU,Europe,52.308601,4.76389,50.026706,8.55835,366.48146892987825
EDDF,departure,3c66b6,OCN910,EDDF,,1787129170.0,1787132527,EDDF,,1787129170.0,10,OCN,Discover Airlines,True,,,unknown,,,50.026706,8.55835,
EDDF,departure,3c6747,DLH25K,EDDF,LFRS,1787129094.0,1787133808,EDDF,LFRS,1787129094.0,10,DLH,Lufthansa,True,FR,EU,Europe,47.153198,-1.61073,50.026706,8.55835,812.4603863873532
EDDF,departure,3c7983,CFG7LC,EDDF,,1787129003.0,1787135117,EDDF,,1787129003.0,10,CFG,Condor Flugdienst,False,,,unknown,,,50.026706,8.55835,
EDDF,departure,c0582b,ACA841,EDDF,CYYZ,1787128921.0,1787158679,EDDF,CYYZ,1787128921.0,10,ACA,Air Canada,False,CA,,Intercontinental,43.675935,-79.629421,50.026706,8.55835,6343.611622614194
EDDF,departure,3c6446,DLH1558,EDDF,,1787128903.0,1787134618,EDDF,,1787128903.0,10,DLH,Lufthansa,True,,,unknown,,,50.026706,8.55835,
EDDF,departure,3c66ae,DLH1TN,EDDF,ENGM,1787128804.0,1787134294,EDDF,ENGM,1787128804.0,10,DLH,Lufthansa,True,NO,EU,Europe,60.193901,11.1004,50.026706,8.55835,1141.8263314571998
EDDF,departure,3c66b3,OCN4WJ,EDDF,LEPA,1787128780.0,1787135455,EDDF,LEPA,1787128780.0,10,OCN,Discover Airlines,True,ES,EU,Europe,39.551701,2.73881,50.026706,8.55835,1251.0699144927974
EDDF,departure,3c6666,DLH3MU,EDDF,,1787128703.0,1787132632,EDDF,,1787128703.0,10,DLH,Lufthansa,True,,,unknown,,,50.026706,8.55835,
EDDF,departure,3c4a8c,DLH3CF,EDDF,KIAH,1787128626.0,1787165382,EDDF,KIAH,1787128626.0,10,DLH,Lufthansa,True,US,,Intercontinental,29.9844,-95.3414,50.026706,8.55835,8402.197494570984
EDDF,departure,3c674f,DLH4RJ,EDDF,ESSA,1787128548.0,1787134603,EDDF,ESSA,1787128548.0,10,DLH,Lufthansa,True,SE,EU,Europe,59.64849,17.928829,50.026706,8.55835,1224.0229013959924
EDDF,departure,3c70c7,GEC8374,EDDF,VOMM,1787128516.0,1787159369,EDDF,VOMM,1787128516.0,10,GEC,Lufthansa Cargo,True,IN,AS,Intercontinental,12.990005,80.169296,50.026706,8.55835,7594.66425368383
EDDF,departure,451d8c,ASL30R,EDDF,LYBE,1787128406.0,1787133018,EDDF,LYBE,1787128406.0,10,ASL,Air Serbia,False,RS,EU,Europe,44.818401,20.309099,50.026706,8.55835,1054.9858217389628
EDDF,departure,3c4a04,DLH444,EDDF,KATL,1787128386.0,1787162363,EDDF,KATL,1787128386.0,10,DLH,Lufthansa,True,US,,Intercontinental,33.6367,-84.428101,50.026706,8.55835,7409.172518688241
EDDF,departure,3c6672,DLH7AA,EDDF,EPKK,1787128315.0,1787132411,EDDF,EPKK,1787128315.0,10,DLH,Lufthansa,True,PL,EU,Europe,50.077702,19.7848,50.026706,8.55835,800.8011485417
EDDF,departure,501c4b,CTN9HR,EDDF,LDZL,1787128188.0,1787131413,EDDF,LDZL,1787128188.0,10,CTN,Croatia Airlines,False,HR,EU,Europe,45.766725,15.849709,50.026706,8.55835,720.4275521931953
EDDF,departure,3c644a,DLH3KK,EDDF,EDDN,1787128091.0,1787129759,EDDF,EDDN,1787128091.0,10,DLH,Lufthansa,True,DE,EU,Domestic,49.498699,11.078056,50.026706,8.55835,190.2564158127778
EDDF,departure,3c6449,DLH890,EDDF,EVRA,1787127992.0,1787134089,EDDF,EVRA,1787127992.0,10,DLH,Lufthansa,True,LV,EU,Europe,56.920752,23.970711,50.026706,8.55835,1271.1934455558473
EDDF,departure,3c664f,DLH4LC,EDDF,EDDM,1787127972.0,1787130137,EDDF,EDDM,1787127972.0,10,DLH,Lufthansa,True,DE,EU,Domestic,48.353802,11.7861,50.026706,8.55835,299.3253023081836
EDDF,departure,3c6445,DLH6JT,EDDF,LKPR,1787127878.0,1787130239,EDDF,LKPR,1787127878.0,10,DLH,Lufthansa,True,CZ,EU,Europe,50.100874,14.259911,50.026706,8.55835,406.96118852195696
EDDF,departure,3c6543,LHX4UT,EDDF,EGLL,1787127780.0,1787132805,EDDF,EGLL,1787127780.0,10,LHX,Other / unmatched,False,GB,EU,Europe,51.470748,-0.459909,50.026706,8.55835,654.0165397367234
EDDF,departure,3c6669,DLH2EP,EDDF,EKCH,1787127669.0,1787131360,EDDF,EKCH,1787127669.0,10,DLH,Lufthansa,True,DK,EU,Europe,55.617900848389,12.656000137329,50.026706,8.55835,679.6633259560357
EDDF,departure,3c64a6,DLH583,EDDF,EDDF,1787127615.0,1787161362,EDDF,EDDF,1787127615.0,10,DLH,Lufthansa,True,DE,EU,Domestic,50.026706,8.55835,50.026706,8.55835,0.0
EDDF,departure,3c6482,DLH1VR,EDDF,EDDH,1787127453.0,1787129998,EDDF,EDDH,1787127453.0,10,DLH,Lufthansa,True,DE,EU,Domestic,53.630402,9.98823,50.026706,8.55835,412.5616454312047
EDDF,departure,3c6467,CFG4PT,EDDF,LKPR,1787127430.0,1787130057,EDDF,LKPR,1787127430.0,10,CFG,Condor Flugdienst,False,CZ,EU,Europe,50.100874,14.259911,50.026706,8.55835,406.96118852195696
EDDF,departure,3c674d,DLH9912,EDDF,LHBP,1787127354.0,1787133260,EDDF,LHBP,1787127354.0,10,DLH,Lufthansa,True,HU,EU,Europe,47.43018,19.262393,50.026706,8.55835,835.6031637955549
EDDF,departure,3c6483,DLH9YC,EDDF,LBSF,1787127261.0,1787133257,EDDF,LBSF,1787127261.0,10,DLH,Lufthansa,True,BG,EU,Europe,42.696357,23.417671,50.026706,8.55835,1397.533198762108
EDDF,departure,3c654a,LHX942,EDDF,EGCC,1787127157.0,1787132218,EDDF,EGCC,1787127157.0,10,LHX,Other / unmatched,False,GB,EU,Europe,53.349375,-2.279521,50.026706,8.55835,832.3063454508671
EDDF,departure,4b19fd,CFG9XU,EDDF,LIMC,1787127120.0,1787130044,EDDF,LIMC,1787127120.0,10,CFG,Condor Flugdienst,False,IT,EU,Europe,45.6306,8.72811,50.026706,8.55835,488.98855027228177
EDDF,departure,c058d5,ACA845,EDDF,CYUL,1787126916.0,1787153541,EDDF,CYUL,1787126916.0,10,ACA,Air Canada,False,CA,,Intercontinental,45.467837,-73.742294,50.026706,8.55835,5854.631765664902
EDDF,departure,3c6741,DLH1KJ,EDDF,LSZH,1787126890.0,1787129187,EDDF,LSZH,1787126890.0,10,DLH,Lufthansa,True,CH,EU,Europe,47.458056,8.548056,50.026706,8.55835,285.6218449218939
EDDF,departure,3c6487,DLH26C,EDDF,LEBL,1787126853.0,1787133117,EDDF,LEBL,1787126853.0,10,DLH,Lufthansa,True,ES,EU,Europe,41.2971,2.07846,50.026706,8.55835,1092.5416501874115
EDDF,departure,3c6662,DLH5MV,EDDF,LROP,1787126771.0,1787132967,EDDF,LROP,1787126771.0,10,DLH,Lufthansa,True,RO,EU,Europe,44.571792,26.103285,50.026706,8.55835,1450.8551268606066
EDDF,departure,3c65c2,DLH2UX,EDDF,EHAM,1787126761.0,1787129728,EDDF,EHAM,1787126761.0,10,DLH,Lufthansa,True,NL,EU,Europe,52.308601,4.76389,50.026706,8.55835,366.48146892987825
EDDF,departure,398601,AFR1519,EDDF,LFPG,1787126700.0,1787129950,EDDF,LFPG,1787126700.0,10,AFR,Air France,False,FR,EU,Europe,49.00896,2.554117,50.026706,8.55835,447.8305266654691
EDDF,departure,3c675a,DLH3WU,EDDF,EDDB,1787126615.0,1787129428,EDDF,EDDB,1787126615.0,10,DLH,Lufthansa,True,DE,EU,Domestic,52.361738,13.502341,50.026706,8.55835,431.2414419348526
EDDF,departure,3c6658,DLH4WE,EDDF,LMML,1787126564.0,1787134138,EDDF,LMML,1787126564.0,10,DLH,Lufthansa,True,MT,EU,Europe,35.845932,14.491546,50.026706,8.55835,1647.813282230987
EDDF,departure,3c66ba,OCN23F,EDDF,LEIB,1787126489.0,1787133659,EDDF,LEIB,1787126489.0,10,OCN,Discover Airlines,True,ES,EU,Europe,38.872898,1.37312,50.026706,8.55835,1363.5612542932633
EDDF,departure,3c6668,DLH880,EDDF,EETN,1787126390.0,1787133131,EDDF,EETN,1787126390.0,9,DLH,Lufthansa,True,EE,EU,Europe,59.413246,24.83264,50.026706,8.55835,1469.6340797106222
EDDF,departure,494109,NJE563G,EDDF,LIPE,1787126343.0,1787130186,EDDF,LIPE,1787126343.0,9,NJE,NetJets,False,IT,EU,Europe,44.5354,11.2887,50.026706,8.55835,644.2894117734543
EDDF,departure,3c6551,LHX848,EDDF,EFHK,1787126272.0,1787133539,EDDF,EFHK,1787126272.0,9,LHX,Other / unmatched,False,FI,EU,Europe,60.318363,24.963341,50.026706,8.55835,1539.1314075144423
EDDF,departure,06a2e4,QTR83G,EDDF,OTHH,1787126252.0,1787145971,EDDF,OTHH,1787126252.0,9,QTR,Qatar Airways,False,QA,AS,Intercontinental,25.273056,51.608056,50.026706,8.55835,4588.088807286664
EDDF,departure,3c666f,DLH02F,EDDF,LEMD,1787126104.0,1787134177,EDDF,LEMD,1787126104.0,9,DLH,Lufthansa,True,ES,EU,Europe,40.493407,-3.572249,50.026706,8.55835,1419.5153635411198
EDDF,departure,3c648a,DLH21A,EDDF,LEVC,1787125978.0,1787133596,EDDF,LEVC,1787125978.0,9,DLH,Lufthansa,True,ES,EU,Europe,39.489162,-0.480961,50.026706,8.55835,1369.719226703799
EDDF,departure,3c6671,DLH1322,EDDF,,1787125811.0,1787132369,EDDF,,1787125811.0,9,DLH,Lufthansa,True,,,unknown,,,50.026706,8.55835,
EDDF,departure,3c64b1,DLH82V,EDDF,LPPR,1787125700.0,1787134157,EDDF,LPPR,1787125700.0,9,DLH,Lufthansa,True,PT,EU,Europe,41.2481002808,-8.68138980865,50.026706,8.55835,1651.6233885914048
EDDF,departure,3c65c9,DLH4PP,EDDF,LGAV,1787125621.0,1787134362,EDDF,LGAV,1787125621.0,9,DLH,Lufthansa,True,GR,EU,Europe,37.936401,23.9445,50.026706,8.55835,1815.79438210604
EDDF,departure,3c65ca,DLH894,EDDF,EYVI,1787125592.0,1787131420,EDDF,EYVI,1787125592.0,9,DLH,Lufthansa,True,LT,EU,Europe,54.634102,25.285801,50.026706,8.55835,1242.7890185646338
EDDF,departure,3c64b0,DLH39X,EDDF,LPPT,1787125590.0,1787135489,EDDF,LPPT,1787125590.0,9,DLH,Lufthansa,True,PT,EU,Europe,38.7813,-9.13592,50.026706,8.55835,1872.7106698088141
EDDF,departure,3c6744,DLH33M,EDDF,LFPG,1787125333.0,1787128570,EDDF,LFPG,1787125333.0,9,DLH,Lufthansa,True,FR,EU,Europe,49.00896,2.554117,50.026706,8.55835,447.8305266654691
EDDF,departure,3c667a,DLH17F,EDDF,LEMG,1787125332.0,1787134824,EDDF,LEMG,1787125332.0,9,DLH,Lufthansa,True,ES,EU,Europe,36.6749,-4.49911,50.026706,8.55835,1816.0427917550999
EDDF,departure,44001b,AUA202,EDDF,LOWW,1787125170.0,1787128492,EDDF,LOWW,1787125170.0,9,AUA,Austrian,True,AT,EU,Europe,48.110298,16.5697,50.026706,8.55835,620.9306611285796
EDDF,departure,3c65ce,DLH8UL,EDDF,EGBB,1787125085.0,1787129565,EDDF,EGBB,1787125085.0,9,DLH,Lufthansa,True,GB,EU,Europe,52.453899,-1.74803,50.026706,8.55835,765.7189968549203
EDDF,departure,3c65c5,DLH1UP,EDDF,EDDM,1787125045.0,1787126999,EDDF,EDDM,1787125045.0,9,DLH,Lufthansa,True,DE,EU,Domestic,48.353802,11.7861,50.026706,8.55835,299.3253023081836
EDDF,departure,3c65c6,DLH9MT,EDDF,EDDV,1787124963.0,1787126846,EDDF,EDDV,1787124963.0,9,DLH,Lufthansa,True,DE,EU,Domestic,52.461102,9.68508,50.026706,8.55835,281.8162021932354
EDDF,departure,3c64a2,DLH8ER,EDDF,LDRG,1787124954.0,1787128166,EDDF,LDRG,1787124954.0,9,DLH,Lufthansa,True,HR,EU,Europe,45.379501,14.5038,50.026706,8.55835,681.4448513888875
EDDF,departure,30055b,DLH2HW,EDDF,LSZM,1787124853.0,1787126871,EDDF,LSZM,1787124853.0,9,DLH,Lufthansa,True,CH,EU,Europe,47.078353,9.064662,50.026706,8.55835,329.9509076636581
EDDF,departure,3c6674,DLH6UA,EDDF,LIMC,1787124755.0,1787127869,EDDF,LIMC,1787124755.0,9,DLH,Lufthansa,True,IT,EU,Europe,45.6306,8.72811,50.026706,8.55835,488.98855027228177
EDDF,departure,aa2ca9,AAL705,EDDF,KCLT,1787124720.0,1787156975,EDDF,KCLT,1787124720.0,9,AAL,American Airlines,False,US,,Intercontinental,35.2140007019043,-80.94309997558594,50.026706,8.55835,7058.972507949479
EDDF,departure,3c674a,DLH1CW,EDDF,LHBP,1787124642.0,1787128688,EDDF,LHBP,1787124642.0,9,DLH,Lufthansa,True,HU,EU,Europe,47.43018,19.262393,50.026706,8.55835,835.6031637955549
EDDF,departure,3003af,DLA2LL,EDDF,ELLX,1787124330.0,1787126167,EDDF,ELLX,1787124330.0,9,DLA,Air Dolomiti,True,LU,EU,Europe,49.626845,6.212134,50.026706,8.55835,174.064410926245
EDDF,departure,3c64af,DLH1298,EDDF,,1787124231.0,1787131379,EDDF,,1787124231.0,9,DLH,Lufthansa,True,,,unknown,,,50.026706,8.55835,
EDDF,departure,3c4965,CFG9PE,EDDF,LIPZ,1787123975.0,1787127264,EDDF,LIPZ,1787123975.0,9,CFG,Condor Flugdienst,False,IT,EU,Europe,45.505299,12.3519,50.026706,8.55835,577.0149776234636
EDDF,departure,3c658e,DLH010,EDDF,EDDH,1787123888.0,1787126714,EDDF,EDDH,1787123888.0,9,DLH,Lufthansa,True,DE,EU,Domestic,53.630402,9.98823,50.026706,8.55835,412.5616454312047
EDDF,departure,501c2d,CFG6PF,EDDF,LHBP,1787123853.0,1787127877,EDDF,LHBP,1787123853.0,9,CFG,Condor Flugdienst,False,HU,EU,Europe,47.43018,19.262393,50.026706,8.55835,835.6031637955549
EDDF,departure,3c6650,DLH3EV,EDDF,EDDB,1787123777.0,1787126705,EDDF,EDDB,1787123777.0,9,DLH,Lufthansa,True,DE,EU,Domestic,52.361738,13.502341,50.026706,8.55835,431.2414419348526
EDDF,departure,4ca82e,EJU95EH,EDDF,LIML,1787123768.0,1787126965,EDDF,LIML,1787123768.0,9,EJU,easyJet,False,IT,EU,Europe,45.445099,9.27674,50.026706,8.55835,512.2693769170622
EDDF,departure,a11bc8,UAL945,EDDF,KORD,1787123631.0,1787154444,EDDF,KORD,1787123631.0,9,UAL,United Airlines,False,US,,Intercontinental,41.9786,-87.9048,50.026706,8.55835,6970.7490959780225
EDDF,departure,4b17fa,SWR41D,EDDF,LSZH,1787123494.0,1787125649,EDDF,LSZH,1787123494.0,9,SWR,Swiss,True,CH,EU,Europe,47.458056,8.548056,50.026706,8.55835,285.6218449218939
EDDF,departure,3c66e7,OCN4TC,EDDF,LGKO,1787123374.0,1787132173,EDDF,LGKO,1787123374.0,9,OCN,Discover Airlines,True,GR,AS,Intercontinental,36.794523,27.09115,50.026706,8.55835,2088.0366099301755
EDDF,departure,3c6586,DLH062,EDDF,EDDC,1787123170.0,1787125619,EDDF,EDDC,1787123170.0,9,DLH,Lufthansa,True,DE,EU,Domestic,51.134123,13.767831,50.026706,8.55835,387.7951333669981
EDDF,departure,3c6751,DLH6EM,EDDF,EPKK,1787123032.0,1787126939,EDDF,EPKK,1787123032.0,9,DLH,Lufthansa,True,PL,EU,Europe,50.077702,19.7848,50.026706,8.55835,800.8011485417
EDDF,departure,300738,DLH152,EDDF,EDDP,1787122920.0,1787125117,EDDF,EDDP,1787122920.0,9,DLH,Lufthansa,True,DE,EU,Domestic,51.420657,12.232705,50.026706,8.55835,301.484335885831
EDDF,departure,3c6670,DLH8MW,EDDF,LIPZ,1787122807.0,1787126079,EDDF,LIPZ,1787122807.0,9,DLH,Lufthansa,True,IT,EU,Europe,45.505299,12.3519,50.026706,8.55835,577.0149776234636
EDDF,departure,3c6757,DLH3LF,EDDF,EDDL,1787122726.0,1787124590,EDDF,EDDL,1787122726.0,8,DLH,Lufthansa,True,DE,EU,Domestic,51.289501,6.76678,50.026706,8.55835,188.8433278657816
EDDF,departure,3009b5,DLA1UV,EDDF,LIRP,1787122718.0,1787126927,EDDF,LIRP,1787122718.0,8,DLA,Air Dolomiti,True,IT,EU,Europe,43.683899,10.3927,50.026706,8.55835,718.8867403015707
EDDF,departure,3007f1,DLH836,EDDF,EKBI,1787122641.0,1787126397,EDDF,EKBI,1787122641.0,8,DLH,Lufthansa,True,DK,EU,Europe,55.740335,9.157019,50.026706,8.55835,636.5886595105571
EDDF,departure,3c654d,LHX1086,EDDF,LFML,1787122543.0,1787127009,EDDF,LFML,1787122543.0,8,LHX,Other / unmatched,False,FR,EU,Europe,43.438088,5.2125,50.026706,8.55835,775.5217113531144
EDDF,departure,3006b5,DLA4AV,EDDF,LIML,1787122460.0,1787125677,EDDF,LIML,1787122460.0,8,DLA,Air Dolomiti,True,IT,EU,Europe,45.445099,9.27674,50.026706,8.55835,512.2693769170622
EDDF,departure,3c658d,DLH8KF,EDDF,EPPO,1787122323.0,1787125979,EDDF,EPPO,1787122323.0,8,DLH,Lufthansa,True,PL,EU,Europe,52.421598,16.823359,50.026706,8.55835,633.6937581037554
EDDF,departure,44ce6a,BEL9DN,EDDF,EBBR,1787122140.0,1787124508,EDDF,EBBR,1787122140.0,8,BEL,Brussels Airlines,True,BE,EU,Europe,50.901402,4.48444,50.026706,8.55835,304.2739348548036
EDDF,departure,3009b3,DLA3AA,EDDF,EPWR,1787122060.0,1787125130,EDDF,EPWR,1787122060.0,8,DLA,Air Dolomiti,True,PL,EU,Europe,51.103719,16.882096,50.026706,8.55835,599.6391823914247
EDDF,departure,3c64ad,DLH63K,EDDF,LFPG,1787121988.0,1787125008,EDDF,LFPG,1787121988.0,8,DLH,Lufthansa,True,FR,EU,Europe,49.00896,2.554117,50.026706,8.55835,447.8305266654691
EDDF,departure,76cef3,SIA26,EDDF,KJFK,1787121981.0,1787150696,EDDF,KJFK,1787121981.0,8,SIA,Singapore Airlines,False,US,,Intercontinental,40.639447,-73.779317,50.026706,8.55835,6189.00001804495
EDDF,departure,4b1802,SWR38M,EDDF,LSGG,1787121924.0,1787124847,EDDF,LSGG,1787121924.0,8,SWR,Swiss,True,CH,EU,Europe,46.238098,6.10895,50.026706,8.55835,458.75348003207523
EDDF,departure,3c5434,BCS13G,EDDF,EGGW,1787121873.0,1787126483,EDDF,EGGW,1787121873.0,8,BCS,European Air Transport,False,GB,EU,Europe,51.874699,-0.368333,50.026706,8.55835,657.7192811437509
EDDF,departure,3c6474,CFG3JM,EDDF,LFPG,1787121844.0,1787124898,EDDF,LFPG,1787121844.0,8,CFG,Condor Flugdienst,False,FR,EU,Europe,49.00896,2.554117,50.026706,8.55835,447.8305266654691
EDDF,departure,3c64a4,DLH66T,EDDF,LEST,1787121759.0,1787129677,EDDF,LEST,1787121759.0,8,DLH,Lufthansa,True,ES,EU,Europe,42.896301,-8.41514,50.026706,8.55835,1517.5452284681191
EDDF,departure,502ce8,AUA200,EDDF,LOWW,1787121690.0,1787125062,EDDF,LOWW,1787121690.0,8,AUA,Austrian,True,AT,EU,Europe,48.110298,16.5697,50.026706,8.55835,620.9306611285796
EDDF,departure,4b19fe,CFG1ED,EDDF,EGKK,1787121610.0,1787127278,EDDF,EGKK,1787121610.0,8,CFG,Condor Flugdienst,False,GB,EU,Europe,51.148744,-0.185739,50.026706,8.55835,629.3869802008804
EDDF,departure,3c6746,DLH3YY,EDDF,ESGG,1787121450.0,1787125828,EDDF,ESGG,1787121450.0,8,DLH,Lufthansa,True,SE,EU,Europe,57.6628,12.2798,50.026706,8.55835,883.1568466070247
EDDF,departure,3c6634,DLH37T,EDDF,LOWS,1787121421.0,1787123866,EDDF,LOWS,1787121421.0,8,DLH,Lufthansa,True,AT,EU,Europe,47.793301,13.0043,50.026706,8.55835,408.8410070324141
EDDF,departure,3009b4,DLH6RT,EDDF,LJLJ,1787121408.0,1787124504,EDDF,LJLJ,1787121408.0,8,DLH,Lufthansa,True,SI,EU,Europe,46.223701,14.4576,50.026706,8.55835,608.373527362607
EDDF,departure,45cab6,DTR192,EDDF,LOLW,1787121222.0,1787124609,EDDF,LOLW,1787121222.0,8,DTR,DAT Danish Air Transport,False,AT,EU,Europe,48.182513,14.039283,50.026706,8.55835,448.45438201646084
EDDF,departure,3c4a21,DLH9XK,EDDF,EDDM,1787121111.0,1787123210,EDDF,EDDM,1787121111.0,8,DLH,Lufthansa,True,DE,EU,Domestic,48.353802,11.7861,50.026706,8.55835,299.3253023081836
EDDF,departure,3c65c1,DLH9VV,EDDF,LICA,1787120818.0,1787127547,EDDF,LICA,1787120818.0,8,DLH,Lufthansa,True,IT,EU,Europe,38.906214,16.246007,50.026706,8.55835,1377.0899947925852
EDDF,departure,3c65da,DLH6CH,EDDF,EGLL,1787120649.0,1787125977,EDDF,EGLL,1787120649.0,8,DLH,Lufthansa,True,GB,EU,Europe,51.470748,-0.459909,50.026706,8.55835,654.0165397367234
EDDF,departure,3c0acb,CFG5CY,EDDF,LIRF,1787120556.0,1787125761,EDDF,LIRF,1787120556.0,8,CFG,Condor Flugdienst,False,IT,EU,Europe,41.804532,12.251998,50.026706,8.55835,957.56108872809
EDDF,departure,3009b6,DLA3PH,EDDF,EGLC,1787120373.0,1787124807,EDDF,EGLC,1787120373.0,8,DLA,Air Dolomiti,True,GB,EU,Europe,51.505299,0.055278,50.026706,8.55835,619.8008219903955
EDDF,departure,3c6588,DLH6TR,EDDF,EHAM,1787120327.0,1787123424,EDDF,EHAM,1787120327.0,8,DLH,Lufthansa,True,NL,EU,Europe,52.308601,4.76389,50.026706,8.55835,366.48146892987825
EDDF,departure,3c6475,CFG8JV,EDDF,EDDH,1787120211.0,1787122768,EDDF,EDDH,1787120211.0,8,CFG,Condor Flugdienst,False,DE,EU,Domestic,53.630402,9.98823,50.026706,8.55835,412.5616454312047
EDDF,departure,4bcda4,SXS6KN,EDDF,,1787120190.0,1787129249,EDDF,,1787120190.0,8,SXS,SunExpress,False,,,unknown,,,50.026706,8.55835,
EDDF,departure,3009b2,DLA9HT,EDDF,LIRQ,1787120171.0,1787124526,EDDF,LIRQ,1787120171.0,8,DLA,Air Dolomiti,True,IT,EU,Europe,43.808558,11.202822,50.026706,8.55835,719.8838207762309
EDDF,departure,3c7878,CFG5JK,EDDF,LSZH,1787120109.0,1787122178,EDDF,LSZH,1787120109.0,8,CFG,Condor Flugdienst,False,CH,EU,Europe,47.458056,8.548056,50.026706,8.55835,285.6218449218939
EDDF,departure,484f80,KLM44P,EDDF,EHAM,1787120043.0,1787123076,EDDF,EHAM,1787120043.0,8,KLM,KLM Royal Dutch Airlines,False,NL,EU,Europe,52.308601,4.76389,50.026706,8.55835,366.48146892987825
EDDF,departure,3c0ac6,CFG6TJ,EDDF,LOWW,1787120024.0,1787123394,EDDF,LOWW,1787120024.0,8,CFG,Condor Flugdienst,False,AT,EU,Europe,48.110298,16.5697,50.026706,8.55835,620.9306611285796
EDDF,departure,4bccb9,SXS2,EDDF,LTXE,1787119951.0,1787129753,EDDF,LTXE,1787119951.0,8,SXS,SunExpress,False,TR,AS,Intercontinental,37.097222,30.648264,50.026706,8.55835,2272.9308350181973
EDDF,departure,3c6748,DLH4EF,EDDF,EDDH,1787119835.0,1787122510,EDDF,EDDH,1787119835.0,8,DLH,Lufthansa,True,DE,EU,Domestic,53.630402,9.98823,50.026706,8.55835,412.5616454312047
EDDF,departure,300781,DLH1WN,EDDF,LSZH,1787119793.0,1787121682,EDDF,LSZH,1787119793.0,8,DLH,Lufthansa,True,CH,EU,Europe,47.458056,8.548056,50.026706,8.55835,285.6218449218939
EDDF,departure,3c6742,DLH4HK,EDDF,EKCH,1787119720.0,1787123589,EDDF,EKCH,1787119720.0,8,DLH,Lufthansa,True,DK,EU,Europe,55.617900848389,12.656000137329,50.026706,8.55835,679.6633259560357
EDDF,departure,3c6473,CFG1RV,EDDF,EDDB,1787119594.0,1787122378,EDDF,EDDB,1787119594.0,8,CFG,Condor Flugdienst,False,DE,EU,Domestic,52.361738,13.502341,50.026706,8.55835,431.2414419348526
EDDF,departure,3c66eb,DLH53E,EDDF,LFMN,1787119389.0,1787123981,EDDF,LFMN,1787119389.0,8,DLH,Lufthansa,True,FR,EU,Europe,43.658401,7.21587,50.026706,8.55835,715.413528812061
EDDF,departure,3c6422,CFG5RE,EDDF,LEBL,1787119300.0,1787126004,EDDF,LEBL,1787119300.0,8,CFG,Condor Flugdienst,False,ES,EU,Europe,41.2971,2.07846,50.026706,8.55835,1092.5416501874115
EDDF,departure,3c6637,DLH174,EDDF,EDDB,1787118834.0,1787121611,EDDF,EDDB,1787118834.0,7,DLH,Lufthansa,True,DE,EU,Domestic,52.361738,13.502341,50.026706,8.55835,431.2414419348526
EDDF,departure,3e2ade,DIHKW,EDDF,EPPO,1787118266.0,1787122163,EDDF,EPPO,1787118266.0,7,DIH,Other / unmatched,False,PL,EU,Europe,52.421598,16.823359,50.026706,8.55835,633.6937581037554
EDDF,departure,3c65c3,DLH800,EDDF,ESSA,1787118112.0,1787124112,EDDF,ESSA,1787118112.0,7,DLH,Lufthansa,True,SE,EU,Europe,59.64849,17.928829,50.026706,8.55835,1224.0229013959924
EDDF,departure,398568,AFR41CG,EDDF,LFPG,1787117883.0,1787121015,EDDF,LFPG,1787117883.0,7,AFR,Air France,False,FR,EU,Europe,49.00896,2.554117,50.026706,8.55835,447.8305266654691
EDDF,departure,3c6589,DLH8RX,EDDF,LKPR,1787117779.0,1787120512,EDDF,LKPR,1787117779.0,7,DLH,Lufthansa,True,CZ,EU,Europe,50.100874,14.259911,50.026706,8.55835,406.96118852195696
EDDF,departure,3c6917,CFG2RX,EDDF,EDDM,1787117599.0,1787119746,EDDF,EDDM,1787117599.0,7,CFG,Condor Flugdienst,False,DE,EU,Domestic,48.353802,11.7861,50.026706,8.55835,299.3253023081836
EDDF,departure,3c654e,LHX924,EDDF,EGLL,1787117437.0,1787122581,EDDF,EGLL,1787117437.0,7,LHX,Other / unmatched,False,GB,EU,Europe,51.470748,-0.459909,50.026706,8.55835,654.0165397367234
EDDF,departure,3c6485,DLH2EW,EDDF,EPWA,1787117411.0,1787121777,EDDF,EPWA,1787117411.0,7,DLH,Lufthansa,True,PL,EU,Europe,52.165699,20.9671,50.026706,8.55835,897.3150269277251
EDDF,departure,3c6753,DLH3HH,EDDF,EDDM,1787117308.0,1787119337,EDDF,EDDM,1787117308.0,7,DLH,Lufthansa,True,DE,EU,Domestic,48.353802,11.7861,50.026706,8.55835,299.3253023081836
EDDF,departure,3c664e,DLH9LL,EDDF,LIRF,1787117227.0,1787121837,EDDF,LIRF,1787117227.0,7,DLH,Lufthansa,True,IT,EU,Europe,41.804532,12.251998,50.026706,8.55835,957.56108872809
EDDF,departure,3c66a1,DLH6LC,EDDF,EIDW,1787117150.0,1787123669,EDDF,EIDW,1787117150.0,7,DLH,Lufthansa,True,IE,EU,Europe,53.428713,-6.262121,50.026706,8.55835,1086.1211676842795
EDDF,departure,3c65d8,DLH9MN,EDDF,LGAV,1787117079.0,1787125275,EDDF,LGAV,1787117079.0,7,DLH,Lufthansa,True,GR,EU,Europe,37.936401,23.9445,50.026706,8.55835,1815.79438210604
EDDF,departure,4cc547,ICE525,EDDF,BIKF,1787117013.0,1787128975,EDDF,BIKF,1787117013.0,7,ICE,Icelandair,False,IS,EU,Europe,63.985001,-22.6056,50.026706,8.55835,2401.2520633495587
EDDF,departure,3c65e2,DLH5PP,EDDF,LHBP,1787116809.0,1787121043,EDDF,LHBP,1787116809.0,7,DLH,Lufthansa,True,HU,EU,Europe,47.43018,19.262393,50.026706,8.55835,835.6031637955549
EDDF,departure,3c66b9,OCN14M,EDDF,,1787116679.0,1787123708,EDDF,,1787116679.0,7,OCN,Discover Airlines,True,,,unknown,,,50.026706,8.55835,
EDDF,departure,3c6745,DLH6VV,EDDF,EDDV,1787116391.0,1787118556,EDDF,EDDV,1787116391.0,7,DLH,Lufthansa,True,DE,EU,Domestic,52.461102,9.68508,50.026706,8.55835,281.8162021932354
EDDF,departure,3c644a,DLH3XA,EDDF,ELLX,1787116358.0,1787117829,EDDF,ELLX,1787116358.0,7,DLH,Lufthansa,True,LU,EU,Europe,49.626845,6.212134,50.026706,8.55835,174.064410926245
EDDF,departure,3c70ca,GEC8402,EDDF,,1787116246.0,1787150728,EDDF,,1787116246.0,7,GEC,Lufthansa Cargo,True,,,unknown,,,50.026706,8.55835,
EDDF,departure,3c6754,DLH9KX,EDDF,EDDH,1787116226.0,1787118928,EDDF,EDDH,1787116226.0,7,DLH,Lufthansa,True,DE,EU,Domestic,53.630402,9.98823,50.026706,8.55835,412.5616454312047
EDDF,departure,3c6641,DLH4YF,EDDF,LIMC,1787116009.0,1787119018,EDDF,LIMC,1787116009.0,7,DLH,Lufthansa,True,IT,EU,Europe,45.6306,8.72811,50.026706,8.55835,488.98855027228177
EDDF,departure,3c6758,DLH8CK,EDDF,ENGM,1787115713.0,1787121833,EDDF,ENGM,1787115713.0,7,DLH,Lufthansa,True,NO,EU,Europe,60.193901,11.1004,50.026706,8.55835,1141.8263314571998
EDDF,departure,3c64ae,DLH172,EDDF,EDDB,1787115435.0,1787118599,EDDF,EDDB,1787115435.0,6,DLH,Lufthansa,True,DE,EU,Domestic,52.361738,13.502341,50.026706,8.55835,431.2414419348526
EDDF,departure,3c66b3,OCN1000,EDDF,EDDM,1787115431.0,1787117591,EDDF,EDDM,1787115431.0,6,OCN,Discover Airlines,True,DE,EU,Domestic,48.353802,11.7861,50.026706,8.55835,299.3253023081836
EDDF,departure,4ba914,THY3NU,EDDF,,1787115353.0,1787122628,EDDF,,1787115353.0,6,THY,Turkish Airlines,False,,,unknown,,,50.026706,8.55835,
EDDF,departure,3c66e1,DLH1CH,EDDF,LSGG,1787115157.0,1787117922,EDDF,LSGG,1787115157.0,6,DLH,Lufthansa,True,CH,EU,Europe,46.238098,6.10895,50.026706,8.55835,458.75348003207523
EDDF,departure,4063de,BAW911U,EDDF,EGLL,1787115070.0,1787119934,EDDF,EGLL,1787115070.0,6,BAW,British Airways,False,GB,EU,Europe,51.470748,-0.459909,50.026706,8.55835,654.0165397367234
EDDF,departure,440608,AUA218D,EDDF,LOWW,1787114877.0,1787118766,EDDF,LOWW,1787114877.0,6,AUA,Austrian,True,AT,EU,Europe,48.110298,16.5697,50.026706,8.55835,620.9306611285796
EDDF,departure,348603,ANE1332,EDDF,LEMD,1787114507.0,1787122550,EDDF,LEMD,1787114507.0,6,ANE,Air Nostrum,False,ES,EU,Europe,40.493407,-3.572249,50.026706,8.55835,1419.5153635411198
EDDF,departure,3c66b4,OCN6AQ,EDDF,LGRP,1787114416.0,1787124368,EDDF,LGRP,1787114416.0,6,OCN,Discover Airlines,True,GR,AS,Intercontinental,36.405399,28.086201,50.026706,8.55835,2178.0008615128454
EDDF,departure,3c786c,CFG7AL,EDDF,LEPA,1787114287.0,1787120605,EDDF,LEPA,1787114287.0,6,CFG,Condor Flugdienst,False,ES,EU,Europe,39.551701,2.73881,50.026706,8.55835,1251.0699144927974
EDDF,departure,3c0c9e,TUI3LH,EDDF,LGKO,1787113588.0,1787122437,EDDF,LGKO,1787113588.0,6,TUI,Tuninter,False,GR,AS,Intercontinental,36.794523,27.09115,50.026706,8.55835,2088.0366099301755
EDDF,departure,440356,TAY5TR,EDDF,EDDS,1787112061.0,1787113526,EDDF,EDDS,1787112061.0,6,TAY,TNT Airways,False,DE,EU,Domestic,48.689899,9.22196,50.026706,8.55835,156.22110871817617
EDDF,departure,4951ce,TAP575,EDDF,LPPT,1787111981.0,1787122493,EDDF,LPPT,1787111981.0,5,TAP,TAP Portugal,False,PT,EU,Europe,38.7813,-9.13592,50.026706,8.55835,1872.7106698088141
EDDF,departure,3cc249,AWH93L,EDDF,LOWW,1787111632.0,1787114908,EDDF,LOWW,1787111632.0,5,AWH,Other / unmatched,False,AT,EU,Europe,48.110298,16.5697,50.026706,8.55835,620.9306611285796
EDDF,departure,3c7438,TUI3WL,EDDF,LEPA,1787111060.0,1787117305,EDDF,LEPA,1787111060.0,5,TUI,Tuninter,False,ES,EU,Europe,39.551701,2.73881,50.026706,8.55835,1251.0699144927974
EDDF,departure,3c7428,TUI3YJ,EDDF,LGRP,1787109852.0,1787119279,EDDF,LGRP,1787109852.0,5,TUI,Tuninter,False,GR,AS,Intercontinental,36.405399,28.086201,50.026706,8.55835,2178.0008615128454
EDDF,departure,3c65e1,DLH306,EDDF,LICZ,1787109671.0,1787116717,EDDF,LICZ,1787109671.0,5,DLH,Lufthansa,True,IT,EU,Europe,37.401699,14.9224,50.026706,8.55835,1492.7403516768763
EDDF,departure,3c7985,CFG2KP,EDDF,LEPA,1787108893.0,1787115188,EDDF,LEPA,1787108893.0,5,CFG,Condor Flugdienst,False,ES,EU,Europe,39.551701,2.73881,50.026706,8.55835,1251.0699144927974
EDDF,departure,3c66e8,OCN2KC,EDDF,,1787108820.0,1787116696,EDDF,,1787108820.0,5,OCN,Discover Airlines,True,,,unknown,,,50.026706,8.55835,
EDDF,departure,3c66b2,OCN9ZF,EDDF,,1787108677.0,1787117152,EDDF,,1787108677.0,5,OCN,Discover Airlines,True,,,unknown,,,50.026706,8.55835,
EDDF,departure,3c0ca7,TUI28B,EDDF,,1787108596.0,1787116138,EDDF,,1787108596.0,5,TUI,Tuninter,False,,,unknown,,,50.026706,8.55835,
EDDF,departure,3c79ba,CFG1WT,EDDF,LEPA,1787108418.0,1787114568,EDDF,LEPA,1787108418.0,5,CFG,Condor Flugdienst,False,ES,EU,Europe,39.551701,2.73881,50.026706,8.55835,1251.0699144927974
EDDF,departure,3c6426,CFG1AY,EDDF,,1787108358.0,1787113511,EDDF,,1787108358.0,4,CFG,Condor Flugdienst,False,,,unknown,,,50.026706,8.55835,
EDDF,departure,501d20,CFG3LP,EDDF,,1787107992.0,1787116734,EDDF,,1787107992.0,4,CFG,Condor Flugdienst,False,,,unknown,,,50.026706,8.55835,
EDDF,arrival,3c0aca,CFG8CT,,EDDF,1787159710.0,1787173767,EDDF,,1787173767.0,23,CFG,Condor Flugdienst,False,,,unknown,,,50.026706,8.55835,
EDDF,arrival,3c7427,TUI7NX,EDDF,EDDF,1787138143.0,1787171618,EDDF,EDDF,1787171618.0,22,TUI,Tuninter,False,DE,EU,Domestic,50.026706,8.55835,50.026706,8.55835,0.0
EDDF,arrival,501c16,CFG1MW,,EDDF,1787157890.0,1787171024,EDDF,,1787171024.0,22,CFG,Condor Flugdienst,False,,,unknown,,,50.026706,8.55835,
EDDF,arrival,4075fe,BAW910N,EGLL,EDDF,1787167336.0,1787170856,EDDF,EGLL,1787170856.0,22,BAW,British Airways,False,GB,EU,Europe,51.470748,-0.459909,50.026706,8.55835,654.0165397367234
EDDF,arrival,3c6469,CFG3PW,LEPA,EDDF,1787164302.0,1787170723,EDDF,LEPA,1787170723.0,22,CFG,Condor Flugdienst,False,ES,EU,Europe,39.551701,2.73881,50.026706,8.55835,1251.0699144927974
EDDF,arrival,3c66b8,OCN21K,,EDDF,1787157757.0,1787170604,EDDF,,1787170604.0,22,OCN,Discover Airlines,True,,,unknown,,,50.026706,8.55835,
EDDF,arrival,3c7438,TUI2EA,,EDDF,1787157221.0,1787170477,EDDF,,1787170477.0,22,TUI,Tuninter,False,,,unknown,,,50.026706,8.55835,
EDDF,arrival,3c6752,DLH5MR,EDDM,EDDF,1787168246.0,1787170363,EDDF,EDDM,1787170363.0,22,DLH,Lufthansa,True,DE,EU,Domestic,48.353802,11.7861,50.026706,8.55835,299.3253023081836
EDDF,arrival,486803,KLM53T,EHAM,EDDF,1787167868.0,1787170252,EDDF,EHAM,1787170252.0,22,KLM,KLM Royal Dutch Airlines,False,NL,EU,Europe,52.308601,4.76389,50.026706,8.55835,366.48146892987825
EDDF,arrival,3c0c9e,TUI6MB,,EDDF,1787160201.0,1787170124,EDDF,,1787170124.0,22,TUI,Tuninter,False,,,unknown,,,50.026706,8.55835,
EDDF,arrival,398563,AFR25WU,LFPG,EDDF,1787167052.0,1787170016,EDDF,LFPG,1787170016.0,22,AFR,Air France,False,FR,EU,Europe,49.00896,2.554117,50.026706,8.55835,447.8305266654691
EDDF,arrival,3c66e8,OCN2WK,,EDDF,1787165180.0,1787169914,EDDF,,1787169914.0,22,OCN,Discover Airlines,True,,,unknown,,,50.026706,8.55835,
EDDF,arrival,4951ce,TAP57LK,LPPT,EDDF,1787160910.0,1787169816,EDDF,LPPT,1787169816.0,22,TAP,TAP Portugal,False,PT,EU,Europe,38.7813,-9.13592,50.026706,8.55835,1872.7106698088141
EDDF,arrival,34604b,ANE88SC,LEMD,EDDF,1787162512.0,1787169716,EDDF,LEMD,1787169716.0,22,ANE,Air Nostrum,False,ES,EU,Europe,40.493407,-3.572249,50.026706,8.55835,1419.5153635411198
EDDF,arrival,3c66b2,OCN2Y,LPMA,EDDF,1787156416.0,1787169590,EDDF,LPMA,1787169590.0,21,OCN,Discover Airlines,True,PT,EU,Europe,32.697812,-16.774613,50.026706,8.55835,2834.9228109339347
EDDF,arrival,3c6917,CFG3NA,EGKK,EDDF,1787165678.0,1787169504,EDDF,EGKK,1787169504.0,21,CFG,Condor Flugdienst,False,GB,EU,Europe,51.148744,-0.185739,50.026706,8.55835,629.3869802008804
EDDF,arrival,3c7879,CFG9MK,EDDF,EDDF,1787135580.0,1787169344,EDDF,EDDF,1787169344.0,21,CFG,Condor Flugdienst,False,DE,EU,Domestic,50.026706,8.55835,50.026706,8.55835,0.0
EDDF,arrival,3c66e7,OCN515,LEPA,EDDF,1787162764.0,1787169062,EDDF,LEPA,1787169062.0,21,OCN,Discover Airlines,True,ES,EU,Europe,39.551701,2.73881,50.026706,8.55835,1251.0699144927974
EDDF,arrival,3c6743,DLH9WT,ESSA,EDDF,1787160559.0,1787169028,EDDF,ESSA,1787169028.0,21,DLH,Lufthansa,True,SE,EU,Europe,59.64849,17.928829,50.026706,8.55835,1224.0229013959924
EDDF,arrival,3c7982,CFG8HL,,EDDF,1787155915.0,1787168916,EDDF,,1787168916.0,21,CFG,Condor Flugdienst,False,,,unknown,,,50.026706,8.55835,
EDDF,arrival,3c0acc,CFG525,,EDDF,1787158007.0,1787168778,EDDF,,1787168778.0,21,CFG,Condor Flugdienst,False,,,unknown,,,50.026706,8.55835,
EDDF,arrival,3c66b4,OCN34D,,EDDF,1787159713.0,1787168663,EDDF,,1787168663.0,21,OCN,Discover Airlines,True,,,unknown,,,50.026706,8.55835,
EDDF,arrival,3c65c9,DLH8H,EGLL,EDDF,1787164974.0,1787168566,EDDF,EGLL,1787168566.0,21,DLH,Lufthansa,True,GB,EU,Europe,51.470748,-0.459909,50.026706,8.55835,654.0165397367234
EDDF,arrival,3c79b8,CFG4HM,LEPA,EDDF,1787161316.0,1787168465,EDDF,LEPA,1787168465.0,21,CFG,Condor Flugdienst,False,ES,EU,Europe,39.551701,2.73881,50.026706,8.55835,1251.0699144927974
EDDF,arrival,3c6426,CFG031,,EDDF,1787153028.0,1787168350,EDDF,,1787168350.0,21,CFG,Condor Flugdienst,False,,,unknown,,,50.026706,8.55835,
EDDF,arrival,3c674f,DLH947,EGCC,EDDF,1787160721.0,1787168209,EDDF,EGCC,1787168209.0,21,DLH,Lufthansa,True,GB,EU,Europe,53.349375,-2.279521,50.026706,8.55835,832.3063454508671
EDDF,arrival,3c6487,DLH963,EGPH,EDDF,1787161085.0,1787168045,EDDF,EGPH,1787168045.0,21,DLH,Lufthansa,True,GB,EU,Europe,55.950145,-3.372288,50.026706,8.55835,1032.73961083289
EDDF,arrival,3c6589,DLH8CT,EGBB,EDDF,1787161991.0,1787167890,EDDF,EGBB,1787167890.0,21,DLH,Lufthansa,True,GB,EU,Europe,52.453899,-1.74803,50.026706,8.55835,765.7189968549203
EDDF,arrival,3c79b9,CFG2LV,LEPA,EDDF,1787160431.0,1787167753,EDDF,LEPA,1787167753.0,21,CFG,Condor Flugdienst,False,ES,EU,Europe,39.551701,2.73881,50.026706,8.55835,1251.0699144927974
EDDF,arrival,3c64ac,DLH687,LLBG,EDDF,1787152626.0,1787167576,EDDF,LLBG,1787167576.0,21,DLH,Lufthansa,True,IL,AS,Intercontinental,32.011398,34.8867,50.026706,8.55835,2953.345743527266
EDDF,arrival,4ba914,THY1SQ,,EDDF,1787157031.0,1787167391,EDDF,,1787167391.0,21,THY,Turkish Airlines,False,,,unknown,,,50.026706,8.55835,
EDDF,arrival,3c66eb,DLH3WJ,EPWA,EDDF,1787161223.0,1787166958,EDDF,EPWA,1787166958.0,21,DLH,Lufthansa,True,PL,EU,Europe,52.165699,20.9671,50.026706,8.55835,897.3150269277251
EDDF,arrival,3c7878,CFG3WZ,LGKV,EDDF,1787157713.0,1787166230,EDDF,LGKV,1787166230.0,21,CFG,Condor Flugdienst,False,GR,EU,Europe,40.9133,24.6192,50.026706,8.55835,1605.189837919645
EDDF,arrival,3c654e,LHX1U,EGLL,EDDF,1787161778.0,1787166082,EDDF,EGLL,1787166082.0,21,LHX,Other / unmatched,False,GB,EU,Europe,51.470748,-0.459909,50.026706,8.55835,654.0165397367234
EDDF,arrival,3c6634,DLH8VY,ESGG,EDDF,1787160932.0,1787165824,EDDF,ESGG,1787165824.0,20,DLH,Lufthansa,True,SE,EU,Europe,57.6628,12.2798,50.026706,8.55835,883.1568466070247
EDDF,arrival,a01b80,FDX5034,LFPG,EDDF,1787162712.0,1787165775,EDDF,LFPG,1787165775.0,20,FDX,Federal Express,False,FR,EU,Europe,49.00896,2.554117,50.026706,8.55835,447.8305266654691
EDDF,arrival,3c66ea,DLH17P,LEVC,EDDF,1787158081.0,1787165543,EDDF,LEVC,1787165543.0,20,DLH,Lufthansa,True,ES,EU,Europe,39.489162,-0.480961,50.026706,8.55835,1369.719226703799
EDDF,arrival,3009b3,DLA4MV,EGLC,EDDF,1787161441.0,1787165420,EDDF,EGLC,1787165420.0,20,DLA,Air Dolomiti,True,GB,EU,Europe,51.505299,0.055278,50.026706,8.55835,619.8008219903955
EDDF,arrival,3c6658,DLH6K,LSZH,EDDF,1787162945.0,1787165337,EDDF,LSZH,1787165337.0,20,DLH,Lufthansa,True,CH,EU,Europe,47.458056,8.548056,50.026706,8.55835,285.6218449218939
EDDF,arrival,3c65c2,DLH897,EYVI,EDDF,1787157093.0,1787165328,EDDF,EYVI,1787165328.0,20,DLH,Lufthansa,True,LT,EU,Europe,54.634102,25.285801,50.026706,8.55835,1242.7890185646338
EDDF,arrival,451d86,ASL20T,LYBE,EDDF,1787159420.0,1787165249,EDDF,LYBE,1787165249.0,20,ASL,Air Serbia,False,RS,EU,Europe,44.818401,20.309099,50.026706,8.55835,1054.9858217389628
EDDF,arrival,3c6742,DLH3HU,EDDM,EDDF,1787162903.0,1787164993,EDDF,EDDM,1787164993.0,20,DLH,Lufthansa,True,DE,EU,Domestic,48.353802,11.7861,50.026706,8.55835,299.3253023081836
EDDF,arrival,3c6741,DLH9XY,EDDB,EDDF,1787161609.0,1787164916,EDDF,EDDB,1787164916.0,20,DLH,Lufthansa,True,DE,EU,Domestic,52.361738,13.502341,50.026706,8.55835,431.2414419348526
EDDF,arrival,3c6754,DLH7TX,EPKK,EDDF,1787159763.0,1787164886,EDDF,EPKK,1787164886.0,20,DLH,Lufthansa,True,PL,EU,Europe,50.077702,19.7848,50.026706,8.55835,800.8011485417
EDDF,arrival,3c6445,DLH865,ENGM,EDDF,1787158112.0,1787164823,EDDF,ENGM,1787164823.0,20,DLH,Lufthansa,True,NO,EU,Europe,60.193901,11.1004,50.026706,8.55835,1141.8263314571998
EDDF,arrival,440668,AUA21J,LOWW,EDDF,1787160994.0,1787164687,EDDF,LOWW,1787164687.0,20,AUA,Austrian,True,AT,EU,Europe,48.110298,16.5697,50.026706,8.55835,620.9306611285796
EDDF,arrival,3c6757,DLH3HT,EKCH,EDDF,1787160493.0,1787164619,EDDF,EKCH,1787164619.0,20,DLH,Lufthansa,True,DK,EU,Europe,55.617900848389,12.656000137329,50.026706,8.55835,679.6633259560357
EDDF,arrival,3c6672,DLH5RM,EIDW,EDDF,1787158470.0,1787164545,EDDF,EIDW,1787164545.0,20,DLH,Lufthansa,True,IE,EU,Europe,53.428713,-6.262121,50.026706,8.55835,1086.1211676842795
EDDF,arrival,3c666c,DLH42Y,LPPT,EDDF,1787155506.0,1787164445,EDDF,LPPT,1787164445.0,20,DLH,Lufthansa,True,PT,EU,Europe,38.7813,-9.13592,50.026706,8.55835,1872.7106698088141
EDDF,arrival,3c6669,DLH51H,LEAS,EDDF,1787158261.0,1787164295,EDDF,LEAS,1787164295.0,20,DLH,Lufthansa,True,ES,EU,Europe,43.563599,-6.03462,50.026706,8.55835,1319.5626804732392
EDDF,arrival,3009b7,DLH279,LIML,EDDF,1787160667.0,1787164223,EDDF,LIML,1787164223.0,20,DLH,Lufthansa,True,IT,EU,Europe,45.445099,9.27674,50.026706,8.55835,512.2693769170622
EDDF,arrival,3c66e1,DLH6UL,LHBP,EDDF,1787159089.0,1787164092,EDDF,LHBP,1787164092.0,20,DLH,Lufthansa,True,HU,EU,Europe,47.43018,19.262393,50.026706,8.55835,835.6031637955549
EDDF,arrival,3c664e,DLH39E,LGTS,EDDF,1787156086.0,1787164013,EDDF,LGTS,1787164013.0,20,DLH,Lufthansa,True,GR,EU,Europe,40.51928,22.970009,50.026706,8.55835,1540.8276704959915
EDDF,arrival,ac405a,N889MC,EGGW,EDDF,1787160199.0,1787163944,EDDF,EGGW,1787163944.0,20,,Other / unmatched,False,GB,EU,Europe,51.874699,-0.368333,50.026706,8.55835,657.7192811437509
EDDF,arrival,3c6448,DLH5TY,,EDDF,1787159194.0,1787163864,EDDF,,1787163864.0,20,DLH,Lufthansa,True,,,unknown,,,50.026706,8.55835,
EDDF,arrival,3c6654,DLH3RL,LBSF,EDDF,1787156485.0,1787163809,EDDF,LBSF,1787163809.0,20,DLH,Lufthansa,True,BG,EU,Europe,42.696357,23.417671,50.026706,8.55835,1397.533198762108
EDDF,arrival,3c6747,DLH5AA,LIRF,EDDF,1787158721.0,1787163669,EDDF,LIRF,1787163669.0,20,DLH,Lufthansa,True,IT,EU,Europe,41.804532,12.251998,50.026706,8.55835,957.56108872809
EDDF,arrival,3c6650,DLH62A,LEMG,EDDF,1787155080.0,1787163581,EDDF,LEMG,1787163581.0,20,DLH,Lufthansa,True,ES,EU,Europe,36.6749,-4.49911,50.026706,8.55835,1816.0427917550999
EDDF,arrival,3c6745,DLH21X,LFMN,EDDF,1787159371.0,1787163509,EDDF,LFMN,1787163509.0,20,DLH,Lufthansa,True,FR,EU,Europe,43.658401,7.21587,50.026706,8.55835,715.413528812061
EDDF,arrival,3c675a,DLH3MA,LGAV,EDDF,1787154350.0,1787163447,EDDF,LGAV,1787163447.0,20,DLH,Lufthansa,True,GR,EU,Europe,37.936401,23.9445,50.026706,8.55835,1815.79438210604
EDDF,arrival,502d27,BEL2LG,EBMB,EDDF,1787161075.0,1787163427,EDDF,EBMB,1787163427.0,20,BEL,Brussels Airlines,True,BE,EU,Europe,50.913419,4.491005,50.026706,8.55835,304.2292270193259
EDDF,arrival,3c71a7,BCS831P,EBBR,EDDF,1787160934.0,1787163245,EDDF,EBBR,1787163245.0,20,BCS,European Air Transport,False,BE,EU,Europe,50.901402,4.48444,50.026706,8.55835,304.2739348548036
EDDF,arrival,4b17fb,SWR461V,LSGG,EDDF,1787159916.0,1787163048,EDDF,LSGG,1787163048.0,20,SWR,Swiss,True,CH,EU,Europe,46.238098,6.10895,50.026706,8.55835,458.75348003207523
EDDF,arrival,3c65c6,DLH7A,EHAM,EDDF,1787160512.0,1787163011,EDDF,EHAM,1787163011.0,20,DLH,Lufthansa,True,NL,EU,Europe,52.308601,4.76389,50.026706,8.55835,366.48146892987825
EDDF,arrival,3c66ae,DLH09P,LFLL,EDDF,1787159466.0,1787162968,EDDF,LFLL,1787162968.0,20,DLH,Lufthansa,True,FR,EU,Europe,45.725996,5.090139,50.026706,8.55835,543.5457595389236
EDDF,arrival,3c64ad,DLH1301,,EDDF,1787153649.0,1787162884,EDDF,,1787162884.0,20,DLH,Lufthansa,True,,,unknown,,,50.026706,8.55835,
EDDF,arrival,3c6671,DLH6YJ,LIMC,EDDF,1787159715.0,1787162853,EDDF,LIMC,1787162853.0,20,DLH,Lufthansa,True,IT,EU,Europe,45.6306,8.72811,50.026706,8.55835,488.98855027228177
EDDF,arrival,3c66e9,OCN5Q,LCLK,EDDF,1787149213.0,1787162816,EDDF,LCLK,1787162816.0,20,OCN,Discover Airlines,True,CY,AS,Intercontinental,34.875099,33.624901,50.026706,8.55835,2636.342589361615
EDDF,arrival,4ca215,EIN65A,EIDW,EDDF,1787157188.0,1787162699,EDDF,EIDW,1787162699.0,20,EIN,Aer Lingus,False,IE,EU,Europe,53.428713,-6.262121,50.026706,8.55835,1086.1211676842795
EDDF,arrival,3c664f,DLH05E,LPPR,EDDF,1787154966.0,1787162663,EDDF,LPPR,1787162663.0,20,DLH,Lufthansa,True,PT,EU,Europe,41.2481002808,-8.68138980865,50.026706,8.55835,1651.6233885914048
EDDF,arrival,3c6588,DLH6TP,EPGD,EDDF,1787157692.0,1787162629,EDDF,EPGD,1787162629.0,20,DLH,Lufthansa,True,PL,EU,Europe,54.377602,18.4662,50.026706,8.55835,829.4250208915726
EDDF,arrival,3c6749,DLH99M,LEAL,EDDF,1787155062.0,1787162588,EDDF,LEAL,1787162588.0,20,DLH,Lufthansa,True,ES,EU,Europe,38.2822,-0.558156,50.026706,8.55835,1492.2356859472509
EDDF,arrival,3c6446,DLH3P,LKPR,EDDF,1787159553.0,1787162584,EDDF,LKPR,1787162584.0,20,DLH,Lufthansa,True,CZ,EU,Europe,50.100874,14.259911,50.026706,8.55835,406.96118852195696
EDDF,arrival,3c6678,DLH2F,LFPG,EDDF,1787159506.0,1787162454,EDDF,LFPG,1787162454.0,20,DLH,Lufthansa,True,FR,EU,Europe,49.00896,2.554117,50.026706,8.55835,447.8305266654691
EDDF,arrival,3009b8,DLA03K,LOWG,EDDF,1787158179.0,1787162448,EDDF,LOWG,1787162448.0,20,DLA,Air Dolomiti,True,AT,EU,Europe,46.9911,15.4396,50.026706,8.55835,608.6388191939618
EDDF,arrival,502d79,SWR4ET,LSZH,EDDF,1787159725.0,1787162389,EDDF,LSZH,1787162389.0,19,SWR,Swiss,True,CH,EU,Europe,47.458056,8.548056,50.026706,8.55835,285.6218449218939
EDDF,arrival,3c6543,LHX1145,,EDDF,1787156790.0,1787162330,EDDF,,1787162330.0,19,LHX,Other / unmatched,False,,,unknown,,,50.026706,8.55835,
EDDF,arrival,3c6545,DLH73H,LFKB,EDDF,1787157870.0,1787162246,EDDF,LFKB,1787162246.0,19,DLH,Lufthansa,True,FR,EU,Europe,42.5527,9.48373,50.026706,8.55835,834.0892210653211
EDDF,arrival,06a2f4,QTR7B,,EDDF,1787144439.0,1787162240,EDDF,,1787162240.0,19,QTR,Qatar Airways,False,,,unknown,,,50.026706,8.55835,
EDDF,arrival,440c31,EJU75KF,LIRF,EDDF,1787157032.0,1787162159,EDDF,LIRF,1787162159.0,19,EJU,easyJet,False,IT,EU,Europe,41.804532,12.251998,50.026706,8.55835,957.56108872809
EDDF,arrival,3c65c1,DLH4H,EGLL,EDDF,1787158360.0,1787162155,EDDF,EGLL,1787162155.0,19,DLH,Lufthansa,True,GB,EU,Europe,51.470748,-0.459909,50.026706,8.55835,654.0165397367234
EDDF,arrival,3c658d,DLH7JV,EKBI,EDDF,1787158412.0,1787162064,EDDF,EKBI,1787162064.0,19,DLH,Lufthansa,True,DK,EU,Europe,55.740335,9.157019,50.026706,8.55835,636.5886595105571
EDDF,arrival,3c65c5,DLH3FT,EDDM,EDDF,1787160000.0,1787161943,EDDF,EDDM,1787161943.0,19,DLH,Lufthansa,True,DE,EU,Domestic,48.353802,11.7861,50.026706,8.55835,299.3253023081836
EDDF,arrival,3c648b,DLH2PV,EDDH,EDDF,1787158946.0,1787161857,EDDF,EDDH,1787161857.0,19,DLH,Lufthansa,True,DE,EU,Domestic,53.630402,9.98823,50.026706,8.55835,412.5616454312047
EDDF,arrival,3c6449,DLH7MN,LIPZ,EDDF,1787158267.0,1787161769,EDDF,LIPZ,1787161769.0,19,DLH,Lufthansa,True,IT,EU,Europe,45.505299,12.3519,50.026706,8.55835,577.0149776234636
EDDF,arrival,44001b,AUA217N,LOWW,EDDF,1787158021.0,1787161762,EDDF,LOWW,1787161762.0,19,AUA,Austrian,True,AT,EU,Europe,48.110298,16.5697,50.026706,8.55835,620.9306611285796
EDDF,arrival,3c66b6,OCN5MC,,EDDF,1787156141.0,1787161664,EDDF,,1787161664.0,19,OCN,Discover Airlines,True,,,unknown,,,50.026706,8.55835,
EDDF,arrival,3c658e,DLH66M,LOWS,EDDF,1787158810.0,1787161570,EDDF,LOWS,1787161570.0,19,DLH,Lufthansa,True,AT,EU,Europe,47.793301,13.0043,50.026706,8.55835,408.8410070324141
EDDF,arrival,76cd71,SIA326,,EDDF,1787116421.0,1787161493,EDDF,,1787161493.0,19,SIA,Singapore Airlines,False,,,unknown,,,50.026706,8.55835,
EDDF,arrival,3c6551,LHX195,EDDB,EDDF,1787158533.0,1787161438,EDDF,EDDB,1787161438.0,19,LHX,Other / unmatched,False,DE,EU,Domestic,52.361738,13.502341,50.026706,8.55835,431.2414419348526
EDDF,arrival,3c5423,BCS6359,LEMD,EDDF,1787153790.0,1787161435,EDDF,LEMD,1787161435.0,19,BCS,European Air Transport,False,ES,EU,Europe,40.493407,-3.572249,50.026706,8.55835,1419.5153635411198
EDDF,arrival,3c65e1,DLH4UP,LMML,EDDF,1787153448.0,1787161407,EDDF,LMML,1787161407.0,19,DLH,Lufthansa,True,MT,EU,Europe,35.845932,14.491546,50.026706,8.55835,1647.813282230987
EDDF,arrival,3c64a6,DLH583,EDDF,EDDF,1787127615.0,1787161362,EDDF,EDDF,1787161362.0,19,DLH,Lufthansa,True,DE,EU,Domestic,50.026706,8.55835,50.026706,8.55835,0.0
EDDF,arrival,3c6674,DLH883,EETN,EDDF,1787153160.0,1787161282,EDDF,EETN,1787161282.0,19,DLH,Lufthansa,True,EE,EU,Europe,59.413246,24.83264,50.026706,8.55835,1469.6340797106222
EDDF,arrival,4401ea,JTY52W,EICK,EDDF,1787155307.0,1787161193,EDDF,EICK,1787161193.0,19,JTY,Jatayu Airlines,False,IE,EU,Europe,51.841301,-8.49111,50.026706,8.55835,1208.7872707244753
EDDF,arrival,3c6670,DLH44K,LEMD,EDDF,1787153933.0,1787161160,EDDF,LEMD,1787161160.0,19,DLH,Lufthansa,True,ES,EU,Europe,40.493407,-3.572249,50.026706,8.55835,1419.5153635411198
EDDF,arrival,3c66b1,OCN519,LEPA,EDDF,1787154814.0,1787161120,EDDF,LEPA,1787161120.0,19,OCN,Discover Airlines,True,ES,EU,Europe,39.551701,2.73881,50.026706,8.55835,1251.0699144927974
EDDF,arrival,3c6583,DLH161,EDXW,EDDF,1787157743.0,1787161066,EDDF,EDXW,1787161066.0,19,DLH,Lufthansa,True,DE,EU,Domestic,54.9132,8.34047,50.026706,8.55835,543.5530034046947
EDDF,arrival,3c6586,DLH7C,LSZH,EDDF,1787158238.0,1787161042,EDDF,LSZH,1787161042.0,19,DLH,Lufthansa,True,CH,EU,Europe,47.458056,8.548056,50.026706,8.55835,285.6218449218939
EDDF,arrival,3c6422,CFG6LC,LEBL,EDDF,1787154877.0,1787161008,EDDF,LEBL,1787161008.0,19,CFG,Condor Flugdienst,False,ES,EU,Europe,41.2971,2.07846,50.026706,8.55835,1092.5416501874115
EDDF,arrival,3c0ca7,TUI5345,LBSB,EDDF,1787151575.0,1787160855,EDDF,LBSB,1787160855.0,19,TUI,Tuninter,False,BG,EU,Europe,42.726582,27.624472,50.026706,8.55835,1665.9696077185902
EDDF,arrival,40838d,BAW90F,EGLL,EDDF,1787156895.0,1787160823,EDDF,EGLL,1787160823.0,19,BAW,British Airways,False,GB,EU,Europe,51.470748,-0.459909,50.026706,8.55835,654.0165397367234
EDDF,arrival,4aca7a,SAS1635,EKCH,EDDF,1787156402.0,1787160710,EDDF,EKCH,1787160710.0,19,SAS,Scandinavian Airlines System,False,DK,EU,Europe,55.617900848389,12.656000137329,50.026706,8.55835,679.6633259560357
EDDF,arrival,3c6751,DLH077,EDDL,EDDF,1787159016.0,1787160675,EDDF,EDDL,1787160675.0,19,DLH,Lufthansa,True,DE,EU,Domestic,51.289501,6.76678,50.026706,8.55835,188.8433278657816
EDDF,arrival,501e83,CTN414,,EDDF,1787156553.0,1787160506,EDDF,,1787160506.0,19,CTN,Croatia Airlines,False,,,unknown,,,50.026706,8.55835,
EDDF,arrival,4bcd81,SXS1,LTAI,EDDF,1787147935.0,1787160486,EDDF,LTAI,1787160486.0,19,SXS,SunExpress,False,TR,AS,Intercontinental,36.898701,30.800501,50.026706,8.55835,2298.2344363312995
EDDF,arrival,896210,UAE29V,,EDDF,1787139721.0,1787160369,EDDF,,1787160369.0,19,UAE,Emirates,False,,,unknown,,,50.026706,8.55835,
EDDF,arrival,3c65d6,DLH8NE,EDDV,EDDF,1787158031.0,1787160352,EDDF,EDDV,1787160352.0,19,DLH,Lufthansa,True,DE,EU,Domestic,52.461102,9.68508,50.026706,8.55835,281.8162021932354
EDDF,arrival,502db4,SWR4B,LSZH,EDDF,1787157244.0,1787160253,EDDF,LSZH,1787160253.0,19,SWR,Swiss,True,CH,EU,Europe,47.458056,8.548056,50.026706,8.55835,285.6218449218939
EDDF,arrival,3c6746,DLH067,EDDC,EDDF,1787157510.0,1787160197,EDDF,EDDC,1787160197.0,19,DLH,Lufthansa,True,DE,EU,Domestic,51.134123,13.767831,50.026706,8.55835,387.7951333669981
EDDF,arrival,3c65e2,DLH35U,LPFR,EDDF,1787150887.0,1787160104,EDDF,LPFR,1787160104.0,19,DLH,Lufthansa,True,PT,EU,Europe,37.015909,-7.970939,50.026706,8.55835,1958.3239178148403
EDDF,arrival,3c6637,DLH5CW,EDDP,EDDF,1787157859.0,1787160075,EDDF,EDDP,1787160075.0,19,DLH,Lufthansa,True,DE,EU,Domestic,51.420657,12.232705,50.026706,8.55835,301.484335885831
EDDF,arrival,3006b5,DLA8WU,ELLX,EDDF,1787158110.0,1787160020,EDDF,ELLX,1787160020.0,19,DLA,Air Dolomiti,True,LU,EU,Europe,49.626845,6.212134,50.026706,8.55835,174.064410926245
EDDF,arrival,abc591,FDX3,LFPG,EDDF,1787157066.0,1787159903,EDDF,LFPG,1787159903.0,19,FDX,Federal Express,False,FR,EU,Europe,49.00896,2.554117,50.026706,8.55835,447.8305266654691
EDDF,arrival,8013c2,AIC2029,VIDP,EDDF,1787127400.0,1787159860,EDDF,VIDP,1787159860.0,19,AIC,Air India Limited,False,IN,AS,Intercontinental,28.55563,77.09519,50.026706,8.55835,6121.80807365195
EDDF,arrival,3c6482,DLH12K,LEBL,EDDF,1787153640.0,1787159830,EDDF,LEBL,1787159830.0,19,DLH,Lufthansa,True,ES,EU,Europe,41.2971,2.07846,50.026706,8.55835,1092.5416501874115
EDDF,arrival,3c6550,LHX851,EFHK,EDDF,1787151548.0,1787159801,EDDF,EFHK,1787159801.0,19,LHX,Other / unmatched,False,FI,EU,Europe,60.318363,24.963341,50.026706,8.55835,1539.1314075144423
EDDF,arrival,3c65c3,DLH7LY,ESSA,EDDF,1787152894.0,1787159703,EDDF,ESSA,1787159703.0,19,DLH,Lufthansa,True,SE,EU,Europe,59.64849,17.928829,50.026706,8.55835,1224.0229013959924
EDDF,arrival,3c65d8,DLH147,EDDN,EDDF,1787157935.0,1787159654,EDDF,EDDN,1787159654.0,19,DLH,Lufthansa,True,DE,EU,Domestic,49.498699,11.078056,50.026706,8.55835,190.2564158127778
EDDF,arrival,3c4b31,DLH717,RJTT,EDDF,1787109696.0,1787159533,EDDF,RJTT,1787159533.0,19,DLH,Lufthansa,True,JP,AS,Intercontinental,35.549678,139.786958,50.026706,8.55835,9362.506202768924
EDDF,arrival,440248,EJU65TH,LIML,EDDF,1787155180.0,1787159515,EDDF,LIML,1787159515.0,19,EJU,easyJet,False,IT,EU,Europe,45.445099,9.27674,50.026706,8.55835,512.2693769170622
EDDF,arrival,8964ff,ETD123,,EDDF,1787139859.0,1787159301,EDDF,,1787159301.0,19,ETD,Etihad Airways,False,,,unknown,,,50.026706,8.55835,
EDDF,arrival,4692cd,AEE532,LGTS,EDDF,1787151094.0,1787159098,EDDF,LGTS,1787159098.0,19,AEE,Aegean Airlines,False,GR,EU,Europe,40.51928,22.970009,50.026706,8.55835,1540.8276704959915
EDDF,arrival,4bcd84,SXS4KG,LTBK,EDDF,1787148622.0,1787159005,EDDF,LTBK,1787159005.0,19,SXS,SunExpress,False,TR,AS,Intercontinental,38.319099,27.159401,50.026706,8.55835,1963.8481848072076
EDDF,arrival,4bcda6,SXS21R,LTAI,EDDF,1787146130.0,1787158932,EDDF,LTAI,1787158932.0,19,SXS,SunExpress,False,TR,AS,Intercontinental,36.898701,30.800501,50.026706,8.55835,2298.2344363312995
EDDF,arrival,3c4a14,DLH729,,EDDF,1787115783.0,1787158827,EDDF,,1787158827.0,19,DLH,Lufthansa,True,,,unknown,,,50.026706,8.55835,
EDDF,arrival,3c654a,LHX025,EDDH,EDDF,1787155924.0,1787158809,EDDF,EDDH,1787158809.0,19,LHX,Other / unmatched,False,DE,EU,Domestic,53.630402,9.98823,50.026706,8.55835,412.5616454312047
EDDF,arrival,3c66b9,OCN517,LEPA,EDDF,1787152305.0,1787158718,EDDF,LEPA,1787158718.0,18,OCN,Discover Airlines,True,ES,EU,Europe,39.551701,2.73881,50.026706,8.55835,1251.0699144927974
EDDF,arrival,48af01,LOT6ED,EPWA,EDDF,1787153268.0,1787158679,EDDF,EPWA,1787158679.0,18,LOT,LOT Polish Airlines,False,PL,EU,Europe,52.165699,20.9671,50.026706,8.55835,897.3150269277251
EDDF,arrival,88516b,THA922,VTBS,EDDF,1787118831.0,1787158583,EDDF,VTBS,1787158583.0,18,THA,Thai Airways International,False,TH,AS,Intercontinental,13.6811,100.747002,50.026706,8.55835,9000.45962844498
EDDF,arrival,3c6666,DLH2XC,EDDB,EDDF,1787155740.0,1787158499,EDDF,EDDB,1787158499.0,18,DLH,Lufthansa,True,DE,EU,Domestic,52.361738,13.502341,50.026706,8.55835,431.2414419348526
EDDF,arrival,3c65da,DLH8LX,LROP,EDDF,1787150410.0,1787158342,EDDF,LROP,1787158342.0,18,DLH,Lufthansa,True,RO,EU,Europe,44.571792,26.103285,50.026706,8.55835,1450.8551268606066
EDDF,arrival,3c648c,DLH309,,EDDF,1787151034.0,1787158220,EDDF,,1787158220.0,18,DLH,Lufthansa,True,,,unknown,,,50.026706,8.55835,
EDDF,arrival,3c6758,DLH7KW,LYBE,EDDF,1787152488.0,1787158148,EDDF,LYBE,1787158148.0,18,DLH,Lufthansa,True,RS,EU,Europe,44.818401,20.309099,50.026706,8.55835,1054.9858217389628
EDDF,arrival,3c6483,DLH6EE,EDDM,EDDF,1787155882.0,1787158037,EDDF,EDDM,1787158037.0,18,DLH,Lufthansa,True,DE,EU,Domestic,48.353802,11.7861,50.026706,8.55835,299.3253023081836
EDDF,arrival,3c6704,DLH713,RKSI,EDDF,1787111223.0,1787157901,EDDF,RKSI,1787157901.0,18,DLH,Lufthansa,True,KR,AS,Intercontinental,37.469101,126.450996,50.026706,8.55835,8544.290614666657
EDDF,arrival,3c64ab,DLH8HP,,EDDF,1787146895.0,1787157806,EDDF,,1787157806.0,18,DLH,Lufthansa,True,,,unknown,,,50.026706,8.55835,
EDDF,arrival,3c6565,OCN137,EDDF,EDDF,1787073912.0,1787157665,EDDF,EDDF,1787157665.0,18,OCN,Discover Airlines,True,DE,EU,Domestic,50.026706,8.55835,50.026706,8.55835,0.0
EDDF,arrival,3451d8,ANE56CP,LEMD,EDDF,1787150400.0,1787157586,EDDF,LEMD,1787157586.0,18,ANE,Air Nostrum,False,ES,EU,Europe,40.493407,-3.572249,50.026706,8.55835,1419.5153635411198
EDDF,arrival,3c0acb,CFG5MJ,LIRF,EDDF,1787152650.0,1787157500,EDDF,LIRF,1787157500.0,18,CFG,Condor Flugdienst,False,IT,EU,Europe,41.804532,12.251998,50.026706,8.55835,957.56108872809
EDDF,arrival,501c2d,CFG8KM,LHBP,EDDF,1787152415.0,1787157416,EDDF,LHBP,1787157416.0,18,CFG,Condor Flugdienst,False,HU,EU,Europe,47.43018,19.262393,50.026706,8.55835,835.6031637955549
EDDF,arrival,3c786c,CFG7FL,LEPA,EDDF,1787150782.0,1787157353,EDDF,LEPA,1787157353.0,18,CFG,Condor Flugdienst,False,ES,EU,Europe,39.551701,2.73881,50.026706,8.55835,1251.0699144927974
EDDF,arrival,45cab6,DTR197,LOWL,EDDF,1787153139.0,1787157317,EDDF,LOWL,1787157317.0,18,DTR,DAT Danish Air Transport,False,AT,EU,Europe,48.235362,14.188128,50.026706,8.55835,455.3167522245903
EDDF,arrival,461f6c,FIN2K,EFHK,EDDF,1787148735.0,1787157115,EDDF,EFHK,1787157115.0,18,FIN,Finnair,False,FI,EU,Europe,60.318363,24.963341,50.026706,8.55835,1539.1314075144423
EDDF,arrival,3c6748,DLH3EK,ENGM,EDDF,1787150348.0,1787157014,EDDF,ENGM,1787157014.0,18,DLH,Lufthansa,True,NO,EU,Europe,60.193901,11.1004,50.026706,8.55835,1141.8263314571998
EDDF,arrival,86e430,JAL407,RJAA,EDDF,1787105308.0,1787156853,EDDF,RJAA,1787156853.0,18,JAL,Japan Airlines Domestic,False,JP,AS,Intercontinental,35.76858,140.388714,50.026706,8.55835,9367.47805681632
EDDF,arrival,440669,AUA21E,LOWW,EDDF,1787152680.0,1787156572,EDDF,LOWW,1787156572.0,18,AUA,Austrian,True,AT,EU,Europe,48.110298,16.5697,50.026706,8.55835,620.9306611285796
EDDF,arrival,70c0ee,OMA117,,EDDF,1787143962.0,1787156428,EDDF,,1787156428.0,18,OMA,Oman Air,False,,,unknown,,,50.026706,8.55835,
EDDF,arrival,3c7a4a,CFG282,,EDDF,1787127819.0,1787156281,EDDF,,1787156281.0,18,CFG,Condor Flugdienst,False,,,unknown,,,50.026706,8.55835,
EDDF,arrival,3c65c7,DLH37F,LEPA,EDDF,1787150422.0,1787156157,EDDF,LEPA,1787156157.0,18,DLH,Lufthansa,True,ES,EU,Europe,39.551701,2.73881,50.026706,8.55835,1251.0699144927974
EDDF,arrival,4bc8d0,PGT19QR,,EDDF,1787146224.0,1787155792,EDDF,,1787155792.0,18,PGT,Pegasus Airlines,False,,,unknown,,,50.026706,8.55835,
EDDF,arrival,3c0ac6,CFG7UZ,LOWW,EDDF,1787151517.0,1787155576,EDDF,LOWW,1787155576.0,18,CFG,Condor Flugdienst,False,AT,EU,Europe,48.110298,16.5697,50.026706,8.55835,620.9306611285796
EDDF,arrival,4b19fe,CFG1VX,EGKK,EDDF,1787151859.0,1787155462,EDDF,EGKK,1787155462.0,18,CFG,Condor Flugdienst,False,GB,EU,Europe,51.148744,-0.185739,50.026706,8.55835,629.3869802008804
EDDF,arrival,4baa87,THY3NV,,EDDF,1787145960.0,1787155404,EDDF,,1787155404.0,18,THY,Turkish Airlines,False,,,unknown,,,50.026706,8.55835,
EDDF,arrival,501c2f,CFG2MF,LEJR,EDDF,1787146106.0,1787155169,EDDF,LEJR,1787155169.0,17,CFG,Condor Flugdienst,False,ES,EU,Europe,36.744598,-6.06011,50.026706,8.55835,1884.176437144988
EDDF,arrival,3c4965,CFG1PJ,LIMC,EDDF,1787151892.0,1787155077,EDDF,LIMC,1787155077.0,17,CFG,Condor Flugdienst,False,IT,EU,Europe,45.6306,8.72811,50.026706,8.55835,488.98855027228177
EDDF,arrival,3c6475,CFG7VN,EDDH,EDDF,1787152096.0,1787154983,EDDF,EDDH,1787154983.0,17,CFG,Condor Flugdienst,False,DE,EU,Domestic,53.630402,9.98823,50.026706,8.55835,412.5616454312047
EDDF,arrival,3c65ce,DLH7H,EGLL,EDDF,1787150940.0,1787154827,EDDF,EGLL,1787154827.0,17,DLH,Lufthansa,True,GB,EU,Europe,51.470748,-0.459909,50.026706,8.55835,654.0165397367234
EDDF,arrival,3c6474,CFG2FJ,LFPG,EDDF,1787151853.0,1787154793,EDDF,LFPG,1787154793.0,17,CFG,Condor Flugdienst,False,FR,EU,Europe,49.00896,2.554117,50.026706,8.55835,447.8305266654691
EDDF,arrival,485206,KLM1821,EHAM,EDDF,1787152239.0,1787154685,EDDF,EHAM,1787154685.0,17,KLM,KLM Royal Dutch Airlines,False,NL,EU,Europe,52.308601,4.76389,50.026706,8.55835,366.48146892987825
EDDF,arrival,4692d3,AEE832,LGAV,EDDF,1787145249.0,1787154624,EDDF,LGAV,1787154624.0,17,AEE,Aegean Airlines,False,GR,EU,Europe,37.936401,23.9445,50.026706,8.55835,1815.79438210604
EDDF,arrival,3c6473,CFG9NX,EDDB,EDDF,1787151725.0,1787154597,EDDF,EDDB,1787154597.0,17,CFG,Condor Flugdienst,False,DE,EU,Domestic,52.361738,13.502341,50.026706,8.55835,431.2414419348526
EDDF,arrival,3c6752,DLH4N,EDDM,EDDF,1787152150.0,1787154328,EDDF,EDDM,1787154328.0,17,DLH,Lufthansa,True,DE,EU,Domestic,48.353802,11.7861,50.026706,8.55835,299.3253023081836
EDDF,arrival,3c6467,CFG8NK,LKPR,EDDF,1787151671.0,1787154323,EDDF,LKPR,1787154323.0,17,CFG,Condor Flugdienst,False,CZ,EU,Europe,50.100874,14.259911,50.026706,8.55835,406.96118852195696
EDDF,arrival,4bce03,SXS2KZ,,EDDF,1787144048.0,1787154230,EDDF,,1787154230.0,17,SXS,SunExpress,False,,,unknown,,,50.026706,8.55835,
EDDF,arrival,348085,AEA57CN,LEMD,EDDF,1787146838.0,1787154174,EDDF,LEMD,1787154174.0,17,AEA,Air Europa,False,ES,EU,Europe,40.493407,-3.572249,50.026706,8.55835,1419.5153635411198
EDDF,arrival,471a7f,JUP112,EGBB,EDDF,1787147906.0,1787154110,EDDF,EGBB,1787154110.0,17,JUP,Other / unmatched,False,GB,EU,Europe,52.453899,-1.74803,50.026706,8.55835,765.7189968549203
EDDF,arrival,3c70c5,GEC8223,,EDDF,1787119268.0,1787154093,EDDF,,1787154093.0,17,GEC,Lufthansa Cargo,True,,,unknown,,,50.026706,8.55835,
EDDF,arrival,02a1ac,LBT246,,EDDF,1787148127.0,1787153991,EDDF,,1787153991.0,17,LBT,Nouvel Air Tunisie,False,,,unknown,,,50.026706,8.55835,
EDDF,arrival,780c9e,CCA931,EDDF,EDDF,1787056341.0,1787153979,EDDF,EDDF,1787153979.0,17,CCA,Air China,False,DE,EU,Domestic,50.026706,8.55835,50.026706,8.55835,0.0
EDDF,arrival,3c6753,DLH64M,LEMG,EDDF,1787145541.0,1787153844,EDDF,LEMG,1787153844.0,17,DLH,Lufthansa,True,ES,EU,Europe,36.6749,-4.49911,50.026706,8.55835,1816.0427917550999
EDDF,arrival,4b19fd,CFG7FK,LSZH,EDDF,1787150641.0,1787153756,EDDF,LSZH,1787153756.0,17,CFG,Condor Flugdienst,False,CH,EU,Europe,47.458056,8.548056,50.026706,8.55835,285.6218449218939
EDDF,arrival,3c65e4,DLH95H,LPFR,EDDF,1787144523.0,1787153620,EDDF,LPFR,1787153620.0,17,DLH,Lufthansa,True,PT,EU,Europe,37.015909,-7.970939,50.026706,8.55835,1958.3239178148403
EDDF,arrival,3c64f5,DLH9921,EDDL,EDDF,1787151641.0,1787153423,EDDF,EDDL,1787153423.0,17,DLH,Lufthansa,True,DE,EU,Domestic,51.289501,6.76678,50.026706,8.55835,188.8433278657816
EDDF,arrival,3009b5,DLH2WR,EPPO,EDDF,1787149450.0,1787153322,EDDF,EPPO,1787153322.0,17,DLH,Lufthansa,True,PL,EU,Europe,52.421598,16.823359,50.026706,8.55835,633.6937581037554
EDDF,arrival,800734,AIC2027,VAJJ,EDDF,1787122728.0,1787152845,EDDF,VAJJ,1787152845.0,17,AIC,Air India Limited,False,IN,AS,Intercontinental,19.098100662231445,72.83419799804688,50.026706,8.55835,6566.506180662699
EDDF,arrival,3c7a49,CFG315,,EDDF,1787142093.0,1787152709,EDDF,,1787152709.0,17,CFG,Condor Flugdienst,False,,,unknown,,,50.026706,8.55835,
EDDF,arrival,86da38,ANA223,RJTT,EDDF,1787100917.0,1787152693,EDDF,RJTT,1787152693.0,17,ANA,All Nippon Airways,False,JP,AS,Intercontinental,35.549678,139.786958,50.026706,8.55835,9362.506202768924
EDDF,arrival,7808ac,CCA957,,EDDF,1787129954.0,1787152614,EDDF,,1787152614.0,17,CCA,Air China,False,,,unknown,,,50.026706,8.55835,
EDDF,arrival,706071,KAC171,,EDDF,1787136665.0,1787152489,EDDF,,1787152489.0,17,KAC,Kuwait Airways,False,,,unknown,,,50.026706,8.55835,
EDDF,arrival,3c6917,CFG6YR,EDDM,EDDF,1787150254.0,1787152368,EDDF,EDDM,1787152368.0,17,CFG,Condor Flugdienst,False,DE,EU,Domestic,48.353802,11.7861,50.026706,8.55835,299.3253023081836
EDDF,arrival,4cad5c,ITY404,LIRF,EDDF,1787147042.0,1787152265,EDDF,LIRF,1787152265.0,17,ITY,ITA Airways,False,IT,EU,Europe,41.804532,12.251998,50.026706,8.55835,957.56108872809
EDDF,arrival,3c70cb,GEC8401,,EDDF,1787109798.0,1787152207,EDDF,,1787152207.0,17,GEC,Lufthansa Cargo,True,,,unknown,,,50.026706,8.55835,
EDDF,arrival,3c79ba,CFG2HD,LEIB,EDDF,1787144972.0,1787152154,EDDF,LEIB,1787152154.0,17,CFG,Condor Flugdienst,False,ES,EU,Europe,38.872898,1.37312,50.026706,8.55835,1363.5612542932633
EDDF,arrival,4d24e6,EWG18UG,,EDDF,1787145899.0,1787152063,EDDF,,1787152063.0,17,EWG,Eurowings,True,,,unknown,,,50.026706,8.55835,
EDDF,arrival,4692d6,AEE3FR,,EDDF,1787142759.0,1787151988,EDDF,,1787151988.0,17,AEE,Aegean Airlines,False,,,unknown,,,50.026706,8.55835,
EDDF,arrival,71c210,KAL945,RKSI,EDDF,1787105591.0,1787151928,EDDF,RKSI,1787151928.0,17,KAL,Korean Air,False,KR,AS,Intercontinental,37.469101,126.450996,50.026706,8.55835,8544.290614666657
EDDF,arrival,06a30a,QTR8147,,EDDF,1787131193.0,1787151688,EDDF,,1787151688.0,17,QTR,Qatar Airways,False,,,unknown,,,50.026706,8.55835,
EDDF,arrival,3c64ae,DLH1455,,EDDF,1787145507.0,1787151388,EDDF,,1787151388.0,16,DLH,Lufthansa,True,,,unknown,,,50.026706,8.55835,
EDDF,arrival,4bb025,TKJ2ER,,EDDF,1787141466.0,1787151233,EDDF,,1787151233.0,16,TKJ,Other / unmatched,False,,,unknown,,,50.026706,8.55835,
EDDF,arrival,4bb875,PGT5307,LTBL,EDDF,1787141372.0,1787151166,EDDF,LTBL,1787151166.0,16,PGT,Pegasus Airlines,False,TR,AS,Intercontinental,38.513,27.010099,50.026706,8.55835,1939.1732361556842
EDDF,arrival,06a140,QTR8236,EBLG,EDDF,1787149113.0,1787150963,EDDF,EBLG,1787150963.0,16,QTR,Qatar Airways,False,BE,EU,Europe,50.638574,5.443897,50.026706,8.55835,231.27301690701063
EDDF,arrival,3c4597,BOX465,KDFW,EDDF,1787119914.0,1787150884,EDDF,KDFW,1787150884.0,16,BOX,Tiphook PLC,False,US,,Intercontinental,32.896801,-97.038002,50.026706,8.55835,8257.843189902234
EDDF,arrival,3009b6,DLA8881,LIPE,EDDF,1787146746.0,1787150742,EDDF,LIPE,1787150742.0,16,DLA,Air Dolomiti,True,IT,EU,Europe,44.5354,11.2887,50.026706,8.55835,644.2894117734543
EDDF,arrival,a31a34,UAL926,BIKF,EDDF,1787140654.0,1787150739,EDDF,BIKF,1787150739.0,16,UAL,United Airlines,False,IS,EU,Europe,63.985001,-22.6056,50.026706,8.55835,2401.2520633495587
EDDF,arrival,3cce03,DWW703,EDTM,EDDF,1787148711.0,1787150636,EDDF,EDTM,1787150636.0,16,DWW,Jet Courier Service,False,DE,EU,Domestic,48.05389,9.372778,50.026706,8.55835,227.25392861673527
EDDF,arrival,3c65cd,DLH9AV,LIRF,EDDF,1787145606.0,1787150631,EDDF,LIRF,1787150631.0,16,DLH,Lufthansa,True,IT,EU,Europe,41.804532,12.251998,50.026706,8.55835,957.56108872809
EDDF,arrival,4ba904,TKJ15V,,EDDF,1787140742.0,1787150519,EDDF,,1787150519.0,16,TKJ,Other / unmatched,False,,,unknown,,,50.026706,8.55835,
EDDF,arrival,3c6663,DLH85K,,EDDF,1787145223.0,1787150511,EDDF,,1787150511.0,16,DLH,Lufthansa,True,,,unknown,,,50.026706,8.55835,
EDDF,arrival,3c6741,DLH3PX,LIML,EDDF,1787147289.0,1787150429,EDDF,LIML,1787150429.0,16,DLH,Lufthansa,True,IT,EU,Europe,45.445099,9.27674,50.026706,8.55835,512.2693769170622
EDDF,arrival,3c64b0,DLH35M,LPPT,EDDF,1787141625.0,1787150427,EDDF,LPPT,1787150427.0,16,DLH,Lufthansa,True,PT,EU,Europe,38.7813,-9.13592,50.026706,8.55835,1872.7106698088141
EDDF,arrival,0201c0,RAM810D,,EDDF,1787140388.0,1787150362,EDDF,,1787150362.0,16,RAM,Royal Air Maroc,False,,,unknown,,,50.026706,8.55835,
EDDF,arrival,4cac0f,KZR921,,EDDF,1787133581.0,1787150214,EDDF,,1787150214.0,16,KZR,Air Astana,False,,,unknown,,,50.026706,8.55835,
EDDF,arrival,3003af,DLH7PJ,EPWR,EDDF,1787146205.0,1787150141,EDDF,EPWR,1787150141.0,16,DLH,Lufthansa,True,PL,EU,Europe,51.103719,16.882096,50.026706,8.55835,599.6391823914247
EDDF,arrival,3c64c5,DLH519,EBBR,EDDF,1787147570.0,1787150033,EDDF,EBBR,1787150033.0,16,DLH,Lufthansa,True,BE,EU,Europe,50.901402,4.48444,50.026706,8.55835,304.2739348548036
EDDF,arrival,3c6568,OCN131,,EDDF,1787120910.0,1787149891,EDDF,,1787149891.0,16,OCN,Discover Airlines,True,,,unknown,,,50.026706,8.55835,
EDDF,arrival,4bc88a,PGT539T,,EDDF,1787139833.0,1787149823,EDDF,,1787149823.0,16,PGT,Pegasus Airlines,False,,,unknown,,,50.026706,8.55835,
EDDF,arrival,781da5,CCA935,,EDDF,1787114775.0,1787149669,EDDF,,1787149669.0,16,CCA,Air China,False,,,unknown,,,50.026706,8.55835,
EDDF,arrival,501c3b,CTN412,,EDDF,1787145158.0,1787149649,EDDF,,1787149649.0,16,CTN,Croatia Airlines,False,,,unknown,,,50.026706,8.55835,
EDDF,arrival,71c226,KAL529,RKSI,EDDF,1787102621.0,1787149433,EDDF,RKSI,1787149433.0,16,KAL,Korean Air,False,KR,AS,Intercontinental,37.469101,126.450996,50.026706,8.55835,8544.290614666657
EDDF,arrival,3c65c5,DLH2CN,EDDH,EDDF,1787146623.0,1787149420,EDDF,EDDH,1787149420.0,16,DLH,Lufthansa,True,DE,EU,Domestic,53.630402,9.98823,50.026706,8.55835,412.5616454312047
EDDF,arrival,440668,AUA1Y,LOWW,EDDF,1787145124.0,1787149157,EDDF,LOWW,1787149157.0,16,AUA,Austrian,True,AT,EU,Europe,48.110298,16.5697,50.026706,8.55835,620.9306611285796
EDDF,arrival,3c66a1,DLH3VL,LDZA,EDDF,1787144997.0,1787149075,EDDF,LDZA,1787149075.0,16,DLH,Lufthansa,True,HR,EU,Europe,45.742901,16.0688,50.026706,8.55835,734.5935005052726
EDDF,arrival,3c65d6,DLH1RJ,EGPH,EDDF,1787143844.0,1787148986,EDDF,EGPH,1787148986.0,16,DLH,Lufthansa,True,GB,EU,Europe,55.950145,-3.372288,50.026706,8.55835,1032.73961083289
EDDF,arrival,3c6751,DLH1HF,EDDL,EDDF,1787147255.0,1787148980,EDDF,EDDL,1787148980.0,16,DLH,Lufthansa,True,DE,EU,Domestic,51.289501,6.76678,50.026706,8.55835,188.8433278657816
EDDF,arrival,3c644a,DLH8C,LSZH,EDDF,1787146472.0,1787148914,EDDF,LSZH,1787148914.0,16,DLH,Lufthansa,True,CH,EU,Europe,47.458056,8.548056,50.026706,8.55835,285.6218449218939
EDDF,arrival,3c658e,DLH839,EKBI,EDDF,1787144904.0,1787148891,EDDF,EKBI,1787148891.0,16,DLH,Lufthansa,True,DK,EU,Europe,55.740335,9.157019,50.026706,8.55835,636.5886595105571
EDDF,arrival,3e167a,CHX2,EDFL,EDDF,1787147790.0,1787148868,EDDF,EDFL,1787148868.0,16,CHX,Other / unmatched,False,DE,EU,Domestic,50.544794,8.592753,50.026706,8.55835,57.660586905456356
EDDF,arrival,48ad09,LOT377,EPWA,EDDF,1787143262.0,1787148764,EDDF,EPWA,1787148764.0,16,LOT,LOT Polish Airlines,False,PL,EU,Europe,52.165699,20.9671,50.026706,8.55835,897.3150269277251
EDDF,arrival,601829,TUA461,,EDDF,1787087093.0,1787148714,EDDF,,1787148714.0,16,TUA,Turkmenistan Airlines,False,,,unknown,,,50.026706,8.55835,
EDDF,arrival,3c64af,DLH1299,,EDDF,1787139847.0,1787148621,EDDF,,1787148621.0,16,DLH,Lufthansa,True,,,unknown,,,50.026706,8.55835,
EDDF,arrival,e48baa,TAM8070,SBGR,EDDF,1787109236.0,1787148589,EDDF,SBGR,1787148589.0,16,TAM,TAM Brazilian Airlines,False,BR,SA,Intercontinental,-23.431274,-46.469954,50.026706,8.55835,9796.47989691071
EDDF,arrival,3c6634,DLH2TU,EPKK,EDDF,1787143981.0,1787148479,EDDF,EPKK,1787148479.0,16,DLH,Lufthansa,True,PL,EU,Europe,50.077702,19.7848,50.026706,8.55835,800.8011485417
EDDF,arrival,3c6757,DLH4YC,,EDDF,1787143815.0,1787148370,EDDF,,1787148370.0,16,DLH,Lufthansa,True,,,unknown,,,50.026706,8.55835,
EDDF,arrival,3c66eb,DLH4A,EHAM,EDDF,1787145404.0,1787148232,EDDF,EHAM,1787148232.0,16,DLH,Lufthansa,True,NL,EU,Europe,52.308601,4.76389,50.026706,8.55835,366.48146892987825
EDDF,arrival,3c6742,DLH8VR,EKCH,EDDF,1787144114.0,1787148206,EDDF,EKCH,1787148206.0,16,DLH,Lufthansa,True,DK,EU,Europe,55.617900848389,12.656000137329,50.026706,8.55835,679.6633259560357
EDDF,arrival,3c65c9,DLH6UP,LGAV,EDDF,1787139091.0,1787148188,EDDF,LGAV,1787148188.0,16,DLH,Lufthansa,True,GR,EU,Europe,37.936401,23.9445,50.026706,8.55835,1815.79438210604
EDDF,arrival,300738,DLA7CV,,EDDF,1787144000.0,1787148069,EDDF,,1787148069.0,16,DLA,Air Dolomiti,True,,,unknown,,,50.026706,8.55835,
EDDF,arrival,3c6446,DLH1559,,EDDF,1787140142.0,1787147984,EDDF,,1787147984.0,15,DLH,Lufthansa,True,,,unknown,,,50.026706,8.55835,
EDDF,arrival,3c648b,DLH51V,LFLL,EDDF,1787144409.0,1787147899,EDDF,LFLL,1787147899.0,15,DLH,Lufthansa,True,FR,EU,Europe,45.725996,5.090139,50.026706,8.55835,543.5457595389236
EDDF,arrival,3006b5,DLA8XN,,EDDF,1787144270.0,1787147811,EDDF,,1787147811.0,15,DLA,Air Dolomiti,True,,,unknown,,,50.026706,8.55835,
EDDF,arrival,3c6754,DLH47F,LEBL,EDDF,1787141941.0,1787147752,EDDF,LEBL,1787147752.0,15,DLH,Lufthansa,True,ES,EU,Europe,41.2971,2.07846,50.026706,8.55835,1092.5416501874115
EDDF,arrival,30055b,DLH1TX,LSZM,EDDF,1787145337.0,1787147727,EDDF,LSZM,1787147727.0,15,DLH,Lufthansa,True,CH,EU,Europe,47.078353,9.064662,50.026706,8.55835,329.9509076636581
EDDF,arrival,3c6589,DLH2YA,EPWA,EDDF,1787142362.0,1787147665,EDDF,EPWA,1787147665.0,15,DLH,Lufthansa,True,PL,EU,Europe,52.165699,20.9671,50.026706,8.55835,897.3150269277251
EDDF,arrival,3c6637,DLH52J,LFMN,EDDF,1787143508.0,1787147638,EDDF,LFMN,1787147638.0,15,DLH,Lufthansa,True,FR,EU,Europe,43.658401,7.21587,50.026706,8.55835,715.413528812061
EDDF,arrival,3c6641,DLH6KA,LHBP,EDDF,1787142600.0,1787147564,EDDF,LHBP,1787147564.0,15,DLH,Lufthansa,True,HU,EU,Europe,47.43018,19.262393,50.026706,8.55835,835.6031637955549
EDDF,arrival,3c667a,DLH57Y,LEMG,EDDF,1787138731.0,1787147544,EDDF,LEMG,1787147544.0,15,DLH,Lufthansa,True,ES,EU,Europe,36.6749,-4.49911,50.026706,8.55835,1816.0427917550999
EDDF,arrival,3c6485,DLH7EL,LIPZ,EDDF,1787143823.0,1787147466,EDDF,LIPZ,1787147466.0,15,DLH,Lufthansa,True,IT,EU,Europe,45.505299,12.3519,50.026706,8.55835,577.0149776234636
EDDF,arrival,3009b4,DLA11K,LOWG,EDDF,1787143394.0,1787147428,EDDF,LOWG,1787147428.0,15,DLA,Air Dolomiti,True,AT,EU,Europe,46.9911,15.4396,50.026706,8.55835,608.6388191939618
EDDF,arrival,3c654e,LHX5U,EGLL,EDDF,1787143893.0,1787147409,EDDF,EGLL,1787147409.0,15,LHX,Other / unmatched,False,GB,EU,Europe,51.470748,-0.459909,50.026706,8.55835,654.0165397367234
EDDF,arrival,3c658d,DLH5P,LKPR,EDDF,1787144559.0,1787147307,EDDF,LKPR,1787147307.0,15,DLH,Lufthansa,True,CZ,EU,Europe,50.100874,14.259911,50.026706,8.55835,406.96118852195696
EDDF,arrival,3c6744,DLH5AC,EDDM,EDDF,1787145015.0,1787147152,EDDF,EDDM,1787147152.0,15,DLH,Lufthansa,True,DE,EU,Domestic,48.353802,11.7861,50.026706,8.55835,299.3253023081836
EDDF,arrival,3c6678,DLH979,EIDW,EDDF,1787142023.0,1787147057,EDDF,EIDW,1787147057.0,15,DLH,Lufthansa,True,IE,EU,Europe,53.428713,-6.262121,50.026706,8.55835,1086.1211676842795
EDDF,arrival,3c66e7,OCN2JV,LGKO,EDDF,1787136424.0,1787146939,EDDF,LGKO,1787146939.0,15,OCN,Discover Airlines,True,GR,AS,Intercontinental,36.794523,27.09115,50.026706,8.55835,2088.0366099301755
EDDF,arrival,3c6586,DLH3F,LFPG,EDDF,1787144311.0,1787146912,EDDF,LFPG,1787146912.0,15,DLH,Lufthansa,True,FR,EU,Europe,49.00896,2.554117,50.026706,8.55835,447.8305266654691
EDDF,arrival,782409,CKK606,EGSS,EDDF,1787054138.0,1787146795,EDDF,EGSS,1787146795.0,15,CKK,China Cargo Airlines,False,GB,EU,Europe,51.884998,0.235,50.026706,8.55835,618.1089186193377
EDDF,arrival,3c64b1,DLH43U,LPPR,EDDF,1787139000.0,1787146736,EDDF,LPPR,1787146736.0,15,DLH,Lufthansa,True,PT,EU,Europe,41.2481002808,-8.68138980865,50.026706,8.55835,1651.6233885914048
EDDF,arrival,3c66e1,DLH8FL,ENBR,EDDF,1787140514.0,1787146698,EDDF,ENBR,1787146698.0,15,DLH,Lufthansa,True,NO,EU,Europe,60.2934,5.21814,50.026706,8.55835,1160.7779160377402
EDDF,arrival,3c6662,DLH9EJ,LROP,EDDF,1787138493.0,1787146648,EDDF,LROP,1787146648.0,15,DLH,Lufthansa,True,RO,EU,Europe,44.571792,26.103285,50.026706,8.55835,1450.8551268606066
EDDF,arrival,3009b3,DLA7TT,ELLX,EDDF,1787144924.0,1787146631,EDDF,ELLX,1787146631.0,15,DLA,Air Dolomiti,True,LU,EU,Europe,49.626845,6.212134,50.026706,8.55835,174.064410926245
EDDF,arrival,3c6588,DLH6HH,LJLJ,EDDF,1787142998.0,1787146527,EDDF,LJLJ,1787146527.0,15,DLH,Lufthansa,True,SI,EU,Europe,46.223701,14.4576,50.026706,8.55835,608.373527362607
EDDF,arrival,3c666f,DLH37W,LEMD,EDDF,1787139483.0,1787146442,EDDF,LEMD,1787146442.0,15,DLH,Lufthansa,True,ES,EU,Europe,40.493407,-3.572249,50.026706,8.55835,1419.5153635411198
EDDF,arrival,3c7983,CFG7MA,LEPA,EDDF,1787140356.0,1787146374,EDDF,LEPA,1787146374.0,15,CFG,Condor Flugdienst,False,ES,EU,Europe,39.551701,2.73881,50.026706,8.55835,1251.0699144927974
EDDF,arrival,4d02c1,JFA01D,,EDDF,1787143624.0,1787146286,EDDF,,1787146286.0,15,JFA,Other / unmatched,False,,,unknown,,,50.026706,8.55835,
EDDF,arrival,3c6658,DLH3RK,LMML,EDDF,1787138280.0,1787146179,EDDF,LMML,1787146179.0,15,DLH,Lufthansa,True,MT,EU,Europe,35.845932,14.491546,50.026706,8.55835,1647.813282230987
EDDF,arrival,300781,DLH293,LIMF,EDDF,1787142662.0,1787146139,EDDF,LIMF,1787146139.0,15,DLH,Lufthansa,True,IT,EU,Europe,45.200802,7.64963,50.026706,8.55835,540.9103631086111
EDDF,arrival,3c66b3,OCN8FE,,EDDF,1787140057.0,1787146072,EDDF,,1787146072.0,15,OCN,Discover Airlines,True,,,unknown,,,50.026706,8.55835,
EDDF,arrival,3c6745,DLH3AH,LYBE,EDDF,1787139870.0,1787145981,EDDF,LYBE,1787145981.0,15,DLH,Lufthansa,True,RS,EU,Europe,44.818401,20.309099,50.026706,8.55835,1054.9858217389628
EDDF,arrival,3c6449,DLH891,EVRA,EDDF,1787138654.0,1787145921,EDDF,EVRA,1787145921.0,15,DLH,Lufthansa,True,LV,EU,Europe,56.920752,23.970711,50.026706,8.55835,1271.1934455558473
EDDF,arrival,3c6551,LHX849,EFHK,EDDF,1787137635.0,1787145911,EDDF,EFHK,1787145911.0,15,LHX,Other / unmatched,False,FI,EU,Europe,60.318363,24.963341,50.026706,8.55835,1539.1314075144423
EDDF,arrival,781940,CSN467,,EDDF,1787122327.0,1787145839,EDDF,,1787145839.0,15,CSN,China Southern Airlines,False,,,unknown,,,50.026706,8.55835,
EDDF,arrival,3009b8,DLA2KF,LIRQ,EDDF,1787141371.0,1787145589,EDDF,LIRQ,1787145589.0,15,DLA,Air Dolomiti,True,IT,EU,Europe,43.808558,11.202822,50.026706,8.55835,719.8838207762309
EDDF,arrival,3c6487,DLH11Y,LEBL,EDDF,1787140020.0,1787145569,EDDF,LEBL,1787145569.0,15,DLH,Lufthansa,True,ES,EU,Europe,41.2971,2.07846,50.026706,8.55835,1092.5416501874115
EDDF,arrival,3c648a,DLH84H,LEVC,EDDF,1787138134.0,1787145479,EDDF,LEVC,1787145479.0,15,DLH,Lufthansa,True,ES,EU,Europe,39.489162,-0.480961,50.026706,8.55835,1369.719226703799
EDDF,arrival,3c674f,DLH8JT,ESSA,EDDF,1787138770.0,1787145434,EDDF,ESSA,1787145434.0,15,DLH,Lufthansa,True,SE,EU,Europe,59.64849,17.928829,50.026706,8.55835,1224.0229013959924
EDDF,arrival,3c6545,DLH8EM,LIRN,EDDF,1787139994.0,1787145415,EDDF,LIRN,1787145415.0,15,DLH,Lufthansa,True,IT,EU,Europe,40.886002,14.2908,50.026706,8.55835,1109.5763598500967
EDDF,arrival,3c6483,DLH5RL,LBSF,EDDF,1787138159.0,1787145323,EDDF,LBSF,1787145323.0,15,DLH,Lufthansa,True,BG,EU,Europe,42.696357,23.417671,50.026706,8.55835,1397.533198762108
EDDF,arrival,3c65c6,DLH46P,LOWS,EDDF,1787142501.0,1787145249,EDDF,LOWS,1787145249.0,15,DLH,Lufthansa,True,AT,EU,Europe,47.793301,13.0043,50.026706,8.55835,408.8410070324141
EDDF,arrival,502d27,BEL2SR,EBBR,EDDF,1787142909.0,1787145187,EDDF,EBBR,1787145187.0,15,BEL,Brussels Airlines,True,BE,EU,Europe,50.901402,4.48444,50.026706,8.55835,304.2739348548036
EDDF,arrival,3c6671,DLH1323,,EDDF,1787139429.0,1787145145,EDDF,,1787145145.0,15,DLH,Lufthansa,True,,,unknown,,,50.026706,8.55835,
EDDF,arrival,3c6743,DLH9CP,LIRF,EDDF,1787140000.0,1787145135,EDDF,LIRF,1787145135.0,15,DLH,Lufthansa,True,IT,EU,Europe,41.804532,12.251998,50.026706,8.55835,957.56108872809
EDDF,arrival,896626,UAE8X,OMDB,EDDF,1787122590.0,1787145114,EDDF,OMDB,1787145114.0,15,UAE,Emirates,False,AE,AS,Intercontinental,25.24979,55.370992,50.026706,8.55835,4844.5225736276
EDDF,arrival,3c6668,DLH1RE,EETN,EDDF,1787137175.0,1787145110,EDDF,EETN,1787145110.0,15,DLH,Lufthansa,True,EE,EU,Europe,59.413246,24.83264,50.026706,8.55835,1469.6340797106222
EDDF,arrival,3c4a21,DLH107,EDDM,EDDF,1787142215.0,1787145075,EDDF,EDDM,1787145075.0,15,DLH,Lufthansa,True,DE,EU,Domestic,48.353802,11.7861,50.026706,8.55835,299.3253023081836
EDDF,arrival,3c66ba,OCN1GN,LEIB,EDDF,1787137350.0,1787145064,EDDF,LEIB,1787145064.0,15,OCN,Discover Airlines,True,ES,EU,Europe,38.872898,1.37312,50.026706,8.55835,1363.5612542932633
EDDF,arrival,516042,MNE300,,EDDF,1787138629.0,1787145057,EDDF,,1787145057.0,15,MNE,Aerolineas Amanecer,False,,,unknown,,,50.026706,8.55835,
EDDF,arrival,3c64a4,DLH81J,LEST,EDDF,1787137204.0,1787145050,EDDF,LEST,1787145050.0,15,DLH,Lufthansa,True,ES,EU,Europe,42.896301,-8.41514,50.026706,8.55835,1517.5452284681191
EDDF,arrival,3c6583,DLH6C,LSZH,EDDF,1787141412.0,1787145028,EDDF,LSZH,1787145028.0,15,DLH,Lufthansa,True,CH,EU,Europe,47.458056,8.548056,50.026706,8.55835,285.6218449218939
EDDF,arrival,0a0077,DAH2070,,EDDF,1787137478.0,1787144998,EDDF,,1787144998.0,15,DAH,Air Algerie,False,,,unknown,,,50.026706,8.55835,
EDDF,arrival,3c66ae,DLH9LX,ENGM,EDDF,1787137620.0,1787144964,EDDF,ENGM,1787144964.0,15,DLH,Lufthansa,True,NO,EU,Europe,60.193901,11.1004,50.026706,8.55835,1141.8263314571998
EDDF,arrival,ae04a9,POKER41,LBSF,EDDF,1787134028.0,1787144890,EDDF,LBSF,1787144890.0,15,POK,Other / unmatched,False,BG,EU,Europe,42.696357,23.417671,50.026706,8.55835,1397.533198762108
EDDF,arrival,3c64f7,DLH433,KORD,EDDF,1787116251.0,1787144873,EDDF,KORD,1787144873.0,15,DLH,Lufthansa,True,US,,Intercontinental,41.9786,-87.9048,50.026706,8.55835,6970.7490959780225
EDDF,arrival,504e61,HYM401,,EDDF,1787137224.0,1787144845,EDDF,,1787144845.0,15,HYM,Himalayan Airlines,False,,,unknown,,,50.026706,8.55835,
EDDF,arrival,ae03f9,DUKE10,EDDS,EDDF,1787140983.0,1787144844,EDDF,EDDS,1787144844.0,15,DUK,Ducair,False,DE,EU,Domestic,48.689899,9.22196,50.026706,8.55835,156.22110871817617
EDDF,arrival,3c654a,LHX943,EGCC,EDDF,1787139156.0,1787144816,EDDF,EGCC,1787144816.0,15,LHX,Other / unmatched,False,GB,EU,Europe,53.349375,-2.279521,50.026706,8.55835,832.3063454508671
EDDF,arrival,3c4589,BOX623,VAJJ,EDDF,1787112515.0,1787144789,EDDF,VAJJ,1787144789.0,15,BOX,Tiphook PLC,False,IN,AS,Intercontinental,19.098100662231445,72.83419799804688,50.026706,8.55835,6566.506180662699
EDDF,arrival,3c4b2f,DLH499,MMMX,EDDF,1787107561.0,1787144602,EDDF,MMMX,1787144602.0,15,DLH,Lufthansa,True,MX,,Intercontinental,19.435822,-99.07033,50.026706,8.55835,9551.43398699281
EDDF,arrival,3c65ca,DLH895,EYVI,EDDF,1787134417.0,1787144488,EDDF,EYVI,1787144488.0,15,DLH,Lufthansa,True,LT,EU,Europe,54.634102,25.285801,50.026706,8.55835,1242.7890185646338
EDDF,arrival,7114f0,SVA179,,EDDF,1787127167.0,1787144426,EDDF,,1787144426.0,15,SVA,Saudi Arabian Airlines,False,,,unknown,,,50.026706,8.55835,
EDDF,arrival,4caf12,SAS51H,EKCH,EDDF,1787138164.0,1787144066,EDDF,EKCH,1787144066.0,14,SAS,Scandinavian Airlines System,False,DK,EU,Europe,55.617900848389,12.656000137329,50.026706,8.55835,679.6633259560357
EDDF,arrival,44034b,EJU95ZU,LIRF,EDDF,1787137414.0,1787143791,EDDF,LIRF,1787143791.0,14,EJU,easyJet,False,IT,EU,Europe,41.804532,12.251998,50.026706,8.55835,957.56108872809
EDDF,arrival,744823,RJA125,OJAI,EDDF,1787127128.0,1787142998,EDDF,OJAI,1787142998.0,14,RJA,Royal Jordanian,False,JO,AS,Intercontinental,31.7226009369,35.9931983948,50.026706,8.55835,3044.929110258351
EDDF,arrival,3c6747,DLH35N,LFRS,EDDF,1787137711.0,1787142967,EDDF,LFRS,1787142967.0,14,DLH,Lufthansa,True,FR,EU,Europe,47.153198,-1.61073,50.026706,8.55835,812.4603863873532
EDDF,arrival,3c6672,DLH3CJ,EPKK,EDDF,1787137265.0,1787142778,EDDF,EPKK,1787142778.0,14,DLH,Lufthansa,True,PL,EU,Europe,50.077702,19.7848,50.026706,8.55835,800.8011485417
EDDF,arrival,3c65d8,DLH6VR,LGAV,EDDF,1787132640.0,1787142778,EDDF,LGAV,1787142778.0,14,DLH,Lufthansa,True,GR,EU,Europe,37.936401,23.9445,50.026706,8.55835,1815.79438210604
EDDF,arrival,06a2e9,QTR55A,,EDDF,1787121751.0,1787142088,EDDF,,1787142088.0,14,QTR,Qatar Airways,False,,,unknown,,,50.026706,8.55835,
EDDF,arrival,3c4a0f,DLH451,KLAX,EDDF,1787104903.0,1787142088,EDDF,KLAX,1787142088.0,14,DLH,Lufthansa,True,US,,Intercontinental,33.942501,-118.407997,50.026706,8.55835,9321.953370596324
EDDF,arrival,3986e6,AFR93JN,LFPG,EDDF,1787138732.0,1787141962,EDDF,LFPG,1787141962.0,14,AFR,Air France,False,FR,EU,Europe,49.00896,2.554117,50.026706,8.55835,447.8305266654691
EDDF,arrival,010244,MSR785,,EDDF,1787130890.0,1787141697,EDDF,,1787141697.0,14,MSR,Egyptair,False,,,unknown,,,50.026706,8.55835,
EDDF,arrival,3c66b6,OCN6GP,,EDDF,1787137220.0,1787141562,EDDF,,1787141562.0,14,OCN,Discover Airlines,True,,,unknown,,,50.026706,8.55835,
EDDF,arrival,3c66b4,OCN4XK,LGRP,EDDF,1787130043.0,1787141295,EDDF,LGRP,1787141295.0,14,OCN,Discover Airlines,True,GR,AS,Intercontinental,36.405399,28.086201,50.026706,8.55835,2178.0008615128454
EDDF,arrival,46b927,SEH6MA,LGAV,EDDF,1787131311.0,1787141187,EDDF,LGAV,1787141187.0,14,SEH,Sky Express,False,GR,EU,Europe,37.936401,23.9445,50.026706,8.55835,1815.79438210604
EDDF,arrival,4bcdb5,SXS7XH,,EDDF,1787130787.0,1787141068,EDDF,,1787141068.0,14,SXS,SunExpress,False,,,unknown,,,50.026706,8.55835,
EDDF,arrival,89618c,UAE52M,OMDB,EDDF,1787117018.0,1787140866,EDDF,OMDB,1787140866.0,14,UAE,Emirates,False,AE,AS,Intercontinental,25.24979,55.370992,50.026706,8.55835,4844.5225736276
EDDF,arrival,4bc845,PGT62LH,,EDDF,1787130868.0,1787140694,EDDF,,1787140694.0,13,PGT,Pegasus Airlines,False,,,unknown,,,50.026706,8.55835,
EDDF,arrival,4bcdec,SXS3JC,LTAI,EDDF,1787127916.0,1787140417,EDDF,LTAI,1787140417.0,13,SXS,SunExpress,False,TR,AS,Intercontinental,36.898701,30.800501,50.026706,8.55835,2298.2344363312995
EDDF,arrival,3c6543,LHX2H,EGLL,EDDF,1787136433.0,1787140156,EDDF,EGLL,1787140156.0,13,LHX,Other / unmatched,False,GB,EU,Europe,51.470748,-0.459909,50.026706,8.55835,654.0165397367234
EDDF,arrival,3c65c1,DLH2EL,LICA,EDDF,1787133109.0,1787140038,EDDF,LICA,1787140038.0,13,DLH,Lufthansa,True,IT,EU,Europe,38.906214,16.246007,50.026706,8.55835,1377.0899947925852
EDDF,arrival,3c4591,BOX615,OMDW,EDDF,1787116290.0,1787139987,EDDF,OMDW,1787139987.0,13,BOX,Tiphook PLC,False,AE,AS,Intercontinental,24.896171,55.16235,50.026706,8.55835,4859.19847434792
EDDF,arrival,782293,CKK235,,EDDF,1787116106.0,1787139969,EDDF,,1787139969.0,13,CKK,China Cargo Airlines,False,,,unknown,,,50.026706,8.55835,
EDDF,arrival,3c6d43,KLM95Y,EHAM,EDDF,1787137118.0,1787139855,EDDF,EHAM,1787139855.0,13,KLM,KLM Royal Dutch Airlines,False,NL,EU,Europe,52.308601,4.76389,50.026706,8.55835,366.48146892987825
EDDF,arrival,3c6752,DLH273,LIML,EDDF,1787136277.0,1787139806,EDDF,LIML,1787139806.0,13,DLH,Lufthansa,True,IT,EU,Europe,45.445099,9.27674,50.026706,8.55835,512.2693769170622
EDDF,arrival,4bb27a,THY5TP,,EDDF,1787129740.0,1787139628,EDDF,,1787139628.0,13,THY,Turkish Airlines,False,,,unknown,,,50.026706,8.55835,
EDDF,arrival,40097c,BAW906,EGLL,EDDF,1787135199.0,1787139159,EDDF,EGLL,1787139159.0,13,BAW,British Airways,False,GB,EU,Europe,51.470748,-0.459909,50.026706,8.55835,654.0165397367234
EDDF,arrival,4bb855,PGT76ND,LTAI,EDDF,1787126345.0,1787138879,EDDF,LTAI,1787138879.0,13,PGT,Pegasus Airlines,False,TR,AS,Intercontinental,36.898701,30.800501,50.026706,8.55835,2298.2344363312995
EDDF,arrival,3c6669,DLH2XV,EKCH,EDDF,1787134688.0,1787138816,EDDF,EKCH,1787138816.0,13,DLH,Lufthansa,True,DK,EU,Europe,55.617900848389,12.656000137329,50.026706,8.55835,679.6633259560357
EDDF,arrival,4caeea,KZR937,,EDDF,1787121313.0,1787138620,EDDF,,1787138620.0,13,KZR,Air Astana,False,,,unknown,,,50.026706,8.55835,
EDDF,arrival,3c0c9e,TUI6YL,LGKO,EDDF,1787127451.0,1787138517,EDDF,LGKO,1787138517.0,13,TUI,Tuninter,False,GR,AS,Intercontinental,36.794523,27.09115,50.026706,8.55835,2088.0366099301755
EDDF,arrival,3c786b,CFG9EW,,EDDF,1787127571.0,1787138426,EDDF,,1787138426.0,13,CFG,Condor Flugdienst,False,,,unknown,,,50.026706,8.55835,
EDDF,arrival,3c6429,CFG4ZL,LGRP,EDDF,1787126710.0,1787138239,EDDF,LGRP,1787138239.0,13,CFG,Condor Flugdienst,False,GR,AS,Intercontinental,36.405399,28.086201,50.026706,8.55835,2178.0008615128454
EDDF,arrival,3c66e8,OCN4YZ,,EDDF,1787130074.0,1787138156,EDDF,,1787138156.0,13,OCN,Discover Airlines,True,,,unknown,,,50.026706,8.55835,
EDDF,arrival,3c7a4c,CFG097,KSFO,EDDF,1787100063.0,1787137994,EDDF,KSFO,1787137994.0,13,CFG,Condor Flugdienst,False,US,,Intercontinental,37.619806,-122.374821,50.026706,8.55835,9148.68295273629
EDDF,arrival,4404cc,GDK47Z,LOWW,EDDF,1787131576.0,1787137898,EDDF,LOWW,1787137898.0,13,GDK,Goldeck-Flug,False,AT,EU,Europe,48.110298,16.5697,50.026706,8.55835,620.9306611285796
EDDF,arrival,3c7a50,CFG033,KSEA,EDDF,1787102637.0,1787137709,EDDF,KSEA,1787137709.0,13,CFG,Condor Flugdienst,False,US,,Intercontinental,47.447943,-122.310276,50.026706,8.55835,8197.731175409263
EDDF,arrival,4b19fd,CFG7HP,LIMC,EDDF,1787134334.0,1787137641,EDDF,LIMC,1787137641.0,13,CFG,Condor Flugdienst,False,IT,EU,Europe,45.6306,8.72811,50.026706,8.55835,488.98855027228177
EDDF,arrival,3c6751,DLH4HU,EPKK,EDDF,1787132621.0,1787137638,EDDF,EPKK,1787137638.0,13,DLH,Lufthansa,True,PL,EU,Europe,50.077702,19.7848,50.026706,8.55835,800.8011485417
EDDF,arrival,3c674a,DLH1UL,LHBP,EDDF,1787132161.0,1787137553,EDDF,LHBP,1787137553.0,13,DLH,Lufthansa,True,HU,EU,Europe,47.43018,19.262393,50.026706,8.55835,835.6031637955549
EDDF,arrival,3c6422,CFG5RM,LEBL,EDDF,1787131206.0,1787137547,EDDF,LEBL,1787137547.0,13,CFG,Condor Flugdienst,False,ES,EU,Europe,41.2971,2.07846,50.026706,8.55835,1092.5416501874115
EDDF,arrival,3c0ac5,CFG3VK,LGZA,EDDF,1787128533.0,1787137444,EDDF,LGZA,1787137444.0,13,CFG,Condor Flugdienst,False,GR,EU,Europe,37.7509,20.8843,50.026706,8.55835,1680.1706573781164
EDDF,arrival,3c5434,BCS6717,EGGW,EDDF,1787133588.0,1787137406,EDDF,EGGW,1787137406.0,13,BCS,European Air Transport,False,GB,EU,Europe,51.874699,-0.368333,50.026706,8.55835,657.7192811437509
EDDF,arrival,3c65c2,DLH1A,EHAM,EDDF,1787134726.0,1787137365,EDDF,EHAM,1787137365.0,13,DLH,Lufthansa,True,NL,EU,Europe,52.308601,4.76389,50.026706,8.55835,366.48146892987825
EDDF,arrival,4bce42,SXS9HP,LTAI,EDDF,1787124596.0,1787137362,EDDF,LTAI,1787137362.0,13,SXS,SunExpress,False,TR,AS,Intercontinental,36.898701,30.800501,50.026706,8.55835,2298.2344363312995
EDDF,arrival,3c65ce,DLH955,EGBB,EDDF,1787133080.0,1787137354,EDDF,EGBB,1787137354.0,13,DLH,Lufthansa,True,GB,EU,Europe,52.453899,-1.74803,50.026706,8.55835,765.7189968549203
EDDF,arrival,45213d,MSC2942,,EDDF,1787125541.0,1787137347,EDDF,,1787137347.0,13,MSC,Air Cairo,False,,,unknown,,,50.026706,8.55835,
EDDF,arrival,3c0acb,CFG5VY,LIRF,EDDF,1787131694.0,1787137346,EDDF,LIRF,1787137346.0,13,CFG,Condor Flugdienst,False,IT,EU,Europe,41.804532,12.251998,50.026706,8.55835,957.56108872809
EDDF,arrival,3c6473,CFG3YU,EDDB,EDDF,1787134130.0,1787137345,EDDF,EDDB,1787137345.0,13,CFG,Condor Flugdienst,False,DE,EU,Domestic,52.361738,13.502341,50.026706,8.55835,431.2414419348526
EDDF,arrival,3c6482,DLH6PJ,EDDH,EDDF,1787134261.0,1787137343,EDDF,EDDH,1787137343.0,13,DLH,Lufthansa,True,DE,EU,Domestic,53.630402,9.98823,50.026706,8.55835,412.5616454312047
EDDF,arrival,501c2d,CFG6PD,LHBP,EDDF,1787131869.0,1787137338,EDDF,LHBP,1787137338.0,13,CFG,Condor Flugdienst,False,HU,EU,Europe,47.43018,19.262393,50.026706,8.55835,835.6031637955549
EDDF,arrival,51300b,E7SMS,,EDDF,1787130459.0,1787137337,EDDF,,1787137337.0,13,,Other / unmatched,False,,,unknown,,,50.026706,8.55835,
EDDF,arrival,3c64ef,DLH405,KJFK,EDDF,1787112275.0,1787137335,EDDF,KJFK,1787137335.0,13,DLH,Lufthansa,True,US,,Intercontinental,40.639447,-73.779317,50.026706,8.55835,6189.00001804495
EDDF,arrival,3c66b9,OCN215,,EDDF,1787129315.0,1787137323,EDDF,,1787137323.0,13,OCN,Discover Airlines,True,,,unknown,,,50.026706,8.55835,
EDDF,arrival,3c6467,CFG9LF,LKPR,EDDF,1787133852.0,1787137317,EDDF,LKPR,1787137317.0,13,CFG,Condor Flugdienst,False,CZ,EU,Europe,50.100874,14.259911,50.026706,8.55835,406.96118852195696
EDDF,arrival,3c64a2,DLH5EK,,EDDF,1787132383.0,1787137316,EDDF,,1787137316.0,13,DLH,Lufthansa,True,,,unknown,,,50.026706,8.55835,
EDDF,arrival,4cc574,ICE520,BIKF,EDDF,1787125291.0,1787137310,EDDF,BIKF,1787137310.0,13,ICE,Icelandair,False,IS,EU,Europe,63.985001,-22.6056,50.026706,8.55835,2401.2520633495587
EDDF,arrival,3c6746,DLH2AC,ESGG,EDDF,1787131804.0,1787137310,EDDF,ESGG,1787137310.0,13,DLH,Lufthansa,True,SE,EU,Europe,57.6628,12.2798,50.026706,8.55835,883.1568466070247
EDDF,arrival,3c4965,CFG9PH,LIPZ,EDDF,1787132611.0,1787137299,EDDF,LIPZ,1787137299.0,13,CFG,Condor Flugdienst,False,IT,EU,Europe,45.505299,12.3519,50.026706,8.55835,577.0149776234636
EDDF,arrival,3c664f,DLH1RF,EDDM,EDDF,1787134328.0,1787137289,EDDF,EDDM,1787137289.0,13,DLH,Lufthansa,True,DE,EU,Domestic,48.353802,11.7861,50.026706,8.55835,299.3253023081836
EDDF,arrival,3c6445,DLH4P,LKPR,EDDF,1787133740.0,1787137279,EDDF,LKPR,1787137279.0,13,DLH,Lufthansa,True,CZ,EU,Europe,50.100874,14.259911,50.026706,8.55835,406.96118852195696
EDDF,arrival,3c7a4f,CFG455,CYVR,EDDF,1787101586.0,1787137254,EDDF,CYVR,1787137254.0,13,CFG,Condor Flugdienst,False,CA,,Intercontinental,49.193901,-123.183998,50.026706,8.55835,8062.668674290768
EDDF,arrival,3c088d,CFG9ZD,LGSA,EDDF,1787125778.0,1787137251,EDDF,LGSA,1787137251.0,13,CFG,Condor Flugdienst,False,GR,EU,Europe,35.531207,24.150673,50.026706,8.55835,2044.9535163377109
EDDF,arrival,440284,SKV615,EDDL,EDDF,1787134224.0,1787137198,EDDF,EDDL,1787137198.0,12,SKV,Sky Regional Airlines,False,DE,EU,Domestic,51.289501,6.76678,50.026706,8.55835,188.8433278657816
EDDF,arrival,4bb2b2,TKJ3TH,,EDDF,1787125659.0,1787137196,EDDF,,1787137196.0,12,TKJ,Other / unmatched,False,,,unknown,,,50.026706,8.55835,
EDDF,arrival,3c675a,DLH9KK,EDDB,EDDF,1787132893.0,1787136738,EDDF,EDDB,1787136738.0,12,DLH,Lufthansa,True,DE,EU,Domestic,52.361738,13.502341,50.026706,8.55835,431.2414419348526
EDDF,arrival,4cae72,MGL137,RKSI,EDDF,1787071930.0,1787136687,EDDF,RKSI,1787136687.0,12,MGL,MIAT Mongolian Airlines,False,KR,AS,Intercontinental,37.469101,126.450996,50.026706,8.55835,8544.290614666657
EDDF,arrival,3c7a47,CFG081,KLAX,EDDF,1787098098.0,1787136657,EDDF,KLAX,1787136657.0,12,CFG,Condor Flugdienst,False,US,,Intercontinental,33.942501,-118.407997,50.026706,8.55835,9321.953370596324
EDDF,arrival,4b19fe,CFG1EP,EGKK,EDDF,1787131754.0,1787136479,EDDF,EGKK,1787136479.0,12,CFG,Condor Flugdienst,False,GB,EU,Europe,51.148744,-0.185739,50.026706,8.55835,629.3869802008804
EDDF,arrival,3c65e1,DLH307,LICC,EDDF,1787127737.0,1787136295,EDDF,LICC,1787136295.0,12,DLH,Lufthansa,True,IT,EU,Europe,37.466801,15.0664,50.026706,8.55835,1489.8067077111134
EDDF,arrival,3c0ac6,CFG6AK,LOWW,EDDF,1787131242.0,1787135740,EDDF,LOWW,1787135740.0,12,CFG,Condor Flugdienst,False,AT,EU,Europe,48.110298,16.5697,50.026706,8.55835,620.9306611285796
EDDF,arrival,3c654d,LHX1087,LFML,EDDF,1787130712.0,1787135373,EDDF,LFML,1787135373.0,12,LHX,Other / unmatched,False,FR,EU,Europe,43.438088,5.2125,50.026706,8.55835,775.5217113531144
EDDF,arrival,3009b5,DLA3HR,LIRP,EDDF,1787130955.0,1787135246,EDDF,LIRP,1787135246.0,12,DLA,Air Dolomiti,True,IT,EU,Europe,43.683899,10.3927,50.026706,8.55835,718.8867403015707
EDDF,arrival,3c7878,CFG4ED,LSZH,EDDF,1787132169.0,1787135069,EDDF,LSZH,1787135069.0,12,CFG,Condor Flugdienst,False,CH,EU,Europe,47.458056,8.548056,50.026706,8.55835,285.6218449218939
EDDF,arrival,3c6744,DLH7F,LFPG,EDDF,1787132178.0,1787135036,EDDF,LFPG,1787135036.0,12,DLH,Lufthansa,True,FR,EU,Europe,49.00896,2.554117,50.026706,8.55835,447.8305266654691
EDDF,arrival,3c6741,DLH9C,LSZH,EDDF,1787132286.0,1787134959,EDDF,LSZH,1787134959.0,12,DLH,Lufthansa,True,CH,EU,Europe,47.458056,8.548056,50.026706,8.55835,285.6218449218939
EDDF,arrival,3c6475,CFG2HK,EDDH,EDDF,1787132084.0,1787134865,EDDF,EDDH,1787134865.0,12,CFG,Condor Flugdienst,False,DE,EU,Domestic,53.630402,9.98823,50.026706,8.55835,412.5616454312047
EDDF,arrival,3c6670,DLH7VV,LIPZ,EDDF,1787131271.0,1787134840,EDDF,LIPZ,1787134840.0,12,DLH,Lufthansa,True,IT,EU,Europe,45.505299,12.3519,50.026706,8.55835,577.0149776234636
EDDF,arrival,3c6674,DLH249,LIMC,EDDF,1787131774.0,1787134738,EDDF,LIMC,1787134738.0,12,DLH,Lufthansa,True,IT,EU,Europe,45.6306,8.72811,50.026706,8.55835,488.98855027228177
EDDF,arrival,3c644a,DLH5YU,EDDN,EDDF,1787133200.0,1787134664,EDDF,EDDN,1787134664.0,12,DLH,Lufthansa,True,DE,EU,Domestic,49.498699,11.078056,50.026706,8.55835,190.2564158127778
EDDF,arrival,4952d3,TAP7AB,LPPT,EDDF,1787125428.0,1787134485,EDDF,LPPT,1787134485.0,12,TAP,TAP Portugal,False,PT,EU,Europe,38.7813,-9.13592,50.026706,8.55835,1872.7106698088141
EDDF,arrival,3deb84,DHJLC,EDFL,EDDF,1787133343.0,1787134377,EDDF,EDFL,1787134377.0,12,DHJ,Other / unmatched,False,DE,EU,Domestic,50.544794,8.592753,50.026706,8.55835,57.660586905456356
EDDF,arrival,3c65da,DLH9U,EGLL,EDDF,1787130434.0,1787134289,EDDF,EGLL,1787134289.0,12,DLH,Lufthansa,True,GB,EU,Europe,51.470748,-0.459909,50.026706,8.55835,654.0165397367234
EDDF,arrival,3c65c3,DLH8UP,ESSA,EDDF,1787127690.0,1787134184,EDDF,ESSA,1787134184.0,12,DLH,Lufthansa,True,SE,EU,Europe,59.64849,17.928829,50.026706,8.55835,1224.0229013959924
EDDF,arrival,3c6650,DLH179,EDDB,EDDF,1787131390.0,1787134042,EDDF,EDDB,1787134042.0,12,DLH,Lufthansa,True,DE,EU,Domestic,52.361738,13.502341,50.026706,8.55835,431.2414419348526
EDDF,arrival,3c6474,CFG6NV,LFPG,EDDF,1787131132.0,1787133920,EDDF,LFPG,1787133920.0,12,CFG,Condor Flugdienst,False,FR,EU,Europe,49.00896,2.554117,50.026706,8.55835,447.8305266654691
EDDF,arrival,452142,LZB437,LBSF,EDDF,1787126084.0,1787133779,EDDF,LBSF,1787133779.0,12,LZB,Bulgaria Air,False,BG,EU,Europe,42.696357,23.417671,50.026706,8.55835,1397.533198762108
EDDF,arrival,3007f1,DLH837,EKBI,EDDF,1787129563.0,1787133650,EDDF,EKBI,1787133650.0,12,DLH,Lufthansa,True,DK,EU,Europe,55.740335,9.157019,50.026706,8.55835,636.5886595105571
EDDF,arrival,3c65c5,DLH4NM,EDDM,EDDF,1787131312.0,1787133495,EDDF,EDDM,1787133495.0,11,DLH,Lufthansa,True,DE,EU,Domestic,48.353802,11.7861,50.026706,8.55835,299.3253023081836
EDDF,arrival,3c658e,DLH8WE,EDDH,EDDF,1787130600.0,1787133358,EDDF,EDDH,1787133358.0,11,DLH,Lufthansa,True,DE,EU,Domestic,53.630402,9.98823,50.026706,8.55835,412.5616454312047
EDDF,arrival,a6e055,LCO1513,EBBR,EDDF,1787130661.0,1787133322,EDDF,EBBR,1787133322.0,11,LCO,LAN Cargo,False,BE,EU,Europe,50.901402,4.48444,50.026706,8.55835,304.2739348548036
EDDF,arrival,30055b,DLH9VL,LSZM,EDDF,1787130506.0,1787133231,EDDF,LSZM,1787133231.0,11,DLH,Lufthansa,True,CH,EU,Europe,47.078353,9.064662,50.026706,8.55835,329.9509076636581
EDDF,arrival,502ce8,AUA207V,LOWW,EDDF,1787129190.0,1787133186,EDDF,LOWW,1787133186.0,11,AUA,Austrian,True,AT,EU,Europe,48.110298,16.5697,50.026706,8.55835,620.9306611285796
EDDF,arrival,3c664e,DLH3PF,LIRF,EDDF,1787127762.0,1787133057,EDDF,LIRF,1787133057.0,11,DLH,Lufthansa,True,IT,EU,Europe,41.804532,12.251998,50.026706,8.55835,957.56108872809
EDDF,arrival,501d20,CFG3MT,LGIR,EDDF,1787122335.0,1787132965,EDDF,LGIR,1787132965.0,11,CFG,Condor Flugdienst,False,GR,EU,Europe,35.339699,25.1803,50.026706,8.55835,2114.50185093675
EDDF,arrival,a1fcc5,UAL46,KIAH,EDDF,1787100665.0,1787132845,EDDF,KIAH,1787132845.0,11,UAL,United Airlines,False,US,,Intercontinental,29.9844,-95.3414,50.026706,8.55835,8402.197494570984
EDDF,arrival,3c66b2,OCN4ES,,EDDF,1787122445.0,1787132716,EDDF,,1787132716.0,11,OCN,Discover Airlines,True,,,unknown,,,50.026706,8.55835,
EDDF,arrival,3009b2,DLA7CM,LIRQ,EDDF,1787127932.0,1787132637,EDDF,LIRQ,1787132637.0,11,DLA,Air Dolomiti,True,IT,EU,Europe,43.808558,11.202822,50.026706,8.55835,719.8838207762309
EDDF,arrival,3c658d,DLH9MA,EPPO,EDDF,1787128449.0,1787132624,EDDF,EPPO,1787132624.0,11,DLH,Lufthansa,True,PL,EU,Europe,52.421598,16.823359,50.026706,8.55835,633.6937581037554
EDDF,arrival,3006b5,DLA1FM,LIML,EDDF,1787129340.0,1787132545,EDDF,LIML,1787132545.0,11,DLA,Air Dolomiti,True,IT,EU,Europe,45.445099,9.27674,50.026706,8.55835,512.2693769170622
EDDF,arrival,3c6758,DLH4LX,ENGM,EDDF,1787126415.0,1787132526,EDDF,ENGM,1787132526.0,11,DLH,Lufthansa,True,NO,EU,Europe,60.193901,11.1004,50.026706,8.55835,1141.8263314571998
EDDF,arrival,3c66a1,DLH3EJ,EIDW,EDDF,1787127005.0,1787132437,EDDF,EIDW,1787132437.0,11,DLH,Lufthansa,True,IE,EU,Europe,53.428713,-6.262121,50.026706,8.55835,1086.1211676842795
EDDF,arrival,3c79b8,CFG8EX,,EDDF,1787125320.0,1787132367,EDDF,,1787132367.0,11,CFG,Condor Flugdienst,False,,,unknown,,,50.026706,8.55835,
EDDF,arrival,aa9300,UAL932,KIAD,EDDF,1787106552.0,1787132308,EDDF,KIAD,1787132308.0,11,UAL,United Airlines,False,US,,Intercontinental,38.9445,-77.455803,50.026706,8.55835,6550.152063137044
EDDF,arrival,02a198,TAR744,,EDDF,1787125695.0,1787132271,EDDF,,1787132271.0,11,TAR,Tunisair,False,,,unknown,,,50.026706,8.55835,
EDDF,arrival,3009b3,DLA3LT,EPWR,EDDF,1787128269.0,1787132188,EDDF,EPWR,1787132188.0,11,DLA,Air Dolomiti,True,PL,EU,Europe,51.103719,16.882096,50.026706,8.55835,599.6391823914247
EDDF,arrival,3c7427,TUI58V,LGRP,EDDF,1787120530.0,1787132029,EDDF,LGRP,1787132029.0,11,TUI,Tuninter,False,GR,AS,Intercontinental,36.405399,28.086201,50.026706,8.55835,2178.0008615128454
EDDF,arrival,3c66eb,DLH77Y,LFMN,EDDF,1787127506.0,1787131948,EDDF,LFMN,1787131948.0,11,DLH,Lufthansa,True,FR,EU,Europe,43.658401,7.21587,50.026706,8.55835,715.413528812061
EDDF,arrival,3003af,DLA6ME,ELLX,EDDF,1787130040.0,1787131908,EDDF,ELLX,1787131908.0,11,DLA,Air Dolomiti,True,LU,EU,Europe,49.626845,6.212134,50.026706,8.55835,174.064410926245
EDDF,arrival,3c65c6,DLH8XA,EDDV,EDDF,1787129693.0,1787131822,EDDF,EDDV,1787131822.0,11,DLH,Lufthansa,True,DE,EU,Domestic,52.461102,9.68508,50.026706,8.55835,281.8162021932354
EDDF,arrival,3009b4,DLH5RJ,LJLJ,EDDF,1787127671.0,1787131814,EDDF,LJLJ,1787131814.0,11,DLH,Lufthansa,True,SI,EU,Europe,46.223701,14.4576,50.026706,8.55835,608.373527362607
EDDF,arrival,4b1802,SWR2CY,LSGG,EDDF,1787128533.0,1787131727,EDDF,LSGG,1787131727.0,11,SWR,Swiss,True,CH,EU,Europe,46.238098,6.10895,50.026706,8.55835,458.75348003207523
EDDF,arrival,3c64ad,DLH2J,LFPG,EDDF,1787128950.0,1787131709,EDDF,LFPG,1787131709.0,11,DLH,Lufthansa,True,FR,EU,Europe,49.00896,2.554117,50.026706,8.55835,447.8305266654691
EDDF,arrival,3c6742,DLH6EN,EKCH,EDDF,1787127570.0,1787131587,EDDF,EKCH,1787131587.0,11,DLH,Lufthansa,True,DK,EU,Europe,55.617900848389,12.656000137329,50.026706,8.55835,679.6633259560357
EDDF,arrival,3c6586,DLH5AL,EDDC,EDDF,1787128848.0,1787131506,EDDF,EDDC,1787131506.0,11,DLH,Lufthansa,True,DE,EU,Domestic,51.134123,13.767831,50.026706,8.55835,387.7951333669981
EDDF,arrival,3c4ad9,DLH493,CYVR,EDDF,1787097889.0,1787131139,EDDF,CYVR,1787131139.0,11,DLH,Lufthansa,True,CA,,Intercontinental,49.193901,-123.183998,50.026706,8.55835,8062.668674290768
EDDF,arrival,3c6485,DLH6CF,EPWA,EDDF,1787125697.0,1787131079,EDDF,EPWA,1787131079.0,11,DLH,Lufthansa,True,PL,EU,Europe,52.165699,20.9671,50.026706,8.55835,897.3150269277251
EDDF,arrival,3009b6,DLA4AJ,EGLC,EDDF,1787127300.0,1787131009,EDDF,EGLC,1787131009.0,11,DLA,Air Dolomiti,True,GB,EU,Europe,51.505299,0.055278,50.026706,8.55835,619.8008219903955
EDDF,arrival,44ce61,BEL3DQ,EBBR,EDDF,1787128630.0,1787130986,EDDF,EBBR,1787130986.0,11,BEL,Brussels Airlines,True,BE,EU,Europe,50.901402,4.48444,50.026706,8.55835,304.2739348548036
EDDF,arrival,c023c8,ACA838,CYVR,EDDF,1787098067.0,1787130807,EDDF,CYVR,1787130807.0,11,ACA,Air Canada,False,CA,,Intercontinental,49.193901,-123.183998,50.026706,8.55835,8062.668674290768
EDDF,arrival,3c70cc,GEC8431,,EDDF,1787114441.0,1787130670,EDDF,,1787130670.0,11,GEC,Lufthansa Cargo,True,,,unknown,,,50.026706,8.55835,
EDDF,arrival,300738,DLH5XT,EDDP,EDDF,1787128264.0,1787130656,EDDF,EDDP,1787130656.0,11,DLH,Lufthansa,True,DE,EU,Domestic,51.420657,12.232705,50.026706,8.55835,301.484335885831
EDDF,arrival,3c6757,DLH6YY,EDDL,EDDF,1787129024.0,1787130554,EDDF,EDDL,1787130554.0,11,DLH,Lufthansa,True,DE,EU,Domestic,51.289501,6.76678,50.026706,8.55835,188.8433278657816
EDDF,arrival,3c0ca7,TUI6AK,,EDDF,1787122423.0,1787130414,EDDF,,1787130414.0,11,TUI,Tuninter,False,,,unknown,,,50.026706,8.55835,
EDDF,arrival,3c6748,DLH007,EDDH,EDDF,1787127635.0,1787130261,EDDF,EDDH,1787130261.0,11,DLH,Lufthansa,True,DE,EU,Domestic,53.630402,9.98823,50.026706,8.55835,412.5616454312047
EDDF,arrival,3c654e,LHX5H,EGLL,EDDF,1787126351.0,1787130111,EDDF,EGLL,1787130111.0,11,LHX,Other / unmatched,False,GB,EU,Europe,51.470748,-0.459909,50.026706,8.55835,654.0165397367234
EDDF,arrival,3c4a21,DLH2VU,EDDM,EDDF,1787127690.0,1787130076,EDDF,EDDM,1787130076.0,11,DLH,Lufthansa,True,DE,EU,Domestic,48.353802,11.7861,50.026706,8.55835,299.3253023081836
EDDF,arrival,3c6634,DLH36N,LOWS,EDDF,1787127017.0,1787129927,EDDF,LOWS,1787129927.0,10,DLH,Lufthansa,True,AT,EU,Europe,47.793301,13.0043,50.026706,8.55835,408.8410070324141
EDDF,arrival,3c65e2,DLH1TT,LHBP,EDDF,1787124935.0,1787129926,EDDF,LHBP,1787129926.0,10,DLH,Lufthansa,True,HU,EU,Europe,47.43018,19.262393,50.026706,8.55835,835.6031637955549
EDDF,arrival,3452c8,ANE32BD,LEMD,EDDF,1787122478.0,1787129787,EDDF,LEMD,1787129787.0,10,ANE,Air Nostrum,False,ES,EU,Europe,40.493407,-3.572249,50.026706,8.55835,1419.5153635411198
EDDF,arrival,3c6588,DLH3A,EHAM,EDDF,1787127175.0,1787129669,EDDF,EHAM,1787129669.0,10,DLH,Lufthansa,True,NL,EU,Europe,52.308601,4.76389,50.026706,8.55835,366.48146892987825
EDDF,arrival,c058bf,ACA842,CYYZ,EDDF,1787104727.0,1787129592,EDDF,CYYZ,1787129592.0,10,ACA,Air Canada,False,CA,,Intercontinental,43.675935,-79.629421,50.026706,8.55835,6343.611622614194
EDDF,arrival,3c6564,OCN69,KMCO,EDDF,1787099362.0,1787129505,EDDF,KMCO,1787129505.0,10,OCN,Discover Airlines,True,US,,Intercontinental,28.429399490356445,-81.30899810791016,50.026706,8.55835,7619.287517013531
EDDF,arrival,3c6701,DLH447,KDEN,EDDF,1787098597.0,1787129463,EDDF,KDEN,1787129463.0,10,DLH,Lufthansa,True,US,,Intercontinental,39.860027,-104.673792,50.026706,8.55835,8088.781354468134
EDDF,arrival,c058c0,ACA846,CYUL,EDDF,1787106684.0,1787129309,EDDF,CYUL,1787129309.0,10,ACA,Air Canada,False,CA,,Intercontinental,45.467837,-73.742294,50.026706,8.55835,5854.631765664902
EDDF,arrival,3c648c,DLH99Y,LPPT,EDDF,1787120179.0,1787129204,EDDF,LPPT,1787129204.0,10,DLH,Lufthansa,True,PT,EU,Europe,38.7813,-9.13592,50.026706,8.55835,1872.7106698088141
EDDF,arrival,3c7438,TUI1KN,LEPA,EDDF,1787122533.0,1787129090,EDDF,LEPA,1787129090.0,10,TUI,Tuninter,False,ES,EU,Europe,39.551701,2.73881,50.026706,8.55835,1251.0699144927974
EDDF,arrival,3c6637,DLH175,EDDB,EDDF,1787125980.0,1787128876,EDDF,EDDB,1787128876.0,10,DLH,Lufthansa,True,DE,EU,Domestic,52.361738,13.502341,50.026706,8.55835,431.2414419348526
EDDF,arrival,3c4b33,DLH455,KSFO,EDDF,1787093404.0,1787128858,EDDF,KSFO,1787128858.0,10,DLH,Lufthansa,True,US,,Intercontinental,37.619806,-122.374821,50.026706,8.55835,9148.68295273629
EDDF,arrival,4bcdd5,SXS4WY,LTAI,EDDF,1787116369.0,1787128665,EDDF,LTAI,1787128665.0,10,SXS,SunExpress,False,TR,AS,Intercontinental,36.898701,30.800501,50.026706,8.55835,2298.2344363312995
EDDF,arrival,3c4b32,DLH457,KLAX,EDDF,1787092385.0,1787128558,EDDF,KLAX,1787128558.0,10,DLH,Lufthansa,True,US,,Intercontinental,33.942501,-118.407997,50.026706,8.55835,9321.953370596324
EDDF,arrival,4ca85c,ITY400,LIRF,EDDF,1787123029.0,1787128548,EDDF,LIRF,1787128548.0,10,ITY,ITA Airways,False,IT,EU,Europe,41.804532,12.251998,50.026706,8.55835,957.56108872809
EDDF,arrival,5001dc,MEA217,OLBA,EDDF,1787114309.0,1787128362,EDDF,OLBA,1787128362.0,10,MEA,Middle East Airlines,False,LB,AS,Intercontinental,33.819833,35.487443,50.026706,8.55835,2838.402622885617
EDDF,arrival,501c3b,CTN416,LDZA,EDDF,1787123867.0,1787128227,EDDF,LDZA,1787128227.0,10,CTN,Croatia Airlines,False,HR,EU,Europe,45.742901,16.0688,50.026706,8.55835,734.5935005052726
EDDF,arrival,3c64f6,DLH421,KBOS,EDDF,1787105252.0,1787128224,EDDF,KBOS,1787128224.0,10,DLH,Lufthansa,True,US,,Intercontinental,42.36197,-71.0079,50.026706,8.55835,5889.157061507477
EDDF,arrival,3c7a4b,CFG115,MMUN,EDDF,1787094275.0,1787128049,EDDF,MMUN,1787128049.0,10,CFG,Condor Flugdienst,False,MX,,Intercontinental,21.040817,-86.87347,50.026706,8.55835,8604.91416343057
EDDF,arrival,300781,DLH1C,LSZH,EDDF,1787125054.0,1787127897,EDDF,LSZH,1787127897.0,10,DLH,Lufthansa,True,CH,EU,Europe,47.458056,8.548056,50.026706,8.55835,285.6218449218939
EDDF,arrival,46b8ad,AEE13,LGAV,EDDF,1787118005.0,1787127816,EDDF,LGAV,1787127816.0,10,AEE,Aegean Airlines,False,GR,EU,Europe,37.936401,23.9445,50.026706,8.55835,1815.79438210604
EDDF,arrival,4ba9c2,THY2FB,,EDDF,1787118411.0,1787127732,EDDF,,1787127732.0,10,THY,Turkish Airlines,False,,,unknown,,,50.026706,8.55835,
EDDF,arrival,3c4b28,DLH507,SBGR,EDDF,1787089509.0,1787127539,EDDF,SBGR,1787127539.0,10,DLH,Lufthansa,True,BR,SA,Intercontinental,-23.431274,-46.469954,50.026706,8.55835,9796.47989691071
EDDF,arrival,3c6570,OCN77,CYYC,EDDF,1787095792.0,1787127532,EDDF,CYYC,1787127532.0,10,OCN,Discover Airlines,True,CA,,Intercontinental,51.118822,-114.009933,50.026706,8.55835,7527.702908256165
EDDF,arrival,4ca770,EIN65Y,EIDW,EDDF,1787122016.0,1787127409,EDDF,EIDW,1787127409.0,10,EIN,Aer Lingus,False,IE,EU,Europe,53.428713,-6.262121,50.026706,8.55835,1086.1211676842795
EDDF,arrival,3c6589,DLH6P,LKPR,EDDF,1787124311.0,1787127262,EDDF,LKPR,1787127262.0,10,DLH,Lufthansa,True,CZ,EU,Europe,50.100874,14.259911,50.026706,8.55835,406.96118852195696
EDDF,arrival,4a08ec,ROT301V,LROP,EDDF,1787118903.0,1787127110,EDDF,LROP,1787127110.0,10,ROT,Tarom,False,RO,EU,Europe,44.571792,26.103285,50.026706,8.55835,1450.8551268606066
EDDF,arrival,3c7982,CFG8DN,LEBL,EDDF,1787120609.0,1787126966,EDDF,LEBL,1787126966.0,10,CFG,Condor Flugdienst,False,ES,EU,Europe,41.2971,2.07846,50.026706,8.55835,1092.5416501874115
EDDF,arrival,3c4b2e,DLH511,SAEZ,EDDF,1787082282.0,1787126819,EDDF,SAEZ,1787126819.0,10,DLH,Lufthansa,True,AR,SA,Intercontinental,-34.8222,-58.5358,50.026706,8.55835,11501.416008258642
EDDF,arrival,3c6917,CFG2VT,EDDM,EDDF,1787124571.0,1787126776,EDDF,EDDM,1787126776.0,10,CFG,Condor Flugdienst,False,DE,EU,Domestic,48.353802,11.7861,50.026706,8.55835,299.3253023081836
EDDF,arrival,3c6641,DLH247,LIMC,EDDF,1787123618.0,1787126695,EDDF,LIMC,1787126695.0,10,DLH,Lufthansa,True,IT,EU,Europe,45.6306,8.72811,50.026706,8.55835,488.98855027228177
EDDF,arrival,440824,AUA25EC,LOWW,EDDF,1787122707.0,1787126639,EDDF,LOWW,1787126639.0,10,AUA,Austrian,True,AT,EU,Europe,48.110298,16.5697,50.026706,8.55835,620.9306611285796
EDDF,arrival,8015a6,AIC2025,VIDP,EDDF,1787093867.0,1787126545,EDDF,VIDP,1787126545.0,10,AIC,Air India Limited,False,IN,AS,Intercontinental,28.55563,77.09519,50.026706,8.55835,6121.80807365195
EDDF,arrival,3c0aca,CFG4WN,LIRF,EDDF,1787121157.0,1787126530,EDDF,LIRF,1787126530.0,10,CFG,Condor Flugdienst,False,IT,EU,Europe,41.804532,12.251998,50.026706,8.55835,957.56108872809
EDDF,arrival,76ceea,SIA25,KJFK,EDDF,1787102951.0,1787126354,EDDF,KJFK,1787126354.0,9,SIA,Singapore Airlines,False,US,,Intercontinental,40.639447,-73.779317,50.026706,8.55835,6189.00001804495
EDDF,arrival,71be20,AIH795,LOWW,EDDF,1787122171.0,1787126189,EDDF,LOWW,1787126189.0,9,AIH,Alpine Air Chile,False,AT,EU,Europe,48.110298,16.5697,50.026706,8.55835,620.9306611285796
EDDF,arrival,3c664c,DLH77P,LEBL,EDDF,1787119849.0,1787126050,EDDF,LEBL,1787126050.0,9,DLH,Lufthansa,True,ES,EU,Europe,41.2971,2.07846,50.026706,8.55835,1092.5416501874115
EDDF,arrival,3c6753,DLH7FL,EDDM,EDDF,1787123810.0,1787125917,EDDF,EDDM,1787125917.0,9,DLH,Lufthansa,True,DE,EU,Domestic,48.353802,11.7861,50.026706,8.55835,299.3253023081836
EDDF,arrival,3c0acc,CFG6FM,LIPZ,EDDF,1787122091.0,1787125858,EDDF,LIPZ,1787125858.0,9,CFG,Condor Flugdienst,False,IT,EU,Europe,45.505299,12.3519,50.026706,8.55835,577.0149776234636
EDDF,arrival,3c65d6,DLH6U,EGLL,EDDF,1787121829.0,1787125759,EDDF,EGLL,1787125759.0,9,DLH,Lufthansa,True,GB,EU,Europe,51.470748,-0.459909,50.026706,8.55835,654.0165397367234
EDDF,arrival,3c79ba,CFG2UA,LEPA,EDDF,1787119155.0,1787125715,EDDF,LEPA,1787125715.0,9,CFG,Condor Flugdienst,False,ES,EU,Europe,39.551701,2.73881,50.026706,8.55835,1251.0699144927974
EDDF,arrival,485875,KLM57D,EHAM,EDDF,1787123251.0,1787125666,EDDF,EHAM,1787125666.0,9,KLM,KLM Royal Dutch Airlines,False,NL,EU,Europe,52.308601,4.76389,50.026706,8.55835,366.48146892987825
EDDF,arrival,501c2f,CFG9TN,LHBP,EDDF,1787120721.0,1787125556,EDDF,LHBP,1787125556.0,9,CFG,Condor Flugdienst,False,HU,EU,Europe,47.43018,19.262393,50.026706,8.55835,835.6031637955549
EDDF,arrival,3c6754,DLH1LL,EDDH,EDDF,1787122578.0,1787125451,EDDF,EDDH,1787125451.0,9,DLH,Lufthansa,True,DE,EU,Domestic,53.630402,9.98823,50.026706,8.55835,412.5616454312047
EDDF,arrival,3c64ae,DLH2NL,EDDB,EDDF,1787122485.0,1787125365,EDDF,EDDB,1787125365.0,9,DLH,Lufthansa,True,DE,EU,Domestic,52.361738,13.502341,50.026706,8.55835,431.2414419348526
EDDF,arrival,3c70c4,GEC8411,,EDDF,1787109185.0,1787125336,EDDF,,1787125336.0,9,GEC,Lufthansa Cargo,True,,,unknown,,,50.026706,8.55835,
EDDF,arrival,3c6469,CFG8ZU,LKPR,EDDF,1787122096.0,1787125245,EDDF,LKPR,1787125245.0,9,CFG,Condor Flugdienst,False,CZ,EU,Europe,50.100874,14.259911,50.026706,8.55835,406.96118852195696
EDDF,arrival,3c64ab,DLH92J,LPPR,EDDF,1787117212.0,1787125238,EDDF,LPPR,1787125238.0,9,DLH,Lufthansa,True,PT,EU,Europe,41.2481002808,-8.68138980865,50.026706,8.55835,1651.6233885914048
EDDF,arrival,4691c4,AEE530,LGTS,EDDF,1787116547.0,1787125085,EDDF,LGTS,1787125085.0,9,AEE,Aegean Airlines,False,GR,EU,Europe,40.51928,22.970009,50.026706,8.55835,1540.8276704959915
EDDF,arrival,3c7a51,CFG403,CYYZ,EDDF,1787097823.0,1787124946,EDDF,CYYZ,1787124946.0,9,CFG,Condor Flugdienst,False,CA,,Intercontinental,43.675935,-79.629421,50.026706,8.55835,6343.611622614194
EDDF,arrival,aa9321,UAL58,KSFO,EDDF,1787088213.0,1787124818,EDDF,KSFO,1787124818.0,9,UAL,United Airlines,False,US,,Intercontinental,37.619806,-122.374821,50.026706,8.55835,9148.68295273629
EDDF,arrival,a0566a,UAL907,KORD,EDDF,1787098113.0,1787124680,EDDF,KORD,1787124680.0,9,UAL,United Airlines,False,US,,Intercontinental,41.9786,-87.9048,50.026706,8.55835,6970.7490959780225
EDDF,arrival,348085,AEA17AZ,LEMD,EDDF,1787117574.0,1787124642,EDDF,LEMD,1787124642.0,9,AEA,Air Europa,False,ES,EU,Europe,40.493407,-3.572249,50.026706,8.55835,1419.5153635411198
EDDF,arrival,44003a,AUA203,LOWW,EDDF,1787120823.0,1787124592,EDDF,LOWW,1787124592.0,9,AUA,Austrian,True,AT,EU,Europe,48.110298,16.5697,50.026706,8.55835,620.9306611285796
EDDF,arrival,48ae81,LOT7ND,EPWA,EDDF,1787119037.0,1787124493,EDDF,EPWA,1787124493.0,9,LOT,LOT Polish Airlines,False,PL,EU,Europe,52.165699,20.9671,50.026706,8.55835,897.3150269277251
EDDF,arrival,3c66e1,DLH9K,LSGG,EDDF,1787121157.0,1787124490,EDDF,LSGG,1787124490.0,9,DLH,Lufthansa,True,CH,EU,Europe,46.238098,6.10895,50.026706,8.55835,458.75348003207523
EDDF,arrival,501c43,CTN27D,,EDDF,1787118633.0,1787124397,EDDF,,1787124397.0,9,CTN,Croatia Airlines,False,,,unknown,,,50.026706,8.55835,
EDDF,arrival,3c7879,CFG1AH,EDDB,EDDF,1787121677.0,1787124335,EDDF,EDDB,1787124335.0,9,CFG,Condor Flugdienst,False,DE,EU,Domestic,52.361738,13.502341,50.026706,8.55835,431.2414419348526
EDDF,arrival,3c66b3,OCN1001,EDDM,EDDF,1787122230.0,1787124328,EDDF,EDDM,1787124328.0,9,OCN,Discover Airlines,True,DE,EU,Domestic,48.353802,11.7861,50.026706,8.55835,299.3253023081836
EDDF,arrival,4bcdba,SXS6HK,LTBK,EDDF,1787113732.0,1787124204,EDDF,LTBK,1787124204.0,9,SXS,SunExpress,False,TR,AS,Intercontinental,38.319099,27.159401,50.026706,8.55835,1963.8481848072076
EDDF,arrival,abca08,DAL86,KDTW,EDDF,1787097680.0,1787124047,EDDF,KDTW,1787124047.0,9,DAL,Delta Air Lines,False,US,,Intercontinental,42.21377,-83.353786,50.026706,8.55835,6678.8358401538735
EDDF,arrival,44ce6c,BEL8ZB,EBBR,EDDF,1787121560.0,1787123828,EDDF,EBBR,1787123828.0,9,BEL,Brussels Airlines,True,BE,EU,Europe,50.901402,4.48444,50.026706,8.55835,304.2739348548036
EDDF,arrival,461f9d,FIN1AB,EFHK,EDDF,1787114796.0,1787123720,EDDF,EFHK,1787123720.0,9,FIN,Finnair,False,FI,EU,Europe,60.318363,24.963341,50.026706,8.55835,1539.1314075144423
EDDF,arrival,3c6745,DLH8RM,EDDV,EDDF,1787121552.0,1787123579,EDDF,EDDV,1787123579.0,9,DLH,Lufthansa,True,DE,EU,Domestic,52.461102,9.68508,50.026706,8.55835,281.8162021932354
EDDF,arrival,3c65e4,DLH72K,LPPT,EDDF,1787114084.0,1787123515,EDDF,LPPT,1787123515.0,9,DLH,Lufthansa,True,PT,EU,Europe,38.7813,-9.13592,50.026706,8.55835,1872.7106698088141
EDDF,arrival,4b19fd,CFG5WR,LSZH,EDDF,1787120359.0,1787123455,EDDF,LSZH,1787123455.0,9,CFG,Condor Flugdienst,False,CH,EU,Europe,47.458056,8.548056,50.026706,8.55835,285.6218449218939
EDDF,arrival,501c4b,CTN410,LDZA,EDDF,1787118686.0,1787123369,EDDF,LDZA,1787123369.0,9,CTN,Croatia Airlines,False,HR,EU,Europe,45.742901,16.0688,50.026706,8.55835,734.5935005052726
EDDF,arrival,501c16,CFG4308,LLBG,EDDF,1787108290.0,1787123248,EDDF,LLBG,1787123248.0,9,CFG,Condor Flugdienst,False,IL,AS,Intercontinental,32.011398,34.8867,50.026706,8.55835,2953.345743527266
EDDF,arrival,494109,NJE833K,LSZH,EDDF,1787120244.0,1787123173,EDDF,LSZH,1787123173.0,9,NJE,NetJets,False,CH,EU,Europe,47.458056,8.548056,50.026706,8.55835,285.6218449218939
EDDF,arrival,3c6426,CFG1DY,,EDDF,1787117730.0,1787122954,EDDF,,1787122954.0,9,CFG,Condor Flugdienst,False,,,unknown,,,50.026706,8.55835,
EDDF,arrival,3c4b26,DLH755,VOBL,EDDF,1787090538.0,1787122880,EDDF,VOBL,1787122880.0,9,DLH,Lufthansa,True,IN,AS,Intercontinental,13.1979,77.706299,50.026706,8.55835,7402.408475358543
EDDF,arrival,3c644a,DLH5RP,ELLX,EDDF,1787120831.0,1787122826,EDDF,ELLX,1787122826.0,9,DLH,Lufthansa,True,LU,EU,Europe,49.626845,6.212134,50.026706,8.55835,174.064410926245
EDDF,arrival,a2f2fa,UAL182,KDEN,EDDF,1787091351.0,1787122656,EDDF,KDEN,1787122656.0,8,UAL,United Airlines,False,US,,Intercontinental,39.860027,-104.673792,50.026706,8.55835,8088.781354468134
EDDF,arrival,3c6747,DLH965,EGPH,EDDF,1787117338.0,1787122578,EDDF,EGPH,1787122578.0,8,DLH,Lufthansa,True,GB,EU,Europe,55.950145,-3.372288,50.026706,8.55835,1032.73961083289
EDDF,arrival,3c64fa,DLH439,KDFW,EDDF,1787089569.0,1787122545,EDDF,KDFW,1787122545.0,8,DLH,Lufthansa,True,US,,Intercontinental,32.896801,-97.038002,50.026706,8.55835,8257.843189902234
EDDF,arrival,451d8c,ASL79H,LYBE,EDDF,1787116284.0,1787122483,EDDF,LYBE,1787122483.0,8,ASL,Air Serbia,False,RS,EU,Europe,44.818401,20.309099,50.026706,8.55835,1054.9858217389628
EDDF,arrival,3c651a,DLH419,KIAD,EDDF,1787097235.0,1787122409,EDDF,KIAD,1787122409.0,8,DLH,Lufthansa,True,US,,Intercontinental,38.9445,-77.455803,50.026706,8.55835,6550.152063137044
EDDF,arrival,3c0ac7,CFG7XF,LOWW,EDDF,1787118297.0,1787122340,EDDF,LOWW,1787122340.0,8,CFG,Condor Flugdienst,False,AT,EU,Europe,48.110298,16.5697,50.026706,8.55835,620.9306611285796
EDDF,arrival,3c6703,DLH491,KSEA,EDDF,1787088925.0,1787122276,EDDF,KSEA,1787122276.0,8,DLH,Lufthansa,True,US,,Intercontinental,47.447943,-122.310276,50.026706,8.55835,8197.731175409263
EDDF,arrival,a290f3,UAL42,KEWR,EDDF,1787098332.0,1787122169,EDDF,KEWR,1787122169.0,8,UAL,United Airlines,False,US,,Intercontinental,40.6894,-74.170545,50.026706,8.55835,6210.886452481809
EDDF,arrival,3c4a8b,DLH471,CYYZ,EDDF,1787096546.0,1787122134,EDDF,CYYZ,1787122134.0,8,DLH,Lufthansa,True,CA,,Intercontinental,43.675935,-79.629421,50.026706,8.55835,6343.611622614194
EDDF,arrival,3c6743,DLH8J,LFPG,EDDF,1787119094.0,1787122097,EDDF,LFPG,1787122097.0,8,DLH,Lufthansa,True,FR,EU,Europe,49.00896,2.554117,50.026706,8.55835,447.8305266654691
EDDF,arrival,3c66ea,DLH1EE,EDDM,EDDF,1787119857.0,1787122047,EDDF,EDDM,1787122047.0,8,DLH,Lufthansa,True,DE,EU,Domestic,48.353802,11.7861,50.026706,8.55835,299.3253023081836
EDDF,arrival,3c64a6,DLH3RJ,LGAV,EDDF,1787112263.0,1787121958,EDDF,LGAV,1787121958.0,8,DLH,Lufthansa,True,GR,EU,Europe,37.936401,23.9445,50.026706,8.55835,1815.79438210604
EDDF,arrival,3c4a12,DLH469,KAUS,EDDF,1787089482.0,1787121940,EDDF,KAUS,1787121940.0,8,DLH,Lufthansa,True,US,,Intercontinental,30.197535,-97.662015,50.026706,8.55835,8526.630246789337
EDDF,arrival,3c6654,DLH04C,LEBL,EDDF,1787115827.0,1787121894,EDDF,LEBL,1787121894.0,8,DLH,Lufthansa,True,ES,EU,Europe,41.2971,2.07846,50.026706,8.55835,1092.5416501874115
EDDF,arrival,3c6752,DLH5A,EHAM,EDDF,1787119293.0,1787121859,EDDF,EHAM,1787121859.0,8,DLH,Lufthansa,True,NL,EU,Europe,52.308601,4.76389,50.026706,8.55835,366.48146892987825
EDDF,arrival,398601,AFR87YU,LFPG,EDDF,1787118771.0,1787121857,EDDF,LFPG,1787121857.0,8,AFR,Air France,False,FR,EU,Europe,49.00896,2.554117,50.026706,8.55835,447.8305266654691
EDDF,arrival,3c6467,CFG7EJ,EDDH,EDDF,1787118993.0,1787121779,EDDF,EDDH,1787121779.0,8,CFG,Condor Flugdienst,False,DE,EU,Domestic,53.630402,9.98823,50.026706,8.55835,412.5616454312047
EDDF,arrival,3c6662,DLH5KW,ESSA,EDDF,1787115243.0,1787121708,EDDF,ESSA,1787121708.0,8,DLH,Lufthansa,True,SE,EU,Europe,59.64849,17.928829,50.026706,8.55835,1224.0229013959924
EDDF,arrival,3c6482,DLH85N,,EDDF,1787116127.0,1787121682,EDDF,,1787121682.0,8,DLH,Lufthansa,True,,,unknown,,,50.026706,8.55835,
EDDF,arrival,3c654a,LHX949,EGCC,EDDF,1787117214.0,1787121650,EDDF,EGCC,1787121650.0,8,LHX,Other / unmatched,False,GB,EU,Europe,53.349375,-2.279521,50.026706,8.55835,832.3063454508671
EDDF,arrival,3c6669,DLH78H,LEMD,EDDF,1787114525.0,1787121566,EDDF,LEMD,1787121566.0,8,DLH,Lufthansa,True,ES,EU,Europe,40.493407,-3.572249,50.026706,8.55835,1419.5153635411198
EDDF,arrival,3c656f,OCN659,KTPA,EDDF,1787090783.0,1787121539,EDDF,KTPA,1787121539.0,8,OCN,Discover Airlines,True,US,,Intercontinental,27.9755,-82.533203,50.026706,8.55835,7738.43938331718
EDDF,arrival,3c6749,DLH207,EDDB,EDDF,1787118594.0,1787121449,EDDF,EDDB,1787121449.0,8,DLH,Lufthansa,True,DE,EU,Domestic,52.361738,13.502341,50.026706,8.55835,431.2414419348526
EDDF,arrival,3c4a06,DLH501,SBGL,EDDF,1787083691.0,1787121419,EDDF,SBGL,1787121419.0,8,DLH,Lufthansa,True,BR,SA,Intercontinental,-22.809999,-43.250557,50.026706,8.55835,9567.281187271963
EDDF,arrival,3c674f,DLH243,LIRF,EDDF,1787115955.0,1787121323,EDDF,LIRF,1787121323.0,8,DLH,Lufthansa,True,IT,EU,Europe,41.804532,12.251998,50.026706,8.55835,957.56108872809
EDDF,arrival,3c6543,LHX9H,EGLL,EDDF,1787117657.0,1787121321,EDDF,EGLL,1787121321.0,8,LHX,Other / unmatched,False,GB,EU,Europe,51.470748,-0.459909,50.026706,8.55835,654.0165397367234
EDDF,arrival,3c65c2,DLH2UP,LYBE,EDDF,1787115168.0,1787121222,EDDF,LYBE,1787121222.0,8,DLH,Lufthansa,True,RS,EU,Europe,44.818401,20.309099,50.026706,8.55835,1054.9858217389628
EDDF,arrival,3c64c6,DLH759,VOMM,EDDF,1787085257.0,1787121199,EDDF,VOMM,1787121199.0,8,DLH,Lufthansa,True,IN,AS,Intercontinental,12.990005,80.169296,50.026706,8.55835,7594.66425368383
EDDF,arrival,abc29a,DAL14,KATL,EDDF,1787091748.0,1787121041,EDDF,KATL,1787121041.0,8,DAL,Delta Air Lines,False,US,,Intercontinental,33.6367,-84.428101,50.026706,8.55835,7409.172518688241
EDDF,arrival,3c6672,DLH9PL,EIDW,EDDF,1787115678.0,1787120934,EDDF,EIDW,1787120934.0,8,DLH,Lufthansa,True,IE,EU,Europe,53.428713,-6.262121,50.026706,8.55835,1086.1211676842795
EDDF,arrival,3c4acd,DLH441,KIAH,EDDF,1787089357.0,1787120917,EDDF,KIAH,1787120917.0,8,DLH,Lufthansa,True,US,,Intercontinental,29.9844,-95.3414,50.026706,8.55835,8402.197494570984
EDDF,arrival,44001b,AUA21V,LOWW,EDDF,1787116848.0,1787120907,EDDF,LOWW,1787120907.0,8,AUA,Austrian,True,AT,EU,Europe,48.110298,16.5697,50.026706,8.55835,620.9306611285796
EDDF,arrival,3c6487,DLH5TT,EGBB,EDDF,1787116674.0,1787120678,EDDF,EGBB,1787120678.0,8,DLH,Lufthansa,True,GB,EU,Europe,52.453899,-1.74803,50.026706,8.55835,765.7189968549203
EDDF,arrival,3c6744,DLH7JW,EPWA,EDDF,1787115479.0,1787120665,EDDF,EPWA,1787120665.0,8,DLH,Lufthansa,True,PL,EU,Europe,52.165699,20.9671,50.026706,8.55835,897.3150269277251
EDDF,arrival,3c65ca,DLH867,ENGM,EDDF,1787114112.0,1787120548,EDDF,ENGM,1787120548.0,8,DLH,Lufthansa,True,NO,EU,Europe,60.193901,11.1004,50.026706,8.55835,1141.8263314571998
EDDF,arrival,3c6668,DLH035,EDDH,EDDF,1787117574.0,1787120486,EDDF,EDDH,1787120486.0,8,DLH,Lufthansa,True,DE,EU,Domestic,53.630402,9.98823,50.026706,8.55835,412.5616454312047
EDDF,arrival,3c6658,DLH5LX,EPKK,EDDF,1787115709.0,1787120382,EDDF,EPKK,1787120382.0,8,DLH,Lufthansa,True,PL,EU,Europe,50.077702,19.7848,50.026706,8.55835,800.8011485417
EDDF,arrival,3c666f,DLH1457,,EDDF,1787113862.0,1787120303,EDDF,,1787120303.0,8,DLH,Lufthansa,True,,,unknown,,,50.026706,8.55835,
EDDF,arrival,3c675a,DLH7VT,ENBR,EDDF,1787114418.0,1787120142,EDDF,ENBR,1787120142.0,8,DLH,Lufthansa,True,NO,EU,Europe,60.2934,5.21814,50.026706,8.55835,1160.7779160377402
EDDF,arrival,3c4965,CFG1NZ,LIMC,EDDF,1787116751.0,1787119997,EDDF,LIMC,1787119997.0,8,CFG,Condor Flugdienst,False,IT,EU,Europe,45.6306,8.72811,50.026706,8.55835,488.98855027228177
EDDF,arrival,3c666c,DLH8AE,LQVI,EDDF,1787114108.0,1787119813,EDDF,LQVI,1787119813.0,8,DLH,Lufthansa,True,BA,EU,Europe,44.025059,18.097114,50.026706,8.55835,982.5166294346697
EDDF,arrival,3c64b0,DLH1PF,,EDDF,1787113855.0,1787119670,EDDF,,1787119670.0,8,DLH,Lufthansa,True,,,unknown,,,50.026706,8.55835,
EDDF,arrival,abb3be,DAL106,KJFK,EDDF,1787095503.0,1787119524,EDDF,KJFK,1787119524.0,8,DAL,Delta Air Lines,False,US,,Intercontinental,40.639447,-73.779317,50.026706,8.55835,6189.00001804495
EDDF,arrival,4ca82e,EJU91GR,LIML,EDDF,1787116065.0,1787119493,EDDF,LIML,1787119493.0,8,EJU,easyJet,False,IT,EU,Europe,45.445099,9.27674,50.026706,8.55835,512.2693769170622
EDDF,arrival,3c65c9,DLH893,EVRA,EDDF,1787112584.0,1787119366,EDDF,EVRA,1787119366.0,8,DLH,Lufthansa,True,LV,EU,Europe,56.920752,23.970711,50.026706,8.55835,1271.1934455558473
EDDF,arrival,3c4a23,DLH757,VAJJ,EDDF,1787088707.0,1787119278,EDDF,VAJJ,1787119278.0,8,DLH,Lufthansa,True,IN,AS,Intercontinental,19.098100662231445,72.83419799804688,50.026706,8.55835,6566.506180662699
EDDF,arrival,3c65ce,DLH4RL,EPGD,EDDF,1787114457.0,1787119251,EDDF,EPGD,1787119251.0,8,DLH,Lufthansa,True,PL,EU,Europe,54.377602,18.4662,50.026706,8.55835,829.4250208915726
EDDF,arrival,3009b7,DLA6AF,LIRQ,EDDF,1787114261.0,1787119225,EDDF,LIRQ,1787119225.0,8,DLA,Air Dolomiti,True,IT,EU,Europe,43.808558,11.202822,50.026706,8.55835,719.8838207762309
EDDF,arrival,30055b,DLH9YA,EPPO,EDDF,1787115154.0,1787119120,EDDF,EPPO,1787119120.0,7,DLH,Lufthansa,True,PL,EU,Europe,52.421598,16.823359,50.026706,8.55835,633.6937581037554
EDDF,arrival,3c4a08,DLH479,CYUL,EDDF,1787096926.0,1787119055,EDDF,CYUL,1787119055.0,7,DLH,Lufthansa,True,CA,,Intercontinental,45.467837,-73.742294,50.026706,8.55835,5854.631765664902
EDDF,arrival,3c6449,DLH88P,LFMN,EDDF,1787114487.0,1787118955,EDDF,LFMN,1787118955.0,7,DLH,Lufthansa,True,FR,EU,Europe,43.658401,7.21587,50.026706,8.55835,715.413528812061
EDDF,arrival,3c6674,DLH1305,,EDDF,1787109401.0,1787118899,EDDF,,1787118899.0,7,DLH,Lufthansa,True,,,unknown,,,50.026706,8.55835,
EDDF,arrival,3c6542,LHX853,EFHK,EDDF,1787110804.0,1787118833,EDDF,EFHK,1787118833.0,7,LHX,Other / unmatched,False,FI,EU,Europe,60.318363,24.963341,50.026706,8.55835,1539.1314075144423
EDDF,arrival,3003af,DLH281,LIML,EDDF,1787115277.0,1787118805,EDDF,LIML,1787118805.0,7,DLH,Lufthansa,True,IT,EU,Europe,45.445099,9.27674,50.026706,8.55835,512.2693769170622
EDDF,arrival,3c6446,DLH9FW,EDDM,EDDF,1787116450.0,1787118730,EDDF,EDDM,1787118730.0,7,DLH,Lufthansa,True,DE,EU,Domestic,48.353802,11.7861,50.026706,8.55835,299.3253023081836
EDDF,arrival,89653e,ETD4AJ,OMAA,EDDF,1787096985.0,1787118624,EDDF,OMAA,1787118624.0,7,ETD,Etihad Airways,False,AE,AS,Intercontinental,24.440966,54.649237,50.026706,8.55835,4861.775914016736
EDDF,arrival,3c64b1,DLH585,,EDDF,1787104861.0,1787118599,EDDF,,1787118599.0,7,DLH,Lufthansa,True,,,unknown,,,50.026706,8.55835,
EDDF,arrival,3c6670,DLH1JT,LBSF,EDDF,1787111015.0,1787118584,EDDF,LBSF,1787118584.0,7,DLH,Lufthansa,True,BG,EU,Europe,42.696357,23.417671,50.026706,8.55835,1397.533198762108
EDDF,arrival,3c6545,DLH333,LIPZ,EDDF,1787114770.0,1787118475,EDDF,LIPZ,1787118475.0,7,DLH,Lufthansa,True,IT,EU,Europe,45.505299,12.3519,50.026706,8.55835,577.0149776234636
EDDF,arrival,3c65c7,DLH3FL,LROP,EDDF,1787109797.0,1787118448,EDDF,LROP,1787118448.0,7,DLH,Lufthansa,True,RO,EU,Europe,44.571792,26.103285,50.026706,8.55835,1450.8551268606066
EDDF,arrival,4b17fa,SWR8WP,LSZH,EDDF,1787115849.0,1787118412,EDDF,LSZH,1787118412.0,7,SWR,Swiss,True,CH,EU,Europe,47.458056,8.548056,50.026706,8.55835,285.6218449218939
EDDF,arrival,3c6483,DLH54J,LFLL,EDDF,1787114511.0,1787118380,EDDF,LFLL,1787118380.0,7,DLH,Lufthansa,True,FR,EU,Europe,45.725996,5.090139,50.026706,8.55835,543.5457595389236
EDDF,arrival,738054,ELY357,LLBG,EDDF,1787103215.0,1787118296,EDDF,LLBG,1787118296.0,7,ELY,El Al Israel Airlines,False,IL,AS,Intercontinental,32.011398,34.8867,50.026706,8.55835,2953.345743527266
EDDF,arrival,3009b8,DLA2LY,LIMC,EDDF,1787114739.0,1787118246,EDDF,LIMC,1787118246.0,7,DLA,Air Dolomiti,True,IT,EU,Europe,45.6306,8.72811,50.026706,8.55835,488.98855027228177
EDDF,arrival,3c658e,DLH2VR,LJLJ,EDDF,1787114245.0,1787118216,EDDF,LJLJ,1787118216.0,7,DLH,Lufthansa,True,SI,EU,Europe,46.223701,14.4576,50.026706,8.55835,608.373527362607
EDDF,arrival,3009b5,DLA8885,LIPE,EDDF,1787113724.0,1787118149,EDDF,LIPE,1787118149.0,7,DLA,Air Dolomiti,True,IT,EU,Europe,44.5354,11.2887,50.026706,8.55835,644.2894117734543
EDDF,arrival,3c4a22,DLH761,VIDP,EDDF,1787089507.0,1787118028,EDDF,VIDP,1787118028.0,7,DLH,Lufthansa,True,IN,AS,Intercontinental,28.55563,77.09519,50.026706,8.55835,6121.80807365195
EDDF,arrival,3c4b2b,DLH463,KMIA,EDDF,1787088507.0,1787117987,EDDF,KMIA,1787117987.0,7,DLH,Lufthansa,True,US,,Intercontinental,25.796011,-80.289751,50.026706,8.55835,7762.638998086571
EDDF,arrival,3c6583,DLH9CJ,EDDB,EDDF,1787114905.0,1787117844,EDDF,EDDB,1787117844.0,7,DLH,Lufthansa,True,DE,EU,Domestic,52.361738,13.502341,50.026706,8.55835,431.2414419348526
EDDF,arrival,3c6659,DLH3WT,LHBP,EDDF,1787112410.0,1787117777,EDDF,LHBP,1787117777.0,7,DLH,Lufthansa,True,HU,EU,Europe,47.43018,19.262393,50.026706,8.55835,835.6031637955549
EDDF,arrival,3009b3,DLA2MA,LIPQ,EDDF,1787113208.0,1787117727,EDDF,LIPQ,1787117727.0,7,DLA,Air Dolomiti,True,IT,EU,Europe,45.827862,13.466672,50.026706,8.55835,592.7958875625773
EDDF,arrival,300738,DLA8UT,LIPX,EDDF,1787113476.0,1787117635,EDDF,LIPX,1787117635.0,7,DLA,Air Dolomiti,True,IT,EU,Europe,45.394955,10.887303,50.026706,8.55835,543.6341504375941
EDDF,arrival,45cab6,DTR191,LOWL,EDDF,1787112957.0,1787117568,EDDF,LOWL,1787117568.0,7,DTR,DAT Danish Air Transport,False,AT,EU,Europe,48.235362,14.188128,50.026706,8.55835,455.3167522245903
EDDF,arrival,3c4b30,DLH431,KORD,EDDF,1787091323.0,1787117467,EDDF,KORD,1787117467.0,7,DLH,Lufthansa,True,US,,Intercontinental,41.9786,-87.9048,50.026706,8.55835,6970.7490959780225
EDDF,arrival,3c6586,DLH4WU,EKCH,EDDF,1787113508.0,1787117424,EDDF,EKCH,1787117424.0,7,DLH,Lufthansa,True,DK,EU,Europe,55.617900848389,12.656000137329,50.026706,8.55835,679.6633259560357
EDDF,arrival,3006b5,DLH4TP,EPWR,EDDF,1787113687.0,1787117388,EDDF,EPWR,1787117388.0,7,DLH,Lufthansa,True,PL,EU,Europe,51.103719,16.882096,50.026706,8.55835,599.6391823914247
EDDF,arrival,502ce8,AUA199,LOWW,EDDF,1787113100.0,1787117364,EDDF,LOWW,1787117364.0,7,AUA,Austrian,True,AT,EU,Europe,48.110298,16.5697,50.026706,8.55835,620.9306611285796
EDDF,arrival,3c654d,LHX1091,LFML,EDDF,1787112543.0,1787117243,EDDF,LFML,1787117243.0,7,LHX,Other / unmatched,False,FR,EU,Europe,43.438088,5.2125,50.026706,8.55835,775.5217113531144
EDDF,arrival,3c6635,DLH821,ESGG,EDDF,1787112462.0,1787117198,EDDF,ESGG,1787117198.0,7,DLH,Lufthansa,True,SE,EU,Europe,57.6628,12.2798,50.026706,8.55835,883.1568466070247
EDDF,arrival,3c65c6,DLH885,EETN,EDDF,1787109577.0,1787117156,EDDF,EETN,1787117156.0,7,DLH,Lufthansa,True,EE,EU,Europe,59.413246,24.83264,50.026706,8.55835,1469.6340797106222
EDDF,arrival,3c6757,DLH899,EYVI,EDDF,1787109777.0,1787116990,EDDF,EYVI,1787116990.0,7,DLH,Lufthansa,True,LT,EU,Europe,54.634102,25.285801,50.026706,8.55835,1242.7890185646338
EDDF,arrival,4b1802,SWR104C,LSGG,EDDF,1787113640.0,1787116859,EDDF,LSGG,1787116859.0,7,SWR,Swiss,True,CH,EU,Europe,46.238098,6.10895,50.026706,8.55835,458.75348003207523
EDDF,arrival,3c6746,DLH2TN,LDZA,EDDF,1787112680.0,1787116827,EDDF,LDZA,1787116827.0,7,DLH,Lufthansa,True,HR,EU,Europe,45.742901,16.0688,50.026706,8.55835,734.5935005052726
EDDF,arrival,3c6650,DLH7EK,EDDH,EDDF,1787113917.0,1787116730,EDDF,EDDH,1787116730.0,7,DLH,Lufthansa,True,DE,EU,Domestic,53.630402,9.98823,50.026706,8.55835,412.5616454312047
EDDF,arrival,3c6705,DLH733,,EDDF,1787073855.0,1787116610,EDDF,,1787116610.0,7,DLH,Lufthansa,True,,,unknown,,,50.026706,8.55835,
EDDF,arrival,06a2e4,QTR65P,,EDDF,1787096455.0,1787116457,EDDF,,1787116457.0,7,QTR,Qatar Airways,False,,,unknown,,,50.026706,8.55835,
EDDF,arrival,3c5b32,OCN75,CYHZ,EDDF,1787095989.0,1787116425,EDDF,CYHZ,1787116425.0,7,OCN,Discover Airlines,True,CA,,Intercontinental,44.8807983398,-63.5085983276,50.026706,8.55835,5235.544983719479
EDDF,arrival,44ce6a,BEL8QB,EBMB,EDDF,1787113957.0,1787116414,EDDF,EBMB,1787116414.0,7,BEL,Brussels Airlines,True,BE,EU,Europe,50.913419,4.491005,50.026706,8.55835,304.2292270193259
EDDF,arrival,3009b4,DLA54M,LOWG,EDDF,1787112203.0,1787116369,EDDF,LOWG,1787116369.0,7,DLA,Air Dolomiti,True,AT,EU,Europe,46.9911,15.4396,50.026706,8.55835,608.6388191939618
EDDF,arrival,3c648b,DLH1561,,EDDF,1787102001.0,1787116326,EDDF,,1787116326.0,7,DLH,Lufthansa,True,,,unknown,,,50.026706,8.55835,
EDDF,arrival,3c6445,DLH6EJ,EKBI,EDDF,1787112399.0,1787116315,EDDF,EKBI,1787116315.0,7,DLH,Lufthansa,True,DK,EU,Europe,55.740335,9.157019,50.026706,8.55835,636.5886595105571
EDDF,arrival,3c70c3,GEC8291,,EDDF,1787102828.0,1787116227,EDDF,,1787116227.0,7,GEC,Lufthansa Cargo,True,,,unknown,,,50.026706,8.55835,
EDDF,arrival,3c6573,DLH449,KSTL,EDDF,1787087120.0,1787116098,EDDF,KSTL,1787116098.0,7,DLH,Lufthansa,True,US,,Intercontinental,38.748697,-90.370003,50.026706,8.55835,7372.55960737386
EDDF,arrival,3c4b34,DLH403,KEWR,EDDF,1787092642.0,1787115987,EDDF,KEWR,1787115987.0,7,DLH,Lufthansa,True,US,,Intercontinental,40.6894,-74.170545,50.026706,8.55835,6210.886452481809
EDDF,arrival,780a16,CPA289,VHHH,EDDF,1787069975.0,1787115894,EDDF,VHHH,1787115894.0,7,CPA,Cathay Pacific,False,HK,AS,Intercontinental,22.31184,113.914862,50.026706,8.55835,9154.167411204344
EDDF,arrival,3c4a07,DLH591,HKJK,EDDF,1787087338.0,1787115833,EDDF,HKJK,1787115833.0,7,DLH,Lufthansa,True,KE,AF,Intercontinental,-1.318886,36.928233,50.026706,8.55835,6316.467427855889
EDDF,arrival,3c4b35,DLH423,KBOS,EDDF,1787093824.0,1787115743,EDDF,KBOS,1787115743.0,7,DLH,Lufthansa,True,US,,Intercontinental,42.36197,-71.0079,50.026706,8.55835,5889.157061507477
EDDF,arrival,3009b2,DLH4AC,LSZM,EDDF,1787112867.0,1787115676,EDDF,LSZM,1787115676.0,7,DLH,Lufthansa,True,CH,EU,Europe,47.078353,9.064662,50.026706,8.55835,329.9509076636581
EDDF,arrival,3c6634,DLH5JV,EDDP,EDDF,1787113684.0,1787115610,EDDF,EDDP,1787115610.0,7,DLH,Lufthansa,True,DE,EU,Domestic,51.420657,12.232705,50.026706,8.55835,301.484335885831
EDDF,arrival,3009b6,DLA8FM,ELLX,EDDF,1787113579.0,1787115595,EDDF,ELLX,1787115595.0,6,DLA,Air Dolomiti,True,LU,EU,Europe,49.626845,6.212134,50.026706,8.55835,174.064410926245
EDDF,arrival,4bcda4,SXS5XN,,EDDF,1787103846.0,1787115492,EDDF,,1787115492.0,6,SXS,SunExpress,False,,,unknown,,,50.026706,8.55835,
EDDF,arrival,3c674a,DLH7P,LKPR,EDDF,1787112624.0,1787115472,EDDF,LKPR,1787115472.0,6,DLH,Lufthansa,True,CZ,EU,Europe,50.100874,14.259911,50.026706,8.55835,406.96118852195696
EDDF,arrival,3c6748,DLH3KV,EDDC,EDDF,1787112520.0,1787115444,EDDF,EDDC,1787115444.0,6,DLH,Lufthansa,True,DE,EU,Domestic,51.134123,13.767831,50.026706,8.55835,387.7951333669981
EDDF,arrival,770590,ALK557,YMML,EDDF,1787035074.0,1787115324,EDDF,YMML,1787115324.0,6,ALK,SriLankan Airlines,False,AU,OC,Intercontinental,-37.670732,144.837898,50.026706,8.55835,16312.657011894284
EDDF,arrival,3c4a0c,DLH569,,EDDF,1787108619.0,1787115308,EDDF,,1787115308.0,6,DLH,Lufthansa,True,,,unknown,,,50.026706,8.55835,
EDDF,arrival,780f3f,CES219,,EDDF,1787092607.0,1787115203,EDDF,,1787115203.0,6,CES,China Eastern Airlines,False,,,unknown,,,50.026706,8.55835,
EDDF,arrival,3c6448,DLH07Y,LOWS,EDDF,1787112113.0,1787115179,EDDF,LOWS,1787115179.0,6,DLH,Lufthansa,True,AT,EU,Europe,47.793301,13.0043,50.026706,8.55835,408.8410070324141
EDDF,arrival,3c6751,DLH4XV,EDDL,EDDF,1787113315.0,1787114958,EDDF,EDDL,1787114958.0,6,DLH,Lufthansa,True,DE,EU,Domestic,51.289501,6.76678,50.026706,8.55835,188.8433278657816
EDDF,arrival,89901b,CAL061,RCTP,EDDF,1787066657.0,1787114927,EDDF,RCTP,1787114927.0,6,CAL,China Airlines,False,TW,AS,Intercontinental,25.0777,121.233002,50.026706,8.55835,9366.159093059134
EDDF,arrival,76cef3,SIA26,WSAC,EDDF,1787069639.0,1787114785,EDDF,WSAC,1787114785.0,6,SIA,Singapore Airlines,False,SG,AS,Intercontinental,1.3441400528,104.009002686,50.026706,8.55835,10281.773031162991
EDDF,arrival,a1c7c1,UAL989,KIAD,EDDF,1787089614.0,1787114738,EDDF,KIAD,1787114738.0,6,UAL,United Airlines,False,US,,Intercontinental,38.9445,-77.455803,50.026706,8.55835,6550.152063137044
EDDF,arrival,3c6742,DLH5HR,EDDN,EDDF,1787113064.0,1787114652,EDDF,EDDN,1787114652.0,6,DLH,Lufthansa,True,DE,EU,Domestic,49.498699,11.078056,50.026706,8.55835,190.2564158127778
EDDF,arrival,8940a3,GFA17J,OBBI,EDDF,1787093047.0,1787114620,EDDF,OBBI,1787114620.0,6,GFA,Gulf Air,False,BH,AS,Intercontinental,26.267295,50.63764,50.026706,8.55835,4440.907669371657
EDDF,arrival,3c65da,DLH049,EDDV,EDDF,1787112385.0,1787114454,EDDF,EDDV,1787114454.0,6,DLH,Lufthansa,True,DE,EU,Domestic,52.461102,9.68508,50.026706,8.55835,281.8162021932354
EDDF,arrival,aa2ca9,AAL704,KCLT,EDDF,1787087494.0,1787114270,EDDF,KCLT,1787114270.0,6,AAL,American Airlines,False,US,,Intercontinental,35.2140007019043,-80.94309997558594,50.026706,8.55835,7058.972507949479
EDDF,arrival,3c6562,OCN51,KPHL,EDDF,1787090006.0,1787114141,EDDF,KPHL,1787114141.0,6,OCN,Discover Airlines,True,US,,Intercontinental,39.871899,-75.241096,50.026706,8.55835,6338.887986337004
EDDF,arrival,4bccb9,SXS4HT,,EDDF,1787103870.0,1787114092,EDDF,,1787114092.0,6,SXS,SunExpress,False,,,unknown,,,50.026706,8.55835,
EDDF,arrival,3c4ad5,DLH781,WSAC,EDDF,1787068773.0,1787113491,EDDF,WSAC,1787113491.0,6,DLH,Lufthansa,True,SG,AS,Intercontinental,1.3441400528,104.009002686,50.026706,8.55835,10281.773031162991
EDDF,arrival,3c4a15,DLH797,VHHH,EDDF,1787068761.0,1787112929,EDDF,VHHH,1787112929.0,6,DLH,Lufthansa,True,HK,AS,Intercontinental,22.31184,113.914862,50.026706,8.55835,9154.167411204344
EDDF,arrival,3c7a44,CFG017,KJFK,EDDF,1787089173.0,1787112809,EDDF,KJFK,1787112809.0,6,CFG,Condor Flugdienst,False,US,,Intercontinental,40.639447,-73.779317,50.026706,8.55835,6189.00001804495
EDDF,arrival,040132,ETH706,,EDDF,1787044896.0,1787112668,EDDF,,1787112668.0,6,ETH,Ethiopian Airlines,False,,,unknown,,,50.026706,8.55835,
EDDF,arrival,3c4a03,DLH443,KDTW,EDDF,1787087258.0,1787112597,EDDF,KDTW,1787112597.0,6,DLH,Lufthansa,True,US,,Intercontinental,42.21377,-83.353786,50.026706,8.55835,6678.8358401538735
EDDF,arrival,8880e2,HVN31,,EDDF,1787071649.0,1787112491,EDDF,,1787112491.0,6,HVN,Vietnam Airlines,False,,,unknown,,,50.026706,8.55835,
EDDF,arrival,781666,CSN331,,EDDF,1787089180.0,1787112266,EDDF,,1787112266.0,6,CSN,China Southern Airlines,False,,,unknown,,,50.026706,8.55835,
EDDF,arrival,c0582b,ACA840,CYYZ,EDDF,1787086798.0,1787112234,EDDF,CYYZ,1787112234.0,6,ACA,Air Canada,False,CA,,Intercontinental,43.675935,-79.629421,50.026706,8.55835,6343.611622614194
EDDF,arrival,4cc547,ICE524,BIKF,EDDF,1787101301.0,1787112206,EDDF,BIKF,1787112206.0,6,ICE,Icelandair,False,IS,EU,Europe,63.985001,-22.6056,50.026706,8.55835,2401.2520633495587
EDDF,arrival,3c64af,DLH691,LGAV,EDDF,1787102349.0,1787112046,EDDF,LGAV,1787112046.0,6,DLH,Lufthansa,True,GR,EU,Europe,37.936401,23.9445,50.026706,8.55835,1815.79438210604
EDDF,arrival,3c4a10,DLH445,KATL,EDDF,1787083585.0,1787111693,EDDF,KATL,1787111693.0,5,DLH,Lufthansa,True,US,,Intercontinental,33.6367,-84.428101,50.026706,8.55835,7409.172518688241
EDDF,arrival,8880df,HVN37,RJTT,EDDF,1787039677.0,1787111566,EDDF,RJTT,1787111566.0,5,HVN,Vietnam Airlines,False,JP,AS,Intercontinental,35.549678,139.786958,50.026706,8.55835,9362.506202768924
EDDF,arrival,3c64f4,DLH595,,EDDF,1787104988.0,1787111525,EDDF,,1787111525.0,5,DLH,Lufthansa,True,,,unknown,,,50.026706,8.55835,
EDDF,arrival,501c2d,CFG4338,,EDDF,1787096531.0,1787111459,EDDF,,1787111459.0,5,CFG,Condor Flugdienst,False,,,unknown,,,50.026706,8.55835,
EDDF,arrival,3c64ac,DLH1331,GMMN,EDDF,1787100858.0,1787111334,EDDF,GMMN,1787111334.0,5,DLH,Lufthansa,True,MA,AF,Intercontinental,33.3675,-7.58997,50.026706,8.55835,2276.114418960929
EDDF,arrival,440bc6,BCS5TM,EDDP,EDDF,1787109074.0,1787111229,EDDF,EDDP,1787111229.0,5,BCS,European Air Transport,False,DE,EU,Domestic,51.420657,12.232705,50.026706,8.55835,301.484335885831
EDDF,arrival,a11bc8,UAL944,KORD,EDDF,1787084738.0,1787111129,EDDF,KORD,1787111129.0,5,UAL,United Airlines,False,US,,Intercontinental,41.9786,-87.9048,50.026706,8.55835,6970.7490959780225
EDDF,arrival,3c656c,DLH409,KRDU,EDDF,1787083783.0,1787111068,EDDF,KRDU,1787111068.0,5,DLH,Lufthansa,True,US,,Intercontinental,35.878659,-78.7873,50.026706,8.55835,6866.8775169558285
EDDF,arrival,c058d5,ACA844,CYUL,EDDF,1787088160.0,1787110972,EDDF,CYUL,1787110972.0,5,ACA,Air Canada,False,CA,,Intercontinental,45.467837,-73.742294,50.026706,8.55835,5854.631765664902
EDDF,arrival,3c7a45,CFG039,KBOS,EDDF,1787088143.0,1787110915,EDDF,KBOS,1787110915.0,5,CFG,Condor Flugdienst,False,US,,Intercontinental,42.36197,-71.0079,50.026706,8.55835,5889.157061507477
EDDF,arrival,3c7a4d,CFG289,FAOR,EDDF,1787072054.0,1787110613,EDDF,FAOR,1787110613.0,5,CFG,Condor Flugdienst,False,ZA,AF,Intercontinental,-26.140081,28.246801,50.026706,8.55835,8689.687637659139
EDDF,arrival,4b19fe,CFG4104,,EDDF,1787096455.0,1787110453,EDDF,,1787110453.0,5,CFG,Condor Flugdienst,False,,,unknown,,,50.026706,8.55835,
EDDF,arrival,3c7a48,CFG2367,VTBS,EDDF,1787068786.0,1787110406,EDDF,VTBS,1787110406.0,5,CFG,Condor Flugdienst,False,TH,AS,Intercontinental,13.6811,100.747002,50.026706,8.55835,9000.45962844498
EDDF,arrival,3c4b21,DLH573,FAOR,EDDF,1787074941.0,1787110315,EDDF,FAOR,1787110315.0,5,DLH,Lufthansa,True,ZA,AF,Intercontinental,-26.140081,28.246801,50.026706,8.55835,8689.687637659139
EDDF,arrival,3c65c3,DLH613,EDDF,EDDF,1787066496.0,1787110257,EDDF,EDDF,1787110257.0,5,DLH,Lufthansa,True,DE,EU,Domestic,50.026706,8.55835,50.026706,8.55835,0.0
EDDF,arrival,3c6518,DLH417,KIAD,EDDF,1787083745.0,1787109590,EDDF,KIAD,1787109590.0,5,DLH,Lufthansa,True,US,,Intercontinental,38.9445,-77.455803,50.026706,8.55835,6550.152063137044
EDDF,arrival,3c4592,BOX621,,EDDF,1787071477.0,1787109506,EDDF,,1787109506.0,5,BOX,Tiphook PLC,False,,,unknown,,,50.026706,8.55835,
EDDF,arrival,3c6671,DLH1327,,EDDF,1787101843.0,1787109295,EDDF,,1787109295.0,5,DLH,Lufthansa,True,,,unknown,,,50.026706,8.55835,
EDDF,arrival,3c70c7,GEC8231,KLAX,EDDF,1787072602.0,1787109229,EDDF,KLAX,1787109229.0,5,GEC,Lufthansa Cargo,True,US,,Intercontinental,33.942501,-118.407997,50.026706,8.55835,9321.953370596324
EDDF,arrival,3c6517,DLH401,KJFK,EDDF,1787084723.0,1787109211,EDDF,KJFK,1787109211.0,5,DLH,Lufthansa,True,US,,Intercontinental,40.639447,-73.779317,50.026706,8.55835,6189.00001804495
EDDF,arrival,3c4a0d,DLH577,FACT,EDDF,1787069396.0,1787109117,EDDF,FACT,1787109117.0,5,DLH,Lufthansa,True,ZA,AF,Intercontinental,-33.97403,18.604333,50.026706,8.55835,9392.76029434846
EDDF,arrival,440356,TAY5TR,LFPG,EDDF,1787105525.0,1787109029,EDDF,LFPG,1787109029.0,5,TAY,TNT Airways,False,FR,EU,Europe,49.00896,2.554117,50.026706,8.55835,447.8305266654691
EDDF,arrival,87304a,ANA203,RJTT,EDDF,1787058324.0,1787108939,EDDF,RJTT,1787108939.0,5,ANA,All Nippon Airways,False,JP,AS,Intercontinental,35.549678,139.786958,50.026706,8.55835,9362.506202768924
EDDF,arrival,3c6561,OCN133,,EDDF,1787101623.0,1787108873,EDDF,,1787108873.0,5,OCN,Discover Airlines,True,,,unknown,,,50.026706,8.55835,
EDDF,arrival,3c5434,BCS186,EDDP,EDDF,1787106493.0,1787108788,EDDF,EDDP,1787108788.0,5,BCS,European Air Transport,False,DE,EU,Domestic,51.420657,12.232705,50.026706,8.55835,301.484335885831
EDDF,arrival,3c70c9,GEC8467,VHHH,EDDF,1787063809.0,1787108572,EDDF,VHHH,1787108572.0,5,GEC,Lufthansa Cargo,True,HK,AS,Intercontinental,22.31184,113.914862,50.026706,8.55835,9154.167411204344
EDDF,arrival,3c65e2,DLH1319,,EDDF,1787101298.0,1787108486,EDDF,,1787108486.0,5,DLH,Lufthansa,True,,,unknown,,,50.026706,8.55835,
EDDM,departure,440d92,TAY8SR,EDDM,EBLG,1787174760.0,1787178108,EDDM,EBLG,1787174760.0,23,TAY,TNT Airways,False,BE,EU,Europe,50.638574,5.443897,48.353802,11.7861,523.5251533260163
EDDM,departure,44a6e4,TAY6DN,EDDM,LFPG,1787174465.0,1787178869,EDDM,LFPG,1787174465.0,23,TAY,TNT Airways,False,FR,EU,Europe,49.00896,2.554117,48.353802,11.7861,681.24944036537
EDDM,departure,3c6522,LHX11M,EDDM,LFPG,1787174289.0,1787178611,EDDM,LFPG,1787174289.0,23,LHX,Other / unmatched,False,FR,EU,Europe,49.00896,2.554117,48.353802,11.7861,681.24944036537
EDDM,departure,4cae24,BCS33G,EDDM,EDDP,1787173788.0,1787176330,EDDM,EDDP,1787173788.0,23,BCS,European Air Transport,False,DE,EU,Domestic,51.420657,12.232705,48.353802,11.7861,342.5145460890214
EDDM,departure,3c64a7,DLH682,EDDM,LLBG,1787173546.0,1787185329,EDDM,LLBG,1787173546.0,23,DLH,Lufthansa,True,IL,AS,Intercontinental,32.011398,34.8867,48.353802,11.7861,2655.012268878441
EDDM,departure,45ce55,SRR6119,EDDM,EDDK,1787173115.0,1787176309,EDDM,EDDK,1787173115.0,22,SRR,Star Air,False,DE,EU,Domestic,50.865898,7.14274,48.353802,11.7861,435.70033074990323
EDDM,departure,3c670d,DLH768,EDDM,WSAC,1787172678.0,1787213230,EDDM,WSAC,1787172678.0,22,DLH,Lufthansa,True,SG,AS,Intercontinental,1.3441400528,104.009002686,48.353802,11.7861,10060.036105902804
EDDM,departure,3c65cb,DLH1742,EDDM,,1787172523.0,1787179010,EDDM,,1787172523.0,22,DLH,Lufthansa,True,,,unknown,,,48.353802,11.7861,
EDDM,departure,89617b,UAE35Q,EDDM,OMDB,1787172306.0,1787196170,EDDM,OMDB,1787172306.0,22,UAE,Emirates,False,AE,AS,Intercontinental,25.24979,55.370992,48.353802,11.7861,4564.712520524205
EDDM,departure,3c6523,LHX1KC,EDDM,EGCC,1787172232.0,1787178922,EDDM,EGCC,1787172232.0,22,LHX,Other / unmatched,False,GB,EU,Europe,53.349375,-2.279521,48.353802,11.7861,1130.1311120568162
EDDM,departure,451dbd,BCS4243,EDDM,LIMC,1787172131.0,1787175101,EDDM,LIMC,1787172131.0,22,BCS,European Air Transport,False,IT,EU,Europe,45.6306,8.72811,48.353802,11.7861,381.35803391926396
EDDM,departure,3c64a1,DLH2558,EDDM,UGTB,1787172070.0,1787183998,EDDM,UGTB,1787172070.0,22,DLH,Lufthansa,True,GE,AS,Intercontinental,41.669201,44.9547,48.353802,11.7861,2687.799085047897
EDDM,departure,3c670b,DLH772,EDDM,VTBS,1787171946.0,1787207600,EDDM,VTBS,1787171946.0,22,DLH,Lufthansa,True,TH,AS,Intercontinental,13.6811,100.747002,48.353802,11.7861,8799.706886508031
EDDM,departure,3c6718,DLH726,EDDM,,1787171841.0,1787205028,EDDM,,1787171841.0,22,DLH,Lufthansa,True,,,unknown,,,48.353802,11.7861,
EDDM,departure,3c65cf,DLH2646,EDDM,LTBJ,1787171770.0,1787178937,EDDM,LTBJ,1787171770.0,22,DLH,Lufthansa,True,TR,AS,Intercontinental,38.2924,27.157,48.353802,11.7861,1666.9610954517248
EDDM,departure,4074b2,EZY69KE,EDDM,EGCC,1787171700.0,1787178503,EDDM,EGCC,1787171700.0,22,EZY,easyJet,False,GB,EU,Europe,53.349375,-2.279521,48.353802,11.7861,1130.1311120568162
EDDM,departure,3c6750,DLH33P,EDDM,LFMN,1787171439.0,1787175539,EDDM,LFMN,1787171439.0,22,DLH,Lufthansa,True,FR,EU,Europe,43.658401,7.21587,48.353802,11.7861,629.9664294216898
EDDM,departure,3c6441,DLH9MC,EDDM,LHBP,1787171352.0,1787174284,EDDM,LHBP,1787171352.0,22,DLH,Lufthansa,True,HU,EU,Europe,47.43018,19.262393,48.353802,11.7861,566.5693471360726
EDDM,departure,3c6652,DLH2FN,EDDM,LROP,1787171029.0,1787176218,EDDM,LROP,1787171029.0,22,DLH,Lufthansa,True,RO,EU,Europe,44.571792,26.103285,48.353802,11.7861,1172.273078026738
EDDM,departure,502d24,DLH2466,EDDM,EFHK,1787170984.0,1787178345,EDDM,EFHK,1787170984.0,22,DLH,Lufthansa,True,FI,EU,Europe,60.318363,24.963341,48.353802,11.7861,1574.642671936596
EDDM,departure,3c6676,DLH4KX,EDDM,EPKK,1787170929.0,1787174131,EDDM,EPKK,1787170929.0,22,DLH,Lufthansa,True,PL,EU,Europe,50.077702,19.7848,48.353802,11.7861,611.4215212873963
EDDM,departure,502d28,BTI39J,EDDM,EYVI,1787170865.0,1787176174,EDDM,EYVI,1787170865.0,22,BTI,Air Baltic,False,LT,EU,Europe,54.634102,25.285801,48.353802,11.7861,1163.4519742959883
EDDM,departure,8966c4,ETD128,EDDM,OMAA,1787170817.0,1787193733,EDDM,OMAA,1787170817.0,22,ETD,Etihad Airways,False,AE,AS,Intercontinental,24.440966,54.649237,48.353802,11.7861,4579.2271469478865
EDDM,departure,3c65cc,DLH586,EDDM,HEAZ,1787170683.0,1787182891,EDDM,HEAZ,1787170683.0,22,DLH,Lufthansa,True,EG,AF,Intercontinental,30.091702,31.359739,48.353802,11.7861,2623.5015458484054
EDDM,departure,3c6585,DLH2ME,EDDM,EPWR,1787170670.0,1787173000,EDDM,EPWR,1787170670.0,22,DLH,Lufthansa,True,PL,EU,Europe,51.103719,16.882096,48.353802,11.7861,476.9484303343857
EDDM,departure,3c66a7,DLH4HW,EDDM,EDDS,1787170530.0,1787172162,EDDM,EDDS,1787170530.0,22,DLH,Lufthansa,True,DE,EU,Domestic,48.689899,9.22196,48.353802,11.7861,192.49685997721903
EDDM,departure,300782,DLH9TL,EDDM,LIMJ,1787170367.0,1787174249,EDDM,LIMJ,1787170367.0,22,DLH,Lufthansa,True,IT,EU,Europe,44.412039,8.840732,48.353802,11.7861,493.0124903830891
EDDM,departure,3c65d0,DLH1JF,EDDM,EKCH,1787170285.0,1787174775,EDDM,EKCH,1787170285.0,22,DLH,Lufthansa,True,DK,EU,Europe,55.617900848389,12.656000137329,48.353802,11.7861,809.9072697989837
EDDM,departure,3003ad,DLH3UT,EDDM,LIMF,1787170260.0,1787173714,EDDM,LIMF,1787170260.0,22,DLH,Lufthansa,True,IT,EU,Europe,45.200802,7.64963,48.353802,11.7861,471.1756296930028
EDDM,departure,300a7b,DLA2VX,EDDM,LIMC,1787170159.0,1787173966,EDDM,LIMC,1787170159.0,22,DLA,Air Dolomiti,True,IT,EU,Europe,45.6306,8.72811,48.353802,11.7861,381.35803391926396
EDDM,departure,3c6442,DLH9WA,EDDM,EDDG,1787170085.0,1787173217,EDDM,EDDG,1787170085.0,22,DLH,Lufthansa,True,DE,EU,Domestic,52.133816,7.688482,48.353802,11.7861,511.262067139501
EDDM,departure,3c64aa,DLH1714,EDDM,,1787170085.0,1787173789,EDDM,,1787170085.0,22,DLH,Lufthansa,True,,,unknown,,,48.353802,11.7861,
EDDM,departure,300a7c,DLH8JW,EDDM,,1787169908.0,1787173614,EDDM,,1787169908.0,22,DLH,Lufthansa,True,,,unknown,,,48.353802,11.7861,
EDDM,departure,44ce79,BEL6AK,EDDM,EBMB,1787169870.0,1787173394,EDDM,EBMB,1787169870.0,22,BEL,Brussels Airlines,True,BE,EU,Europe,50.913419,4.491005,48.353802,11.7861,597.1393398635668
EDDM,departure,4cabc7,ABR2UC,EDDM,LFPG,1787169582.0,1787176168,EDDM,LFPG,1787169582.0,21,ABR,Air Contractors,False,FR,EU,Europe,49.00896,2.554117,48.353802,11.7861,681.24944036537
EDDM,departure,3c6667,DLH09X,EDDM,LFBO,1787169492.0,1787174916,EDDM,LFBO,1787169492.0,21,DLH,Lufthansa,True,FR,EU,Europe,43.629101,1.36382,48.353802,11.7861,960.1176855029028
EDDM,departure,4d00d9,LGL98ED,EDDM,ELLX,1787169365.0,1787173038,EDDM,ELLX,1787169365.0,21,LGL,Luxair,False,LU,EU,Europe,49.626845,6.212134,48.353802,11.7861,430.5074864498392
EDDM,departure,706071,KAC171,EDDM,,1787169309.0,1787182010,EDDM,,1787169309.0,21,KAC,Kuwait Airways,False,,,unknown,,,48.353802,11.7861,
EDDM,departure,3c65d4,DLH7KJ,EDDM,EDDW,1787169300.0,1787172648,EDDM,EDDW,1787169300.0,21,DLH,Lufthansa,True,DE,EU,Domestic,53.046786,8.78932,48.353802,11.7861,562.7750716084975
EDDM,departure,3c65d5,DLH7LW,EDDM,EGLL,1787169141.0,1787174450,EDDM,EGLL,1787169141.0,21,DLH,Lufthansa,True,GB,EU,Europe,51.470748,-0.459909,48.353802,11.7861,941.4502219841752
EDDM,departure,3c66a3,DLH5PJ,EDDM,LRCL,1787169139.0,1787173211,EDDM,LRCL,1787169139.0,21,DLH,Lufthansa,True,RO,EU,Europe,46.786042,23.685733,48.353802,11.7861,908.612027045505
EDDM,departure,440666,AUA190Y,EDDM,LOWW,1787169035.0,1787171265,EDDM,LOWW,1787169035.0,21,AUA,Austrian,True,AT,EU,Europe,48.110298,16.5697,48.353802,11.7861,355.28949987483753
EDDM,departure,3c6677,DLH4T,EDDM,EDDB,1787168992.0,1787171792,EDDM,EDDB,1787168992.0,21,DLH,Lufthansa,True,DE,EU,Domestic,52.361738,13.502341,48.353802,11.7861,461.95813684339504
EDDM,departure,300394,DLA5YX,EDDM,LIPE,1787168855.0,1787172078,EDDM,LIPE,1787168855.0,21,DLA,Air Dolomiti,True,IT,EU,Europe,44.5354,11.2887,48.353802,11.7861,426.29115310070506
EDDM,departure,738068,ELY352,EDDM,LLBG,1787168770.0,1787180705,EDDM,LLBG,1787168770.0,21,ELY,El Al Israel Airlines,False,IL,AS,Intercontinental,32.011398,34.8867,48.353802,11.7861,2655.012268878441
EDDM,departure,3003ae,DLA5CT,EDDM,LIPZ,1787168562.0,1787170970,EDDM,LIPZ,1787168562.0,21,DLA,Air Dolomiti,True,IT,EU,Europe,45.505299,12.3519,48.353802,11.7861,319.6370516473726
EDDM,departure,3dfa56,EDL1,EDDM,,1787168540.0,1787171454,EDDM,,1787168540.0,21,EDL,Polizeihubschrauberstaffel Bayern,False,,,unknown,,,48.353802,11.7861,
EDDM,departure,502d7c,BTI4XH,EDDM,EETN,1787168494.0,1787175443,EDDM,EETN,1787168494.0,21,BTI,Air Baltic,False,EE,EU,Europe,59.413246,24.83264,48.353802,11.7861,1492.0889248943067
EDDM,departure,3c66af,DLH5EE,EDDM,ESSA,1787168384.0,1787174751,EDDM,ESSA,1787168384.0,21,DLH,Lufthansa,True,SE,EU,Europe,59.64849,17.928829,48.353802,11.7861,1317.1539995726077
EDDM,departure,3c64a9,DLH41U,EDDM,LPPR,1787168333.0,1787177813,EDDM,LPPR,1787168333.0,21,DLH,Lufthansa,True,PT,EU,Europe,41.2481002808,-8.68138980865,48.353802,11.7861,1790.262015170052
EDDM,departure,3c6752,DLH5MR,EDDM,EDDF,1787168246.0,1787170363,EDDM,EDDF,1787168246.0,21,DLH,Lufthansa,True,DE,EU,Domestic,50.026706,8.55835,48.353802,11.7861,299.3253023081836
EDDM,departure,3c6549,LHX4CJ,EDDM,LICZ,1787168169.0,1787175180,EDDM,LICZ,1787168169.0,21,LHX,Other / unmatched,False,IT,EU,Europe,37.401699,14.9224,48.353802,11.7861,1244.0537213530313
EDDM,departure,407573,EZY47TK,EDDM,EGGD,1787167879.0,1787173978,EDDM,EGGD,1787167879.0,21,EZY,easyJet,False,GB,EU,Europe,51.382326,-2.716453,48.353802,11.7861,1090.4517536883948
EDDM,departure,3c674e,DLH3EY,EDDM,EDDH,1787167819.0,1787171603,EDDM,EDDH,1787167819.0,21,DLH,Lufthansa,True,DE,EU,Domestic,53.630402,9.98823,48.353802,11.7861,600.0198333228711
EDDM,departure,3c6497,DLH8FT,EDDM,ESGG,1787167663.0,1787172823,EDDM,ESGG,1787167663.0,21,DLH,Lufthansa,True,SE,EU,Europe,57.6628,12.2798,48.353802,11.7861,1035.6329475559055
EDDM,departure,3c66a4,DLH3LR,EDDM,EDDL,1787167590.0,1787170697,EDDM,EDDL,1787167590.0,21,DLH,Lufthansa,True,DE,EU,Domestic,51.289501,6.76678,48.353802,11.7861,485.82278259661393
EDDM,departure,4d2006,EWG17FR,EDDM,EDDL,1787167521.0,1787170294,EDDM,EDDL,1787167521.0,21,EWG,Eurowings,True,DE,EU,Domestic,51.289501,6.76678,48.353802,11.7861,485.82278259661393
EDDM,departure,490d08,NJE908E,EDDM,LFBO,1787167026.0,1787172542,EDDM,LFBO,1787167026.0,21,NJE,NetJets,False,FR,EU,Europe,43.629101,1.36382,48.353802,11.7861,960.1176855029028
EDDM,departure,3c66a2,DLH02P,EDDM,,1787166968.0,1787173520,EDDM,,1787166968.0,21,DLH,Lufthansa,True,,,unknown,,,48.353802,11.7861,
EDDM,departure,501dd1,CTN437,EDDM,LDZA,1787166614.0,1787169476,EDDM,LDZA,1787166614.0,21,CTN,Croatia Airlines,False,HR,EU,Europe,45.742901,16.0688,48.353802,11.7861,435.27814472701783
EDDM,departure,4b1618,SWR72L,EDDM,LSZH,1787166548.0,1787168479,EDDM,LSZH,1787166548.0,21,SWR,Swiss,True,CH,EU,Europe,47.458056,8.548056,48.353802,11.7861,261.0790248574686
EDDM,departure,344409,VLG96YF,EDDM,LEBL,1787166374.0,1787172292,EDDM,LEBL,1787166374.0,21,VLG,Vueling Airlines,False,ES,EU,Europe,41.2971,2.07846,48.353802,11.7861,1094.6300447813323
EDDM,departure,3c5eec,EWG3JM,EDDM,EDDH,1787166068.0,1787169360,EDDM,EDDH,1787166068.0,21,EWG,Eurowings,True,DE,EU,Domestic,53.630402,9.98823,48.353802,11.7861,600.0198333228711
EDDM,departure,3c56eb,EWG19J,EDDM,LEPA,1787165700.0,1787172146,EDDM,LEPA,1787165700.0,20,EWG,Eurowings,True,ES,EU,Europe,39.551701,2.73881,48.353802,11.7861,1215.7448490597253
EDDM,departure,3c48e8,LHX3VX,EDDM,,1787165610.0,1787168820,EDDM,,1787165610.0,20,LHX,Other / unmatched,False,,,unknown,,,48.353802,11.7861,
EDDM,departure,3c658b,DLH6RY,EDDM,LKPR,1787165552.0,1787167452,EDDM,LKPR,1787165552.0,20,DLH,Lufthansa,True,CZ,EU,Europe,50.100874,14.259911,48.353802,11.7861,264.56441406353673
EDDM,departure,3c5eea,EWG66E,EDDM,EDDK,1787165430.0,1787168392,EDDM,EDDK,1787165430.0,20,EWG,Eurowings,True,DE,EU,Domestic,50.865898,7.14274,48.353802,11.7861,435.70033074990323
EDDM,departure,4692cc,AEE503,EDDM,LGTS,1787165220.0,1787170968,EDDM,LGTS,1787165220.0,20,AEE,Aegean Airlines,False,GR,EU,Europe,40.51928,22.970009,48.353802,11.7861,1241.5247714636366
EDDM,departure,4cad7e,EIN3LG,EDDM,EIDW,1787165191.0,1787172477,EDDM,EIDW,1787165191.0,20,EIN,Aer Lingus,False,IE,EU,Europe,53.428713,-6.262121,48.353802,11.7861,1381.0178749074084
EDDM,departure,3c658c,DLH6CX,EDDM,EPWA,1787165160.0,1787168933,EDDM,EPWA,1787165160.0,20,DLH,Lufthansa,True,PL,EU,Europe,52.165699,20.9671,48.353802,11.7861,777.3312420832704
EDDM,departure,45ac33,SAS57R,EDDM,EKCH,1787165080.0,1787169568,EDDM,EKCH,1787165080.0,20,SAS,Scandinavian Airlines System,False,DK,EU,Europe,55.617900848389,12.656000137329,48.353802,11.7861,809.9072697989837
EDDM,departure,4c0262,ASL343,EDDM,LYBE,1787165079.0,1787168831,EDDM,LYBE,1787165079.0,20,ASL,Air Serbia,False,RS,EU,Europe,44.818401,20.309099,48.353802,11.7861,760.1143374277194
EDDM,departure,3c66a6,DLH4ER,EDDM,LDZA,1787164728.0,1787167219,EDDM,LDZA,1787164728.0,20,DLH,Lufthansa,True,HR,EU,Europe,45.742901,16.0688,48.353802,11.7861,435.27814472701783
EDDM,departure,3c6447,DLH2RX,EDDM,EHAM,1787164687.0,1787168645,EDDM,EHAM,1787164687.0,20,DLH,Lufthansa,True,NL,EU,Europe,52.308601,4.76389,48.353802,11.7861,664.166274486877
EDDM,departure,3c64a8,DLH64P,EDDM,LPPT,1787164672.0,1787174692,EDDM,LPPT,1787164672.0,20,DLH,Lufthansa,True,PT,EU,Europe,38.7813,-9.13592,48.353802,11.7861,1983.6093755737668
EDDM,departure,3c6648,DLH4MT,EDDM,LIRF,1787164614.0,1787168561,EDDM,LIRF,1787164614.0,20,DLH,Lufthansa,True,IT,EU,Europe,41.804532,12.251998,48.353802,11.7861,729.1597800937259
EDDM,departure,3c6664,DLH1CK,EDDM,LBSF,1787164560.0,1787169789,EDDM,LBSF,1787164560.0,20,DLH,Lufthansa,True,BG,EU,Europe,42.696357,23.417671,48.353802,11.7861,1101.196996304008
EDDM,departure,3c6552,LHX55C,EDDM,LEMD,1787164488.0,1787172842,EDDM,LEMD,1787164488.0,20,LHX,Other / unmatched,False,ES,EU,Europe,40.493407,-3.572249,48.353802,11.7861,1496.0210543929695
EDDM,departure,3c6653,DLH24Y,EDDM,LEBL,1787164356.0,1787170257,EDDM,LEBL,1787164356.0,20,DLH,Lufthansa,True,ES,EU,Europe,41.2971,2.07846,48.353802,11.7861,1094.6300447813323
EDDM,departure,3c66a8,DLH2N,EDDM,EDDB,1787164244.0,1787167245,EDDM,EDDB,1787164244.0,20,DLH,Lufthansa,True,DE,EU,Domestic,52.361738,13.502341,48.353802,11.7861,461.95813684339504
EDDM,departure,3c6486,DLH2CL,EDDM,EDDH,1787163871.0,1787167058,EDDM,EDDH,1787163871.0,20,DLH,Lufthansa,True,DE,EU,Domestic,53.630402,9.98823,48.353802,11.7861,600.0198333228711
EDDM,departure,502d5f,BTI6UQ,EDDM,EVRA,1787163780.0,1787169944,EDDM,EVRA,1787163780.0,20,BTI,Air Baltic,False,LV,EU,Europe,56.920752,23.970711,48.353802,11.7861,1254.6428788634457
EDDM,departure,4bc8c7,PGT15JR,EDDM,LTFJ,1787163751.0,1787170716,EDDM,LTFJ,1787163751.0,20,PGT,Pegasus Airlines,False,TR,AS,Intercontinental,40.898602,29.3092,48.353802,11.7861,1610.0296885594896
EDDM,departure,495293,TAP555,EDDM,LPPT,1787163690.0,1787173488,EDDM,LPPT,1787163690.0,20,TAP,TAP Portugal,False,PT,EU,Europe,38.7813,-9.13592,48.353802,11.7861,1983.6093755737668
EDDM,departure,3c666e,DLH92A,EDDM,LFML,1787163018.0,1787167715,EDDM,LFML,1787163018.0,20,DLH,Lufthansa,True,FR,EU,Europe,43.438088,5.2125,48.353802,11.7861,746.1588906600581
EDDM,departure,3c6742,DLH3HU,EDDM,EDDF,1787162903.0,1787164993,EDDM,EDDF,1787162903.0,20,DLH,Lufthansa,True,DE,EU,Domestic,50.026706,8.55835,48.353802,11.7861,299.3253023081836
EDDM,departure,3c09f2,LHX7HC,EDDM,EDDH,1787162832.0,1787166078,EDDM,EDDH,1787162832.0,20,LHX,Other / unmatched,False,DE,EU,Domestic,53.630402,9.98823,48.353802,11.7861,600.0198333228711
EDDM,departure,3c65c8,DLH9HX,EDDM,EGLL,1787162753.0,1787168087,EDDM,EGLL,1787162753.0,20,DLH,Lufthansa,True,GB,EU,Europe,51.470748,-0.459909,48.353802,11.7861,941.4502219841752
EDDM,departure,4d2338,TAR543,EDDM,,1787162645.0,1787168361,EDDM,,1787162645.0,20,TAR,Tunisair,False,,,unknown,,,48.353802,11.7861,
EDDM,departure,3453d3,ANE19XR,EDDM,LEMD,1787162401.0,1787170571,EDDM,LEMD,1787162401.0,20,ANE,Air Nostrum,False,ES,EU,Europe,40.493407,-3.572249,48.353802,11.7861,1496.0210543929695
EDDM,departure,3c66ab,DLH1WR,EDDM,ENGM,1787162318.0,1787168632,EDDM,ENGM,1787162318.0,19,DLH,Lufthansa,True,NO,EU,Europe,60.193901,11.1004,48.353802,11.7861,1317.2932288251484
EDDM,departure,3c670f,DLH722,EDDM,,1787162213.0,1787173734,EDDM,,1787162213.0,19,DLH,Lufthansa,True,,,unknown,,,48.353802,11.7861,
EDDM,departure,4bb283,THY7RJ,EDDM,,1787161868.0,1787168355,EDDM,,1787161868.0,19,THY,Turkish Airlines,False,,,unknown,,,48.353802,11.7861,
EDDM,departure,48ada2,LOT6HT,EDDM,EPWA,1787161750.0,1787165423,EDDM,EPWA,1787161750.0,19,LOT,LOT Polish Airlines,False,PL,EU,Europe,52.165699,20.9671,48.353802,11.7861,777.3312420832704
EDDM,departure,44081d,AUA188V,EDDM,LOWW,1787161554.0,1787163733,EDDM,LOWW,1787161554.0,19,AUA,Austrian,True,AT,EU,Europe,48.110298,16.5697,48.353802,11.7861,355.28949987483753
EDDM,departure,3c66ac,DLH8NP,EDDM,EDDL,1787161273.0,1787164652,EDDM,EDDL,1787161273.0,19,DLH,Lufthansa,True,DE,EU,Domestic,51.289501,6.76678,48.353802,11.7861,485.82278259661393
EDDM,departure,3c648e,DLH5AE,EDDM,LGAV,1787161104.0,1787168259,EDDM,LGAV,1787161104.0,19,DLH,Lufthansa,True,GR,EU,Europe,37.936401,23.9445,48.353802,11.7861,1517.678423211962
EDDM,departure,400935,BAW7AZ,EDDM,EGLL,1787161057.0,1787166508,EDDM,EGLL,1787161057.0,19,BAW,British Airways,False,GB,EU,Europe,51.470748,-0.459909,48.353802,11.7861,941.4502219841752
EDDM,departure,300558,DLA3RM,EDDM,LIPX,1787160412.0,1787162879,EDDM,LIPX,1787160412.0,19,DLA,Air Dolomiti,True,IT,EU,Europe,45.394955,10.887303,48.353802,11.7861,336.02050504371863
EDDM,departure,44b430,PGC84D,EDDM,EBKT,1787160411.0,1787164805,EDDM,EBKT,1787160411.0,19,PGC,Other / unmatched,False,BE,EU,Europe,50.818878,3.209551,48.353802,11.7861,675.7717987299708
EDDM,departure,4b161a,SWR2HE,EDDM,LSZH,1787160295.0,1787162279,EDDM,LSZH,1787160295.0,19,SWR,Swiss,True,CH,EU,Europe,47.458056,8.548056,48.353802,11.7861,261.0790248574686
EDDM,departure,4cada8,ITY433,EDDM,LIRF,1787160216.0,1787164244,EDDM,LIRF,1787160216.0,19,ITY,ITA Airways,False,IT,EU,Europe,41.804532,12.251998,48.353802,11.7861,729.1597800937259
EDDM,departure,501c15,CFG3FC,EDDM,,1787160019.0,1787166118,EDDM,,1787160019.0,19,CFG,Condor Flugdienst,False,,,unknown,,,48.353802,11.7861,
EDDM,departure,3c65c5,DLH3FT,EDDM,EDDF,1787160000.0,1787161943,EDDM,EDDF,1787160000.0,19,DLH,Lufthansa,True,DE,EU,Domestic,50.026706,8.55835,48.353802,11.7861,299.3253023081836
EDDM,departure,4bccb5,SXS7UZ,EDDM,LTAI,1787159914.0,1787169033,EDDM,LTAI,1787159914.0,19,SXS,SunExpress,False,TR,AS,Intercontinental,36.898701,30.800501,48.353802,11.7861,2000.932273238901
EDDM,departure,3c6481,DLH06N,EDDM,LFPG,1787159855.0,1787164108,EDDM,LFPG,1787159855.0,19,DLH,Lufthansa,True,FR,EU,Europe,49.00896,2.554117,48.353802,11.7861,681.24944036537
EDDM,departure,300393,DLA2RT,EDDM,LSGG,1787159646.0,1787162837,EDDM,LSGG,1787159646.0,19,DLA,Air Dolomiti,True,CH,EU,Europe,46.238098,6.10895,48.353802,11.7861,488.3333081603772
EDDM,departure,300554,DLA9MK,EDDM,LIRQ,1787159493.0,1787162698,EDDM,LIRQ,1787159493.0,19,DLA,Air Dolomiti,True,IT,EU,Europe,43.808558,11.202822,48.353802,11.7861,507.40191846154414
EDDM,departure,34840a,AEA1518,EDDM,LEMD,1787159433.0,1787167463,EDDM,LEMD,1787159433.0,19,AEA,Air Europa,False,ES,EU,Europe,40.493407,-3.572249,48.353802,11.7861,1496.0210543929695
EDDM,departure,3c48eb,LHX6KH,EDDM,EDDW,1787159410.0,1787162481,EDDM,EDDW,1787159410.0,19,LHX,Other / unmatched,False,DE,EU,Domestic,53.046786,8.78932,48.353802,11.7861,562.7750716084975
EDDM,departure,3c7877,CFG4XE,EDDM,LIEO,1787159256.0,1787163956,EDDM,LIEO,1787159256.0,19,CFG,Condor Flugdienst,False,IT,EU,Europe,40.898953,9.518457,48.353802,11.7861,848.0376348673018
EDDM,departure,3c6521,LHX8HR,EDDM,EHAM,1787158965.0,1787163050,EDDM,EHAM,1787158965.0,19,LHX,Other / unmatched,False,NL,EU,Europe,52.308601,4.76389,48.353802,11.7861,664.166274486877
EDDM,departure,46b8b6,AEE807,EDDM,LGAV,1787158868.0,1787166107,EDDM,LGAV,1787158868.0,19,AEE,Aegean Airlines,False,GR,EU,Europe,37.936401,23.9445,48.353802,11.7861,1517.678423211962
EDDM,departure,3c65d1,DLH9LY,EDDM,EDDL,1787158569.0,1787161374,EDDM,EDDL,1787158569.0,18,DLH,Lufthansa,True,DE,EU,Domestic,51.289501,6.76678,48.353802,11.7861,485.82278259661393
EDDM,departure,461f9b,FIN2PX,EDDM,EFHK,1787158454.0,1787165632,EDDM,EFHK,1787158454.0,18,FIN,Finnair,False,FI,EU,Europe,60.318363,24.963341,48.353802,11.7861,1574.642671936596
EDDM,departure,3c65d7,DLH8YA,EDDM,EGLL,1787158388.0,1787164229,EDDM,EGLL,1787158388.0,18,DLH,Lufthansa,True,GB,EU,Europe,51.470748,-0.459909,48.353802,11.7861,941.4502219841752
EDDM,departure,44ce72,BEL3CQ,EDDM,EBBR,1787158314.0,1787161644,EDDM,EBBR,1787158314.0,18,BEL,Brussels Airlines,True,BE,EU,Europe,50.901402,4.48444,48.353802,11.7861,596.9780711668509
EDDM,departure,3c6581,DLH2184,EDDM,EDXW,1787158246.0,1787162268,EDDM,EDXW,1787158246.0,18,DLH,Lufthansa,True,DE,EU,Domestic,54.9132,8.34047,48.353802,11.7861,766.9211160410908
EDDM,departure,394c0c,AFR1823,EDDM,LFPG,1787157720.0,1787162171,EDDM,LFPG,1787157720.0,18,AFR,Air France,False,FR,EU,Europe,49.00896,2.554117,48.353802,11.7861,681.24944036537
EDDM,departure,3c6498,DLH4HX,EDDM,EDDV,1787157493.0,1787160203,EDDM,EDDV,1787157493.0,18,DLH,Lufthansa,True,DE,EU,Domestic,52.461102,9.68508,48.353802,11.7861,480.3139277522467
EDDM,departure,3c6441,DLH8PC,EDDM,EDDK,1787157050.0,1787159579,EDDM,EDDK,1787157050.0,18,DLH,Lufthansa,True,DE,EU,Domestic,50.865898,7.14274,48.353802,11.7861,435.70033074990323
EDDM,departure,0201c5,RAM823M,EDDM,,1787156983.0,1787168248,EDDM,,1787156983.0,18,RAM,Royal Air Maroc,False,,,unknown,,,48.353802,11.7861,
EDDM,departure,3c6585,DLH4UY,EDDM,EDDC,1787156840.0,1787159260,EDDM,EDDC,1787156840.0,18,DLH,Lufthansa,True,DE,EU,Domestic,51.134123,13.767831,48.353802,11.7861,340.34305632241814
EDDM,departure,3c6484,DLH2NH,EDDM,EDDH,1787156792.0,1787160004,EDDM,EDDH,1787156792.0,18,DLH,Lufthansa,True,DE,EU,Domestic,53.630402,9.98823,48.353802,11.7861,600.0198333228711
EDDM,departure,3c66a3,DLH3X,EDDM,EDDB,1787156411.0,1787159117,EDDM,EDDB,1787156411.0,18,DLH,Lufthansa,True,DE,EU,Domestic,52.361738,13.502341,48.353802,11.7861,461.95813684339504
EDDM,departure,3c6483,DLH6EE,EDDM,EDDF,1787155882.0,1787158037,EDDM,EDDF,1787155882.0,18,DLH,Lufthansa,True,DE,EU,Domestic,50.026706,8.55835,48.353802,11.7861,299.3253023081836
EDDM,departure,3c6709,DLH428,EDDM,KCLT,1787155614.0,1787189336,EDDM,KCLT,1787155614.0,18,DLH,Lufthansa,True,US,,Intercontinental,35.2140007019043,-80.94309997558594,48.353802,11.7861,7350.6652794013735
EDDM,departure,486802,KLM76F,EDDM,EHAM,1787155425.0,1787159570,EDDM,EHAM,1787155425.0,18,KLM,KLM Royal Dutch Airlines,False,NL,EU,Europe,52.308601,4.76389,48.353802,11.7861,664.166274486877
EDDM,departure,3c66ad,DLH1720,EDDM,,1787155038.0,1787157257,EDDM,,1787155038.0,17,DLH,Lufthansa,True,,,unknown,,,48.353802,11.7861,
EDDM,departure,3c66b5,OCN5CE,EDDM,LBWV,1787154531.0,1787160275,EDDM,LBWV,1787154531.0,17,OCN,Discover Airlines,True,,,unknown,,,48.353802,11.7861,
EDDM,departure,3c6711,DLH520,EDDM,MMMX,1787154289.0,1787197690,EDDM,MMMX,1787154289.0,17,DLH,Lufthansa,True,MX,,Intercontinental,19.435822,-99.07033,48.353802,11.7861,9844.786319286122
EDDM,departure,4d2088,EWG1CP,EDDM,,1787154263.0,1787158466,EDDM,,1787154263.0,17,EWG,Eurowings,True,,,unknown,,,48.353802,11.7861,
EDDM,departure,3c66af,DLH9HH,EDDM,EDDL,1787153981.0,1787157140,EDDM,EDDL,1787153981.0,17,DLH,Lufthansa,True,DE,EU,Domestic,51.289501,6.76678,48.353802,11.7861,485.82278259661393
EDDM,departure,3c65d2,DLH8RY,EDDM,EGLL,1787153783.0,1787159488,EDDM,EGLL,1787153783.0,17,DLH,Lufthansa,True,GB,EU,Europe,51.470748,-0.459909,48.353802,11.7861,941.4502219841752
EDDM,departure,44061c,EJU74BU,EDDM,LIRF,1787153452.0,1787157678,EDDM,LIRF,1787153452.0,17,EJU,easyJet,False,IT,EU,Europe,41.804532,12.251998,48.353802,11.7861,729.1597800937259
EDDM,departure,3c64a7,DLH9KL,EDDM,EDDH,1787153281.0,1787156369,EDDM,EDDH,1787153281.0,17,DLH,Lufthansa,True,DE,EU,Domestic,53.630402,9.98823,48.353802,11.7861,600.0198333228711
EDDM,departure,3c6548,LHX2RE,EDDM,EKCH,1787153161.0,1787157653,EDDM,EKCH,1787153161.0,17,LHX,Other / unmatched,False,DK,EU,Europe,55.617900848389,12.656000137329,48.353802,11.7861,809.9072697989837
EDDM,departure,4d24de,KMM309,EDDM,LMML,1787153040.0,1787159939,EDDM,LMML,1787153040.0,17,KMM,Other / unmatched,False,MT,EU,Europe,35.845932,14.491546,48.353802,11.7861,1408.3647646637505
EDDM,departure,4bc8d3,PGT388P,EDDM,OMAA,1787152950.0,1787182254,EDDM,OMAA,1787152950.0,17,PGT,Pegasus Airlines,False,AE,AS,Intercontinental,24.440966,54.649237,48.353802,11.7861,4579.2271469478865
EDDM,departure,3c65ae,DLH458,EDDM,KSFO,1787152896.0,1787192774,EDDM,KSFO,1787152896.0,17,DLH,Lufthansa,True,US,,Intercontinental,37.619806,-122.374821,48.353802,11.7861,9436.949554358978
EDDM,departure,4891b8,ENT6631,EDDM,,1787152752.0,1787156849,EDDM,,1787152752.0,17,ENT,DAT Enterprise Limited,False,,,unknown,,,48.353802,11.7861,
EDDM,departure,493287,NJE070U,EDDM,LSZH,1787152661.0,1787154654,EDDM,LSZH,1787152661.0,17,NJE,NetJets,False,CH,EU,Europe,47.458056,8.548056,48.353802,11.7861,261.0790248574686
EDDM,departure,4bcda5,SXS7JZ,EDDM,LTAI,1787152580.0,1787162108,EDDM,LTAI,1787152580.0,17,SXS,SunExpress,False,TR,AS,Intercontinental,36.898701,30.800501,48.353802,11.7861,2000.932273238901
EDDM,departure,8960ec,UAE5T,EDDM,OMDB,1787152386.0,1787176510,EDDM,OMDB,1787152386.0,17,UAE,Emirates,False,AE,AS,Intercontinental,25.24979,55.370992,48.353802,11.7861,4564.712520524205
EDDM,departure,3c66c3,DLH4J,EDDM,CYUL,1787152249.0,1787179995,EDDM,CYUL,1787152249.0,17,DLH,Lufthansa,True,CA,,Intercontinental,45.467837,-73.742294,48.353802,11.7861,6151.043101707541
EDDM,departure,4baa7a,THY1634,EDDM,,1787152174.0,1787158404,EDDM,,1787152174.0,17,THY,Turkish Airlines,False,,,unknown,,,48.353802,11.7861,
EDDM,departure,3c6752,DLH4N,EDDM,EDDF,1787152150.0,1787154328,EDDM,EDDF,1787152150.0,17,DLH,Lufthansa,True,DE,EU,Domestic,50.026706,8.55835,48.353802,11.7861,299.3253023081836
EDDM,departure,06a2ec,QTR9C,EDDM,OTHH,1787152058.0,1787173077,EDDM,OTHH,1787152058.0,17,QTR,Qatar Airways,False,QA,AS,Intercontinental,25.273056,51.608056,48.353802,11.7861,4301.900509489454
EDDM,departure,3c65a3,DLH3Y,EDDM,KIAD,1787151964.0,1787184299,EDDM,KIAD,1787151964.0,17,DLH,Lufthansa,True,US,,Intercontinental,38.9445,-77.455803,48.353802,11.7861,6842.950667184059
EDDM,departure,40624e,BAW935,EDDM,EGLL,1787151819.0,1787157273,EDDM,EGLL,1787151819.0,17,BAW,British Airways,False,GB,EU,Europe,51.470748,-0.459909,48.353802,11.7861,941.4502219841752
EDDM,departure,300394,DLH3RT,EDDM,LIML,1787151765.0,1787154379,EDDM,LIML,1787151765.0,17,DLH,Lufthansa,True,IT,EU,Europe,45.445099,9.27674,48.353802,11.7861,375.39368090603205
EDDM,departure,744831,RJA124,EDDM,OJAI,1787151691.0,1787163707,EDDM,OJAI,1787151691.0,17,RJA,Royal Jordanian,False,JO,AS,Intercontinental,31.7226009369,35.9931983948,48.353802,11.7861,2747.188621065008
EDDM,departure,3c66a6,DLH7T,EDDM,EDDB,1787151315.0,1787154087,EDDM,EDDB,1787151315.0,16,DLH,Lufthansa,True,DE,EU,Domestic,52.361738,13.502341,48.353802,11.7861,461.95813684339504
EDDM,departure,3c6524,LHX7LP,EDDM,LIRF,1787151196.0,1787155130,EDDM,LIRF,1787151196.0,16,LHX,Other / unmatched,False,IT,EU,Europe,41.804532,12.251998,48.353802,11.7861,729.1597800937259
EDDM,departure,43c6f9,RRR2253,EDDM,EGPK,1787151171.0,1787158117,EDDM,EGPK,1787151171.0,16,RRR,Royal Air Force,False,GB,EU,Europe,55.501499,-4.577182,48.353802,11.7861,1369.556950191547
EDDM,departure,4b028a,SWR166M,EDDM,LSZH,1787150982.0,1787153061,EDDM,LSZH,1787150982.0,16,SWR,Swiss,True,CH,EU,Europe,47.458056,8.548056,48.353802,11.7861,261.0790248574686
EDDM,departure,3c65cf,DLH2HL,EDDM,EDDH,1787150386.0,1787153608,EDDM,EDDH,1787150386.0,16,DLH,Lufthansa,True,DE,EU,Domestic,53.630402,9.98823,48.353802,11.7861,600.0198333228711
EDDM,departure,010265,MSC2931,EDDM,,1787150324.0,1787160984,EDDM,,1787150324.0,16,MSC,Air Cairo,False,,,unknown,,,48.353802,11.7861,
EDDM,departure,3c6917,CFG6YR,EDDM,EDDF,1787150254.0,1787152368,EDDM,EDDF,1787150254.0,16,CFG,Condor Flugdienst,False,DE,EU,Domestic,50.026706,8.55835,48.353802,11.7861,299.3253023081836
EDDM,departure,a2cb9e,UAL761,EDDM,KDEN,1787150149.0,1787185721,EDDM,KDEN,1787150149.0,16,UAL,United Airlines,False,US,,Intercontinental,39.860027,-104.673792,48.353802,11.7861,8386.891146653817
EDDM,departure,3c6759,DLH6RF,EDDM,EGBB,1787150070.0,1787156398,EDDM,EGBB,1787150070.0,16,DLH,Lufthansa,True,GB,EU,Europe,52.453899,-1.74803,48.353802,11.7861,1059.8395459808426
EDDM,departure,3c658b,DLH2TT,EDDM,EDDK,1787149970.0,1787152648,EDDM,EDDK,1787149970.0,16,DLH,Lufthansa,True,DE,EU,Domestic,50.865898,7.14274,48.353802,11.7861,435.70033074990323
EDDM,departure,3c6549,LHX3PP,EDDM,ESGG,1787149899.0,1787155079,EDDM,ESGG,1787149899.0,16,LHX,Other / unmatched,False,SE,EU,Europe,57.6628,12.2798,48.353802,11.7861,1035.6329475559055
EDDM,departure,3c66c2,DLH494,EDDM,CYYZ,1787149775.0,1787180254,EDDM,CYYZ,1787149775.0,16,DLH,Lufthansa,True,CA,,Intercontinental,43.675935,-79.629421,48.353802,11.7861,6640.970612571285
EDDM,departure,3c6713,DLH412,EDDM,KEWR,1787149675.0,1787179746,EDDM,KEWR,1787149675.0,16,DLH,Lufthansa,True,US,,Intercontinental,40.6894,-74.170545,48.353802,11.7861,6503.29872919886
EDDM,departure,3c670a,DLH718,EDDM,RKSI,1787149610.0,1787185198,EDDM,RKSI,1787149610.0,16,DLH,Lufthansa,True,KR,AS,Intercontinental,37.469101,126.450996,48.353802,11.7861,8499.59818326623
EDDM,departure,3c6750,DLH5UW,EDDM,ENGM,1787149576.0,1787155698,EDDM,ENGM,1787149576.0,16,DLH,Lufthansa,True,NO,EU,Europe,60.193901,11.1004,48.353802,11.7861,1317.2932288251484
EDDM,departure,3c65d5,DLH4PK,EDDM,EGLL,1787149501.0,1787155029,EDDM,EGLL,1787149501.0,16,DLH,Lufthansa,True,GB,EU,Europe,51.470748,-0.459909,48.353802,11.7861,941.4502219841752
EDDM,departure,3c6522,LHX4HV,EDDM,EGCC,1787149425.0,1787156218,EDDM,EGCC,1787149425.0,16,LHX,Other / unmatched,False,GB,EU,Europe,53.349375,-2.279521,48.353802,11.7861,1130.1311120568162
EDDM,departure,3c6497,DLH4NC,EDDM,LIED,1787149346.0,1787154163,EDDM,LIED,1787149346.0,16,DLH,Lufthansa,True,IT,EU,Europe,39.354198,8.97248,48.353802,11.7861,1025.6311043287417
EDDM,departure,3c6676,DLH82A,EDDM,,1787149080.0,1787155286,EDDM,,1787149080.0,16,DLH,Lufthansa,True,,,unknown,,,48.353802,11.7861,
EDDM,departure,3c66c5,DLH488,EDDM,KSEA,1787149031.0,1787184679,EDDM,KSEA,1787149031.0,16,DLH,Lufthansa,True,US,,Intercontinental,47.447943,-122.310276,48.353802,11.7861,8478.113706006912
EDDM,departure,3c6648,DLH16A,EDDM,LFPG,1787148979.0,1787153205,EDDM,LFPG,1787148979.0,16,DLH,Lufthansa,True,FR,EU,Europe,49.00896,2.554117,48.353802,11.7861,681.24944036537
EDDM,departure,4d2405,EWG2GA,EDDM,EDDL,1787148916.0,1787152001,EDDM,EDDL,1787148916.0,16,EWG,Eurowings,True,DE,EU,Domestic,51.289501,6.76678,48.353802,11.7861,485.82278259661393
EDDM,departure,3c48f0,LHX2618,EDDM,EGJJ,1787148870.0,1787154586,EDDM,EGJJ,1787148870.0,16,LHX,Other / unmatched,False,JE,EU,Europe,49.207901,-2.19551,48.353802,11.7861,1027.3561780504315
EDDM,departure,3c65cb,DLH2YX,EDDM,LHBP,1787148814.0,1787151643,EDDM,LHBP,1787148814.0,16,DLH,Lufthansa,True,HU,EU,Europe,47.43018,19.262393,48.353802,11.7861,566.5693471360726
EDDM,departure,3c6667,DLH06C,EDDM,LFRS,1787148766.0,1787155398,EDDM,LFRS,1787148766.0,16,DLH,Lufthansa,True,FR,EU,Europe,47.153198,-1.61073,48.353802,11.7861,1009.0626510014499
EDDM,departure,01010d,MSR788,EDDM,HEEM,1787148712.0,1787160116,EDDM,HEEM,1787148712.0,16,MSR,Egyptair,False,,,unknown,,,48.353802,11.7861,
EDDM,departure,3c6710,DLH476,EDDM,CYVR,1787148603.0,1787183812,EDDM,CYVR,1787148603.0,16,DLH,Lufthansa,True,CA,,Intercontinental,49.193901,-123.183998,48.353802,11.7861,8340.360019737318
EDDM,departure,502d24,DLH77M,EDDM,LEBL,1787148592.0,1787155131,EDDM,LEBL,1787148592.0,16,DLH,Lufthansa,True,ES,EU,Europe,41.2971,2.07846,48.353802,11.7861,1094.6300447813323
EDDM,departure,45211e,CFG4TZ,EDDM,,1787148525.0,1787156026,EDDM,,1787148525.0,16,CFG,Condor Flugdienst,False,,,unknown,,,48.353802,11.7861,
EDDM,departure,3c6655,DLH2JV,EDDM,EDDV,1787148504.0,1787151284,EDDM,EDDV,1787148504.0,16,DLH,Lufthansa,True,DE,EU,Domestic,52.461102,9.68508,48.353802,11.7861,480.3139277522467
EDDM,departure,3c66a4,DLH86E,EDDM,LFLL,1787148463.0,1787151779,EDDM,LFLL,1787148463.0,16,DLH,Lufthansa,True,FR,EU,Europe,45.725996,5.090139,48.353802,11.7861,585.2212800178779
EDDM,departure,3c65d4,DLH8VC,EDDM,LROP,1787148406.0,1787153577,EDDM,LROP,1787148406.0,16,DLH,Lufthansa,True,RO,EU,Europe,44.571792,26.103285,48.353802,11.7861,1172.273078026738
EDDM,departure,3c6652,DLH07A,EDDM,LFML,1787148321.0,1787152845,EDDM,LFML,1787148321.0,16,DLH,Lufthansa,True,FR,EU,Europe,43.438088,5.2125,48.353802,11.7861,746.1588906600581
EDDM,departure,3c48e8,LHX9TY,EDDM,,1787148257.0,1787152004,EDDM,,1787148257.0,16,LHX,Other / unmatched,False,,,unknown,,,48.353802,11.7861,
EDDM,departure,3c6719,DLH2C,EDDM,KORD,1787148143.0,1787180851,EDDM,KORD,1787148143.0,16,DLH,Lufthansa,True,US,,Intercontinental,41.9786,-87.9048,48.353802,11.7861,7269.553005700629
EDDM,departure,3c66a2,DLH2220,EDDM,LFBO,1787148122.0,1787153423,EDDM,LFBO,1787148122.0,16,DLH,Lufthansa,True,FR,EU,Europe,43.629101,1.36382,48.353802,11.7861,960.1176855029028
EDDM,departure,3c674e,DLH99X,EDDM,LFMN,1787148067.0,1787152300,EDDM,LFMN,1787148067.0,16,DLH,Lufthansa,True,FR,EU,Europe,43.658401,7.21587,48.353802,11.7861,629.9664294216898
EDDM,departure,3c65ad,DLH8P,EDDM,KBOS,1787148006.0,1787177135,EDDM,KBOS,1787148006.0,16,DLH,Lufthansa,True,US,,Intercontinental,42.36197,-71.0079,48.353802,11.7861,6181.357339988392
EDDM,departure,3c6643,DLH1EJ,EDDM,LICZ,1787148003.0,1787153756,EDDM,LICZ,1787148003.0,16,DLH,Lufthansa,True,IT,EU,Europe,37.401699,14.9224,48.353802,11.7861,1244.0537213530313
EDDM,departure,3c6677,DLH3YJ,EDDM,,1787147930.0,1787153063,EDDM,,1787147930.0,15,DLH,Lufthansa,True,,,unknown,,,48.353802,11.7861,
EDDM,departure,3c658c,DLH5NF,EDDM,EDDG,1787147888.0,1787150848,EDDM,EDDG,1787147888.0,15,DLH,Lufthansa,True,DE,EU,Domestic,52.133816,7.688482,48.353802,11.7861,511.262067139501
EDDM,departure,300a7b,DLH8MK,EDDM,,1787147809.0,1787151268,EDDM,,1787147809.0,15,DLH,Lufthansa,True,,,unknown,,,48.353802,11.7861,
EDDM,departure,300393,DLA7YY,EDDM,LIPZ,1787147749.0,1787150051,EDDM,LIPZ,1787147749.0,15,DLA,Air Dolomiti,True,IT,EU,Europe,45.505299,12.3519,48.353802,11.7861,319.6370516473726
EDDM,departure,300558,DLA3LA,EDDM,LIMF,1787147633.0,1787151079,EDDM,LIMF,1787147633.0,15,DLA,Air Dolomiti,True,IT,EU,Europe,45.200802,7.64963,48.353802,11.7861,471.1756296930028
EDDM,departure,3dfa5c,EDL7,EDDM,LOWS,1787147586.0,1787149656,EDDM,LOWS,1787147586.0,15,EDL,Polizeihubschrauberstaffel Bayern,False,AT,EU,Europe,47.793301,13.0043,48.353802,11.7861,109.8903616567258
EDDM,departure,3003ad,DLA5LR,EDDM,LIRQ,1787147452.0,1787150639,EDDM,LIRQ,1787147452.0,15,DLA,Air Dolomiti,True,IT,EU,Europe,43.808558,11.202822,48.353802,11.7861,507.40191846154414
EDDM,departure,3c66ab,DLH4LF,EDDM,LIMC,1787147380.0,1787150243,EDDM,LIMC,1787147380.0,15,DLH,Lufthansa,True,IT,EU,Europe,45.6306,8.72811,48.353802,11.7861,381.35803391926396
EDDM,departure,440826,AUA186G,EDDM,LOWW,1787147275.0,1787149479,EDDM,LOWW,1787147275.0,15,AUA,Austrian,True,AT,EU,Europe,48.110298,16.5697,48.353802,11.7861,355.28949987483753
EDDM,departure,3c64aa,DLH9FM,EDDM,EGPH,1787147256.0,1787154579,EDDM,EGPH,1787147256.0,15,DLH,Lufthansa,True,GB,EU,Europe,55.950145,-3.372288,48.353802,11.7861,1330.3341934432206
EDDM,departure,440358,FTY6,EDDM,LOWI,1787147147.0,1787148264,EDDM,LOWI,1787147147.0,15,FTY,ABC Bedarsflug,False,AT,EU,Europe,47.260201,11.344,48.353802,11.7861,126.0048273837333
EDDM,departure,39bda4,AFR1623,EDDM,LFPG,1787147131.0,1787151634,EDDM,LFPG,1787147131.0,15,AFR,Air France,False,FR,EU,Europe,49.00896,2.554117,48.353802,11.7861,681.24944036537
EDDM,departure,3c6441,DLH1PH,EDDM,EDDS,1787147045.0,1787148533,EDDM,EDDS,1787147045.0,15,DLH,Lufthansa,True,DE,EU,Domestic,48.689899,9.22196,48.353802,11.7861,192.49685997721903
EDDM,departure,3c6523,LHX6UY,EDDM,EIDW,1787147041.0,1787155012,EDDM,EIDW,1787147041.0,15,LHX,Other / unmatched,False,IE,EU,Europe,53.428713,-6.262121,48.353802,11.7861,1381.0178749074084
EDDM,departure,3c6442,DLH1722,EDDM,LDPM,1787146760.0,1787149202,EDDM,LDPM,1787146760.0,15,DLH,Lufthansa,True,HR,EU,Europe,44.843878,13.904376,48.353802,11.7861,422.46686977139626
EDDM,departure,3c66e3,OCN452,EDDM,LEPA,1787146689.0,1787153245,EDDM,LEPA,1787146689.0,15,OCN,Discover Airlines,True,ES,EU,Europe,39.551701,2.73881,48.353802,11.7861,1215.7448490597253
EDDM,departure,3c6585,DLH3MM,EDDM,LKPR,1787146672.0,1787148686,EDDM,LKPR,1787146672.0,15,DLH,Lufthansa,True,CZ,EU,Europe,50.100874,14.259911,48.353802,11.7861,264.56441406353673
EDDM,departure,3c66e4,OCN7QR,EDDM,LGKO,1787146585.0,1787154655,EDDM,LGKO,1787146585.0,15,OCN,Discover Airlines,True,GR,AS,Intercontinental,36.794523,27.09115,48.353802,11.7861,1788.72814631863
EDDM,departure,3c48eb,LHX6LN,EDDM,EDDL,1787146534.0,1787149499,EDDM,EDDL,1787146534.0,15,LHX,Other / unmatched,False,DE,EU,Domestic,51.289501,6.76678,48.353802,11.7861,485.82278259661393
EDDM,departure,502d0c,DLH2PM,EDDM,ESSA,1787146380.0,1787152919,EDDM,ESSA,1787146380.0,15,DLH,Lufthansa,True,SE,EU,Europe,59.64849,17.928829,48.353802,11.7861,1317.1539995726077
EDDM,departure,3c64a8,DLH3WH,EDDM,LIEO,1787146284.0,1787151062,EDDM,LIEO,1787146284.0,15,DLH,Lufthansa,True,IT,EU,Europe,40.898953,9.518457,48.353802,11.7861,848.0376348673018
EDDM,departure,3c66a5,DLH3CK,EDDM,LGAV,1787146193.0,1787153276,EDDM,LGAV,1787146193.0,15,DLH,Lufthansa,True,GR,EU,Europe,37.936401,23.9445,48.353802,11.7861,1517.678423211962
EDDM,departure,3003ae,DLA1YC,EDDM,LIPY,1787146118.0,1787148863,EDDM,LIPY,1787146118.0,15,DLA,Air Dolomiti,True,IT,EU,Europe,43.616299,13.3623,48.353802,11.7861,540.6465366103245
EDDM,departure,3c6653,DLH2NC,EDDM,LYBE,1787146084.0,1787150209,EDDM,LYBE,1787146084.0,15,DLH,Lufthansa,True,RS,EU,Europe,44.818401,20.309099,48.353802,11.7861,760.1143374277194
EDDM,departure,300a7c,DLH04E,EDDM,LOWG,1787146000.0,1787148253,EDDM,LOWG,1787146000.0,15,DLH,Lufthansa,True,AT,EU,Europe,46.9911,15.4396,48.353802,11.7861,312.67052198353133
EDDM,departure,896718,ABY243,EDDM,OMSJ,1787145938.0,1787166942,EDDM,OMSJ,1787145938.0,15,ABY,Air Arabia,False,AE,AS,Intercontinental,25.3286,55.5172,48.353802,11.7861,4568.704218066816
EDDM,departure,3c64a5,DLH3NE,EDDM,,1787145861.0,1787148179,EDDM,,1787145861.0,15,DLH,Lufthansa,True,,,unknown,,,48.353802,11.7861,
EDDM,departure,3c09f2,LHX7WT,EDDM,EKCH,1787145847.0,1787150664,EDDM,EKCH,1787145847.0,15,LHX,Other / unmatched,False,DK,EU,Europe,55.617900848389,12.656000137329,48.353802,11.7861,809.9072697989837
EDDM,departure,3c644d,LHX6T,EDDM,EDDB,1787145746.0,1787148563,EDDM,EDDB,1787145746.0,15,LHX,Other / unmatched,False,DE,EU,Domestic,52.361738,13.502341,48.353802,11.7861,461.95813684339504
EDDM,departure,3c6581,DLH8YL,EDDM,ELLX,1787145560.0,1787148281,EDDM,ELLX,1787145560.0,15,DLH,Lufthansa,True,LU,EU,Europe,49.626845,6.212134,48.353802,11.7861,430.5074864498392
EDDM,departure,490d08,NJE061A,EDDM,LOWW,1787145540.0,1787147590,EDDM,LOWW,1787145540.0,15,NJE,NetJets,False,AT,EU,Europe,48.110298,16.5697,48.353802,11.7861,355.28949987483753
EDDM,departure,3c66a7,DLH02X,EDDM,LEMD,1787145473.0,1787153556,EDDM,LEMD,1787145473.0,15,DLH,Lufthansa,True,ES,EU,Europe,40.493407,-3.572249,48.353802,11.7861,1496.0210543929695
EDDM,departure,3c66ac,DLH7KX,EDDM,EDDW,1787145428.0,1787148650,EDDM,EDDW,1787145428.0,15,DLH,Lufthansa,True,DE,EU,Domestic,53.046786,8.78932,48.353802,11.7861,562.7750716084975
EDDM,departure,3c496a,TUI45C,EDDM,LGRP,1787145422.0,1787154149,EDDM,LGRP,1787145422.0,15,TUI,Tuninter,False,GR,AS,Intercontinental,36.405399,28.086201,48.353802,11.7861,1878.6917153155403
EDDM,departure,710d9c,KNE394,EDDM,,1787145313.0,1787190380,EDDM,,1787145313.0,15,KNE,Nas Air,False,,,unknown,,,48.353802,11.7861,
EDDM,departure,44ce6c,BEL9SW,EDDM,EBBR,1787145111.0,1787149032,EDDM,EBBR,1787145111.0,15,BEL,Brussels Airlines,True,BE,EU,Europe,50.901402,4.48444,48.353802,11.7861,596.9780711668509
EDDM,departure,3c6447,DLH7YF,EDDM,EPWA,1787145062.0,1787148966,EDDM,EPWA,1787145062.0,15,DLH,Lufthansa,True,PL,EU,Europe,52.165699,20.9671,48.353802,11.7861,777.3312420832704
EDDM,departure,3c6744,DLH5AC,EDDM,EDDF,1787145015.0,1787147152,EDDM,EDDF,1787145015.0,15,DLH,Lufthansa,True,DE,EU,Domestic,50.026706,8.55835,48.353802,11.7861,299.3253023081836
EDDM,departure,300554,DLA4UC,EDDM,EPKK,1787144960.0,1787148410,EDDM,EPKK,1787144960.0,15,DLA,Air Dolomiti,True,PL,EU,Europe,50.077702,19.7848,48.353802,11.7861,611.4215212873963
EDDM,departure,3c666b,DLH1834,EDDM,LEMG,1787144910.0,1787154809,EDDM,LEMG,1787144910.0,15,DLH,Lufthansa,True,ES,EU,Europe,36.6749,-4.49911,48.353802,11.7861,1854.9441824391502
EDDM,departure,3c6486,DLH1686,EDDM,LHDC,1787144850.0,1787148551,EDDM,LHDC,1787144850.0,15,DLH,Lufthansa,True,HU,EU,Europe,47.489469,21.616278,48.353802,11.7861,738.2687697204744
EDDM,departure,3c65cc,DLH4JK,EDDM,EGLL,1787144791.0,1787150148,EDDM,EGLL,1787144791.0,15,DLH,Lufthansa,True,GB,EU,Europe,51.470748,-0.459909,48.353802,11.7861,941.4502219841752
EDDM,departure,4bcdea,SXS5LU,EDDM,,1787144784.0,1787151776,EDDM,,1787144784.0,15,SXS,SunExpress,False,,,unknown,,,48.353802,11.7861,
EDDM,departure,3c65d0,DLH05Y,EDDM,LEAL,1787144706.0,1787152820,EDDM,LEAL,1787144706.0,15,DLH,Lufthansa,True,ES,EU,Europe,38.2822,-0.558156,48.353802,11.7861,1496.7518226284942
EDDM,departure,3c66a8,DLH9WE,EDDM,,1787144551.0,1787147682,EDDM,,1787144551.0,15,DLH,Lufthansa,True,,,unknown,,,48.353802,11.7861,
EDDM,departure,493289,NJE900U,EDDM,LIRZ,1787144477.0,1787148075,EDDM,LIRZ,1787144477.0,15,NJE,NetJets,False,IT,EU,Europe,43.095901,12.5132,48.353802,11.7861,587.3620735659401
EDDM,departure,3c66b0,DLH6JF,EDDM,EHAM,1787144405.0,1787148899,EDDM,EHAM,1787144405.0,15,DLH,Lufthansa,True,NL,EU,Europe,52.308601,4.76389,48.353802,11.7861,664.166274486877
EDDM,departure,3c66a3,DLH5HF,EDDM,EDDC,1787144149.0,1787146326,EDDM,EDDC,1787144149.0,14,DLH,Lufthansa,True,DE,EU,Domestic,51.134123,13.767831,48.353802,11.7861,340.34305632241814
EDDM,departure,3c66e2,OCN8LQ,EDDM,,1787143876.0,1787151060,EDDM,,1787143876.0,14,OCN,Discover Airlines,True,,,unknown,,,48.353802,11.7861,
EDDM,departure,4cc582,ICE533,EDDM,BIKF,1787142930.0,1787155824,EDDM,BIKF,1787142930.0,14,ICE,Icelandair,False,IS,EU,Europe,63.985001,-22.6056,48.353802,11.7861,2691.7541803469103
EDDM,departure,478e27,WIF7B,EDDM,ENBR,1787142662.0,1787149456,EDDM,ENBR,1787142662.0,14,WIF,Widerøe,False,NO,EU,Europe,60.2934,5.21814,48.353802,11.7861,1392.6152297303238
EDDM,departure,47880f,NOZ57GW,EDDM,ENGM,1787142333.0,1787148439,EDDM,ENGM,1787142333.0,14,NOZ,Other / unmatched,False,NO,EU,Europe,60.193901,11.1004,48.353802,11.7861,1317.2932288251484
EDDM,departure,3c4a21,DLH107,EDDM,EDDF,1787142215.0,1787145075,EDDM,EDDF,1787142215.0,14,DLH,Lufthansa,True,DE,EU,Domestic,50.026706,8.55835,48.353802,11.7861,299.3253023081836
EDDM,departure,4bce0e,SXS9XT,EDDM,LTFD,1787141854.0,1787149334,EDDM,LTFD,1787141854.0,14,SXS,SunExpress,False,TR,AS,Intercontinental,39.552533,27.010192,48.353802,11.7861,1558.0999687399692
EDDM,departure,484c52,KLM40Q,EDDM,EHAM,1787141604.0,1787145798,EDDM,EHAM,1787141604.0,14,KLM,KLM Royal Dutch Airlines,False,NL,EU,Europe,52.308601,4.76389,48.353802,11.7861,664.166274486877
EDDM,departure,4bce13,SXS82K,EDDM,LTXE,1787140757.0,1787149528,EDDM,LTXE,1787140757.0,13,SXS,SunExpress,False,TR,AS,Intercontinental,37.097222,30.648264,48.353802,11.7861,1975.7239302586677
EDDM,departure,3c666e,DLH3YK,EDDM,EDLE,1787140555.0,1787144879,EDDM,EDLE,1787140555.0,13,DLH,Lufthansa,True,DE,EU,Domestic,51.402302,6.93733,48.353802,11.7861,485.21280138476413
EDDM,departure,4952d0,TAP553R,EDDM,LPPT,1787140512.0,1787151149,EDDM,LPPT,1787140512.0,13,TAP,TAP Portugal,False,PT,EU,Europe,38.7813,-9.13592,48.353802,11.7861,1983.6093755737668
EDDM,departure,3c49b1,TUI85L,EDDM,,1787140459.0,1787152729,EDDM,,1787140459.0,13,TUI,Tuninter,False,,,unknown,,,48.353802,11.7861,
EDDM,departure,3c65d7,DLH4RX,EDDM,,1787140375.0,1787145084,EDDM,,1787140375.0,13,DLH,Lufthansa,True,,,unknown,,,48.353802,11.7861,
EDDM,departure,4bc856,PGT71HQ,EDDM,LTFJ,1787140346.0,1787147489,EDDM,LTFJ,1787140346.0,13,PGT,Pegasus Airlines,False,TR,AS,Intercontinental,40.898602,29.3092,48.353802,11.7861,1610.0296885594896
EDDM,departure,76cda3,SIA327,EDDM,WSSS,1787140042.0,1787180243,EDDM,WSSS,1787140042.0,13,SIA,Singapore Airlines,False,SG,AS,Intercontinental,1.35019,103.994003,48.353802,11.7861,10058.425858608065
EDDM,departure,3c6714,DLH714,EDDM,RJTT,1787139820.0,1787179852,EDDM,RJTT,1787139820.0,13,DLH,Lufthansa,True,JP,AS,Intercontinental,35.549678,139.786958,48.353802,11.7861,9359.196986331479
EDDM,departure,4bb2aa,TKJ9ZE,EDDM,LTFJ,1787139723.0,1787147385,EDDM,LTFJ,1787139723.0,13,TKJ,Other / unmatched,False,TR,AS,Intercontinental,40.898602,29.3092,48.353802,11.7861,1610.0296885594896
EDDM,departure,3c66e6,OCN3VU,EDDM,,1787139540.0,1787146955,EDDM,,1787139540.0,13,OCN,Discover Airlines,True,,,unknown,,,48.353802,11.7861,
EDDM,departure,3c0caa,TUI3C,EDDM,,1787139394.0,1787154479,EDDM,,1787139394.0,13,TUI,Tuninter,False,,,unknown,,,48.353802,11.7861,
EDDM,departure,452126,CFG024,EDDM,,1787138740.0,1787143317,EDDM,,1787138740.0,13,CFG,Condor Flugdienst,False,,,unknown,,,48.353802,11.7861,
EDDM,departure,78115f,CCA962,EDDM,,1787138627.0,1787159739,EDDM,,1787138627.0,13,CCA,Air China,False,,,unknown,,,48.353802,11.7861,
EDDM,departure,46a5e4,SEH7EL,EDDM,LGAV,1787138557.0,1787145963,EDDM,LGAV,1787138557.0,13,SEH,Sky Express,False,GR,EU,Europe,37.936401,23.9445,48.353802,11.7861,1517.678423211962
EDDM,departure,3c64a1,DLH98J,EDDM,LPFR,1787138478.0,1787148774,EDDM,LPFR,1787138478.0,13,DLH,Lufthansa,True,PT,EU,Europe,37.015909,-7.970939,48.353802,11.7861,2038.4145011587152
EDDM,departure,4baaca,THY4ZX,EDDM,,1787138400.0,1787145048,EDDM,,1787138400.0,13,THY,Turkish Airlines,False,,,unknown,,,48.353802,11.7861,
EDDM,departure,502dae,BTI9802,EDDM,LSZH,1787138292.0,1787141056,EDDM,LSZH,1787138292.0,13,BTI,Air Baltic,False,CH,EU,Europe,47.458056,8.548056,48.353802,11.7861,261.0790248574686
EDDM,departure,3c65ab,DLH762,EDDM,VIDP,1787138109.0,1787161887,EDDM,VIDP,1787138109.0,13,DLH,Lufthansa,True,IN,AS,Intercontinental,28.55563,77.09519,48.353802,11.7861,5899.658692151617
EDDM,departure,452199,AIZ442,EDDM,LLBG,1787137958.0,1787149612,EDDM,LLBG,1787137958.0,13,AIZ,Arkia Israel Airlines,False,IL,AS,Intercontinental,32.011398,34.8867,48.353802,11.7861,2655.012268878441
EDDM,departure,3c65d1,DLH2UV,EDDM,EGLC,1787137920.0,1787144689,EDDM,EGLC,1787137920.0,13,DLH,Lufthansa,True,GB,EU,Europe,51.505299,0.055278,48.353802,11.7861,908.5693621301432
EDDM,departure,3c66e5,OCN5EG,EDDM,LCLK,1787137500.0,1787147758,EDDM,LCLK,1787137500.0,13,OCN,Discover Airlines,True,CY,AS,Intercontinental,34.875099,33.624901,48.353802,11.7861,2339.51812595161
EDDM,departure,4932a4,NJE498T,EDDM,LSZH,1787137425.0,1787139842,EDDM,LSZH,1787137425.0,13,NJE,NetJets,False,CH,EU,Europe,47.458056,8.548056,48.353802,11.7861,261.0790248574686
EDDM,departure,3c65a8,DLH452,EDDM,KLAX,1787137114.0,1787177358,EDDM,KLAX,1787137114.0,12,DLH,Lufthansa,True,US,,Intercontinental,33.942501,-118.407997,48.353802,11.7861,9615.800969197022
EDDM,departure,3c65c8,DLH2684,EDDM,,1787136999.0,1787142389,EDDM,,1787136999.0,12,DLH,Lufthansa,True,,,unknown,,,48.353802,11.7861,
EDDM,departure,3c6717,DLH5Y,EDDM,KSAN,1787136997.0,1787177687,EDDM,KSAN,1787136997.0,12,DLH,Lufthansa,True,US,,Intercontinental,32.733601,-117.190002,48.353802,11.7861,9673.15027021178
EDDM,departure,3c64a3,DLH680,EDDM,LLBG,1787136758.0,1787148552,EDDM,LLBG,1787136758.0,12,DLH,Lufthansa,True,IL,AS,Intercontinental,32.011398,34.8867,48.353802,11.7861,2655.012268878441
EDDM,departure,3c65a2,DLH766,EDDM,,1787136591.0,1787142264,EDDM,,1787136591.0,12,DLH,Lufthansa,True,,,unknown,,,48.353802,11.7861,
EDDM,departure,aab001,UAL195,EDDM,KSFO,1787136431.0,1787175734,EDDM,KSFO,1787136431.0,12,UAL,United Airlines,False,US,,Intercontinental,37.619806,-122.374821,48.353802,11.7861,9436.949554358978
EDDM,departure,3c7877,CFG5ZV,EDDM,,1787136391.0,1787142514,EDDM,,1787136391.0,12,CFG,Condor Flugdienst,False,,,unknown,,,48.353802,11.7861,
EDDM,departure,3c6716,DLH410,EDDM,KJFK,1787136240.0,1787166141,EDDM,KJFK,1787136240.0,12,DLH,Lufthansa,True,US,,Intercontinental,40.639447,-73.779317,48.353802,11.7861,6481.1078318149075
EDDM,departure,452113,CFG7AE,EDDM,,1787136129.0,1787152107,EDDM,,1787136129.0,12,CFG,Condor Flugdienst,False,,,unknown,,,48.353802,11.7861,
EDDM,departure,3c6481,DLH9HE,EDDM,,1787136000.0,1787140498,EDDM,,1787136000.0,12,DLH,Lufthansa,True,,,unknown,,,48.353802,11.7861,
EDDM,departure,aad012,UAL160,EDDM,KIAH,1787135926.0,1787174693,EDDM,KIAH,1787135926.0,12,UAL,United Airlines,False,US,,Intercontinental,29.9844,-95.3414,48.353802,11.7861,8699.032714972389
EDDM,departure,300782,DLH1LU,EDDM,LIML,1787135640.0,1787138307,EDDM,LIML,1787135640.0,12,DLH,Lufthansa,True,IT,EU,Europe,45.445099,9.27674,48.353802,11.7861,375.39368090603205
EDDM,departure,4d240e,EWG2U,EDDM,LEPA,1787135580.0,1787142407,EDDM,LEPA,1787135580.0,12,EWG,Eurowings,True,ES,EU,Europe,39.551701,2.73881,48.353802,11.7861,1215.7448490597253
EDDM,departure,3452c7,ANE76BG,EDDM,,1787135497.0,1787143228,EDDM,,1787135497.0,12,ANE,Air Nostrum,False,,,unknown,,,48.353802,11.7861,
EDDM,departure,3c6484,DLH8XM,EDDM,ESSA,1787135464.0,1787141819,EDDM,ESSA,1787135464.0,12,DLH,Lufthansa,True,SE,EU,Europe,59.64849,17.928829,48.353802,11.7861,1317.1539995726077
EDDM,departure,7816b5,CCA828,EDDM,WSSS,1787135367.0,1787214862,EDDM,WSSS,1787135367.0,12,CCA,Air China,False,SG,AS,Intercontinental,1.35019,103.994003,48.353802,11.7861,10058.425858608065
EDDM,departure,a59601,UAL109,EDDM,KIAD,1787135173.0,1787166697,EDDM,KIAD,1787135173.0,12,UAL,United Airlines,False,US,,Intercontinental,38.9445,-77.455803,48.353802,11.7861,6842.950667184059
EDDM,departure,3c6548,LHX75U,EDDM,LFPG,1787135073.0,1787139185,EDDM,LFPG,1787135073.0,12,LHX,Other / unmatched,False,FR,EU,Europe,49.00896,2.554117,48.353802,11.7861,681.24944036537
EDDM,departure,c2b5b7,CFC2979,EDDM,LPEV,1787135055.0,1787149426,EDDM,LPEV,1787135055.0,12,CFC,Canadian Forces,False,PT,EU,Europe,38.533501,-7.88964,48.353802,11.7861,1918.6123449007966
EDDM,departure,a2ca64,UAL952,EDDM,KORD,1787134902.0,1787167356,EDDM,KORD,1787134902.0,12,UAL,United Airlines,False,US,,Intercontinental,41.9786,-87.9048,48.353802,11.7861,7269.553005700629
EDDM,departure,4d217a,VJT645,EDDM,,1787134764.0,1787138999,EDDM,,1787134764.0,12,VJT,Vistajet,False,,,unknown,,,48.353802,11.7861,
EDDM,departure,48418c,KLM68J,EDDM,EHAM,1787134613.0,1787138648,EDDM,EHAM,1787134613.0,12,KLM,KLM Royal Dutch Airlines,False,NL,EU,Europe,52.308601,4.76389,48.353802,11.7861,664.166274486877
EDDM,departure,300a7b,DLA8LW,EDDM,,1787134582.0,1787135711,EDDM,,1787134582.0,12,DLA,Air Dolomiti,True,,,unknown,,,48.353802,11.7861,
EDDM,departure,3003ad,DLA3NK,EDDM,LIPE,1787134438.0,1787137292,EDDM,LIPE,1787134438.0,12,DLA,Air Dolomiti,True,IT,EU,Europe,44.5354,11.2887,48.353802,11.7861,426.29115310070506
EDDM,departure,3c664f,DLH1RF,EDDM,EDDF,1787134328.0,1787137289,EDDM,EDDF,1787134328.0,12,DLH,Lufthansa,True,DE,EU,Domestic,50.026706,8.55835,48.353802,11.7861,299.3253023081836
EDDM,departure,5003e2,T7TLOL,EDDM,,1787134327.0,1787144516,EDDM,,1787134327.0,12,,Other / unmatched,False,,,unknown,,,48.353802,11.7861,
EDDM,departure,505b03,OMXCX,EDDM,,1787134260.0,1787135512,EDDM,,1787134260.0,12,OMX,Other / unmatched,False,,,unknown,,,48.353802,11.7861,
EDDM,departure,8940c9,GFA86F,EDDM,OBBI,1787134230.0,1787152409,EDDM,OBBI,1787134230.0,12,GFA,Gulf Air,False,BH,AS,Intercontinental,26.267295,50.63764,48.353802,11.7861,4154.786838562167
EDDM,departure,4b028e,SWR896B,EDDM,LSZH,1787134141.0,1787136525,EDDM,LSZH,1787134141.0,12,SWR,Swiss,True,CH,EU,Europe,47.458056,8.548056,48.353802,11.7861,261.0790248574686
EDDM,departure,c051e4,ACA837,EDDM,CYYZ,1787134090.0,1787165498,EDDM,CYYZ,1787134090.0,12,ACA,Air Canada,False,CA,,Intercontinental,43.675935,-79.629421,48.353802,11.7861,6640.970612571285
EDDM,departure,3c670e,DLH504,EDDM,SBGR,1787134017.0,1787175972,EDDM,SBGR,1787134017.0,12,DLH,Lufthansa,True,BR,SA,Intercontinental,-23.431274,-46.469954,48.353802,11.7861,9856.881949795896
EDDM,departure,46b8b6,AEE28,EDDM,LGAV,1787133923.0,1787141021,EDDM,LGAV,1787133923.0,12,AEE,Aegean Airlines,False,GR,EU,Europe,37.936401,23.9445,48.353802,11.7861,1517.678423211962
EDDM,departure,3c64a9,DLH47T,EDDM,LPAR,1787133829.0,1787144211,EDDM,LPAR,1787133829.0,12,DLH,Lufthansa,True,PT,EU,Europe,38.883301,-9.0301,48.353802,11.7861,1969.3401589360585
EDDM,departure,3c66ab,DLH8AA,EDDM,LJLJ,1787133737.0,1787135631,EDDM,LJLJ,1787133737.0,12,DLH,Lufthansa,True,SI,EU,Europe,46.223701,14.4576,48.353802,11.7861,310.92785271063457
EDDM,departure,3c6444,DLH6RL,EDDM,LKPR,1787133697.0,1787136050,EDDM,LKPR,1787133697.0,12,DLH,Lufthansa,True,CZ,EU,Europe,50.100874,14.259911,48.353802,11.7861,264.56441406353673
EDDM,departure,3c6581,DLH2KH,EDDM,EDDS,1787133671.0,1787135189,EDDM,EDDS,1787133671.0,12,DLH,Lufthansa,True,DE,EU,Domestic,48.689899,9.22196,48.353802,11.7861,192.49685997721903
EDDM,departure,4bcdfa,SXS3XF,EDDM,,1787133607.0,1787140002,EDDM,,1787133607.0,12,SXS,SunExpress,False,,,unknown,,,48.353802,11.7861,
EDDM,departure,300393,DLA3TW,EDDM,LIPO,1787133522.0,1787136323,EDDM,LIPO,1787133522.0,11,DLA,Air Dolomiti,True,IT,EU,Europe,45.428902,10.3306,48.353802,11.7861,343.5081109757497
EDDM,departure,44ce78,BEL9FU,EDDM,EBST,1787133501.0,1787137345,EDDM,EBST,1787133501.0,11,BEL,Brussels Airlines,True,BE,EU,Europe,50.790772,5.19958,48.353802,11.7861,546.5193278868217
EDDM,departure,3c48eb,LHX2396,EDDM,,1787133463.0,1787136569,EDDM,,1787133463.0,11,LHX,Other / unmatched,False,,,unknown,,,48.353802,11.7861,
EDDM,departure,3c674e,DLH3EE,EDDM,EDDW,1787133432.0,1787136534,EDDM,EDDW,1787133432.0,11,DLH,Lufthansa,True,DE,EU,Domestic,53.046786,8.78932,48.353802,11.7861,562.7750716084975
EDDM,departure,44082a,AUA18PU,EDDM,LOWW,1787133381.0,1787136748,EDDM,LOWW,1787133381.0,11,AUA,Austrian,True,AT,EU,Europe,48.110298,16.5697,48.353802,11.7861,355.28949987483753
EDDM,departure,3c48f0,LHX8CR,EDDM,EDKB,1787133361.0,1787137195,EDDM,EDKB,1787133361.0,11,LHX,Other / unmatched,False,DE,EU,Domestic,50.76889,7.163333,48.353802,11.7861,427.97606382362267
EDDM,departure,3c6498,DLH3FP,EDDM,,1787133219.0,1787135455,EDDM,,1787133219.0,11,DLH,Lufthansa,True,,,unknown,,,48.353802,11.7861,
EDDM,departure,300a7c,DLH11H,EDDM,LOWG,1787133140.0,1787135913,EDDM,LOWG,1787133140.0,11,DLH,Lufthansa,True,AT,EU,Europe,46.9911,15.4396,48.353802,11.7861,312.67052198353133
EDDM,departure,3c6552,LHX06V,EDDM,LEMD,1787133074.0,1787141843,EDDM,LEMD,1787133074.0,11,LHX,Other / unmatched,False,ES,EU,Europe,40.493407,-3.572249,48.353802,11.7861,1496.0210543929695
EDDM,departure,461f54,FIN1DF,EDDM,EFHK,1787133015.0,1787140388,EDDM,EFHK,1787133015.0,11,FIN,Finnair,False,FI,EU,Europe,60.318363,24.963341,48.353802,11.7861,1574.642671936596
EDDM,departure,3c65cf,DLH66E,EDDM,LFML,1787132925.0,1787137614,EDDM,LFML,1787132925.0,11,DLH,Lufthansa,True,FR,EU,Europe,43.438088,5.2125,48.353802,11.7861,746.1588906600581
EDDM,departure,3003ae,DLA9PM,EDDM,,1787132812.0,1787137229,EDDM,,1787132812.0,11,DLA,Air Dolomiti,True,,,unknown,,,48.353802,11.7861,
EDDM,departure,3c65d4,DLH2ER,EDDM,EDKD,1787132754.0,1787136744,EDDM,EDKD,1787132754.0,11,DLH,Lufthansa,True,DE,EU,Domestic,51.312459,7.704134,48.353802,11.7861,440.25676015312547
EDDM,departure,4bb844,PGT19D,EDDM,,1787132732.0,1787141542,EDDM,,1787132732.0,11,PGT,Pegasus Airlines,False,,,unknown,,,48.353802,11.7861,
EDDM,departure,3c65cb,DLH1PJ,EDDM,LDZL,1787132644.0,1787134677,EDDM,LDZL,1787132644.0,11,DLH,Lufthansa,True,HR,EU,Europe,45.766725,15.849709,48.353802,11.7861,421.20170716838
EDDM,departure,4ca27f,EIN3GM,EDDM,EIDW,1787132594.0,1787140451,EDDM,EIDW,1787132594.0,11,EIN,Aer Lingus,False,IE,EU,Europe,53.428713,-6.262121,48.353802,11.7861,1381.0178749074084
EDDM,departure,3c65d2,DLH6NJ,EDDM,EPKK,1787132581.0,1787135966,EDDM,EPKK,1787132581.0,11,DLH,Lufthansa,True,PL,EU,Europe,50.077702,19.7848,48.353802,11.7861,611.4215212873963
EDDM,departure,4d240d,EWG5C,EDDM,,1787132485.0,1787138832,EDDM,,1787132485.0,11,EWG,Eurowings,True,,,unknown,,,48.353802,11.7861,
EDDM,departure,3c6442,DLH7LL,EDDM,EDDG,1787132374.0,1787136325,EDDM,EDDG,1787132374.0,11,DLH,Lufthansa,True,DE,EU,Domestic,52.133816,7.688482,48.353802,11.7861,511.262067139501
EDDM,departure,3c6652,DLH7YW,EDDM,LHBP,1787132343.0,1787135309,EDDM,LHBP,1787132343.0,11,DLH,Lufthansa,True,HU,EU,Europe,47.43018,19.262393,48.353802,11.7861,566.5693471360726
EDDM,departure,896535,ETD99P,EDDM,,1787132221.0,1787154190,EDDM,,1787132221.0,11,ETD,Etihad Airways,False,,,unknown,,,48.353802,11.7861,
EDDM,departure,3c65a1,DLH480,EDDM,KDEN,1787132113.0,1787168183,EDDM,KDEN,1787132113.0,11,DLH,Lufthansa,True,US,,Intercontinental,39.860027,-104.673792,48.353802,11.7861,8386.891146653817
EDDM,departure,300394,DLA1TA,EDDM,LIRQ,1787131966.0,1787135393,EDDM,LIRQ,1787131966.0,11,DLA,Air Dolomiti,True,IT,EU,Europe,43.808558,11.202822,48.353802,11.7861,507.40191846154414
EDDM,departure,3c6585,DLH8AF,EDDM,EPWR,1787131939.0,1787134556,EDDM,EPWR,1787131939.0,11,DLH,Lufthansa,True,PL,EU,Europe,51.103719,16.882096,48.353802,11.7861,476.9484303343857
EDDM,departure,3c6677,DLH4JW,EDDM,EDDH,1787131890.0,1787136415,EDDM,EDDH,1787131890.0,11,DLH,Lufthansa,True,DE,EU,Domestic,53.630402,9.98823,48.353802,11.7861,600.0198333228711
EDDM,departure,3c644d,LHX3VJ,EDDM,EDDV,1787131727.0,1787134707,EDDM,EDDV,1787131727.0,11,LHX,Other / unmatched,False,DE,EU,Domestic,52.461102,9.68508,48.353802,11.7861,480.3139277522467
EDDM,departure,86e800,ANA218,EDDM,RJTT,1787131674.0,1787171889,EDDM,RJTT,1787131674.0,11,ANA,All Nippon Airways,False,JP,AS,Intercontinental,35.549678,139.786958,48.353802,11.7861,9359.196986331479
EDDM,departure,3c6750,DLH99H,EDDM,LFMN,1787131429.0,1787136147,EDDM,LFMN,1787131429.0,11,DLH,Lufthansa,True,FR,EU,Europe,43.658401,7.21587,48.353802,11.7861,629.9664294216898
EDDM,departure,44b430,PGC42Y,EDDM,EBNM,1787131395.0,1787135592,EDDM,EBNM,1787131395.0,11,PGC,Other / unmatched,False,BE,EU,Europe,50.489705,4.769697,48.353802,11.7861,560.0243775416482
EDDM,departure,502d24,DLH02J,EDDM,LFLL,1787131330.0,1787134728,EDDM,LFLL,1787131330.0,11,DLH,Lufthansa,True,FR,EU,Europe,45.725996,5.090139,48.353802,11.7861,585.2212800178779
EDDM,departure,3c65c5,DLH4NM,EDDM,EDDF,1787131312.0,1787133495,EDDM,EDDF,1787131312.0,11,DLH,Lufthansa,True,DE,EU,Domestic,50.026706,8.55835,48.353802,11.7861,299.3253023081836
EDDM,departure,4d22ab,KMM307,EDDM,LMML,1787131110.0,1787138174,EDDM,LMML,1787131110.0,11,KMM,Other / unmatched,False,MT,EU,Europe,35.845932,14.491546,48.353802,11.7861,1408.3647646637505
EDDM,departure,3c6667,DLH8N,EDDM,EDDB,1787131033.0,1787133959,EDDM,EDDB,1787131033.0,11,DLH,Lufthansa,True,DE,EU,Domestic,52.361738,13.502341,48.353802,11.7861,461.95813684339504
EDDM,departure,3c6524,LHX6UW,EDDM,LRTR,1787130990.0,1787134597,EDDM,LRTR,1787130990.0,11,LHX,Other / unmatched,False,RO,EU,Europe,45.809898,21.3379,48.353802,11.7861,775.9307102700958
EDDM,departure,400982,BAW927E,EDDM,EGLL,1787130960.0,1787137516,EDDM,EGLL,1787130960.0,11,BAW,British Airways,False,GB,EU,Europe,51.470748,-0.459909,48.353802,11.7861,941.4502219841752
EDDM,departure,3c658b,DLH1WC,EDDM,EPWA,1787130840.0,1787134766,EDDM,EPWA,1787130840.0,11,DLH,Lufthansa,True,PL,EU,Europe,52.165699,20.9671,48.353802,11.7861,777.3312420832704
EDDM,departure,4caefa,ITY437,EDDM,LIRF,1787130740.0,1787134907,EDDM,LIRF,1787130740.0,11,ITY,ITA Airways,False,IT,EU,Europe,41.804532,12.251998,48.353802,11.7861,729.1597800937259
EDDM,departure,300554,DLA6YF,EDDM,LIMC,1787130677.0,1787133806,EDDM,LIMC,1787130677.0,11,DLA,Air Dolomiti,True,IT,EU,Europe,45.6306,8.72811,48.353802,11.7861,381.35803391926396
EDDM,departure,4bb1a4,THY3YB,EDDM,,1787130366.0,1787137244,EDDM,,1787130366.0,11,THY,Turkish Airlines,False,,,unknown,,,48.353802,11.7861,
EDDM,departure,4bcdd6,SXS7CG,EDDM,,1787130280.0,1787138698,EDDM,,1787130280.0,11,SXS,SunExpress,False,,,unknown,,,48.353802,11.7861,
EDDM,departure,3c66af,DLH1KK,EDDM,,1787130171.0,1787134552,EDDM,,1787130171.0,11,DLH,Lufthansa,True,,,unknown,,,48.353802,11.7861,
EDDM,departure,348412,AEA69WQ,EDDM,LEMD,1787130073.0,1787138934,EDDM,LEMD,1787130073.0,11,AEA,Air Europa,False,ES,EU,Europe,40.493407,-3.572249,48.353802,11.7861,1496.0210543929695
EDDM,departure,02a191,TAR893,EDDM,,1787129983.0,1787135848,EDDM,,1787129983.0,10,TAR,Tunisair,False,,,unknown,,,48.353802,11.7861,
EDDM,departure,3c648e,DLH88V,EDDM,LEMG,1787129831.0,1787139689,EDDM,LEMG,1787129831.0,10,DLH,Lufthansa,True,ES,EU,Europe,36.6749,-4.49911,48.353802,11.7861,1854.9441824391502
EDDM,departure,3c66a4,DLH9KW,EDDM,LYBE,1787129711.0,1787133260,EDDM,LYBE,1787129711.0,10,DLH,Lufthansa,True,RS,EU,Europe,44.818401,20.309099,48.353802,11.7861,760.1143374277194
EDDM,departure,3c6549,LHX6LL,EDDM,LIRF,1787129628.0,1787133406,EDDM,LIRF,1787129628.0,10,LHX,Other / unmatched,False,IT,EU,Europe,41.804532,12.251998,48.353802,11.7861,729.1597800937259
EDDM,departure,501dd0,CTN37RA,EDDM,LDZL,1787129481.0,1787131839,EDDM,LDZL,1787129481.0,10,CTN,Croatia Airlines,False,HR,EU,Europe,45.766725,15.849709,48.353802,11.7861,421.20170716838
EDDM,departure,501c59,CTN39PR,EDDM,,1787129336.0,1787131681,EDDM,,1787129336.0,10,CTN,Croatia Airlines,False,,,unknown,,,48.353802,11.7861,
EDDM,departure,3c6441,DLH3HX,EDDM,LRCL,1787129269.0,1787133290,EDDM,LRCL,1787129269.0,10,DLH,Lufthansa,True,RO,EU,Europe,46.786042,23.685733,48.353802,11.7861,908.612027045505
EDDM,departure,4692d6,AEE433,EDDM,,1787129207.0,1787137299,EDDM,,1787129207.0,10,AEE,Aegean Airlines,False,,,unknown,,,48.353802,11.7861,
EDDM,departure,3c66a6,DLH09Y,EDDM,LEBL,1787129130.0,1787136167,EDDM,LEBL,1787129130.0,10,DLH,Lufthansa,True,ES,EU,Europe,41.2971,2.07846,48.353802,11.7861,1094.6300447813323
EDDM,departure,300558,DLH5YV,EDDM,,1787129053.0,1787132457,EDDM,,1787129053.0,10,DLH,Lufthansa,True,,,unknown,,,48.353802,11.7861,
EDDM,departure,3c66ad,DLH44U,EDDM,LFBO,1787128987.0,1787134467,EDDM,LFBO,1787128987.0,10,DLH,Lufthansa,True,FR,EU,Europe,43.629101,1.36382,48.353802,11.7861,960.1176855029028
EDDM,departure,3c658c,DLH2636,EDDM,,1787128930.0,1787132083,EDDM,,1787128930.0,10,DLH,Lufthansa,True,,,unknown,,,48.353802,11.7861,
EDDM,departure,344409,VLG3RF,EDDM,LEBL,1787128849.0,1787135275,EDDM,LEBL,1787128849.0,10,VLG,Vueling Airlines,False,ES,EU,Europe,41.2971,2.07846,48.353802,11.7861,1094.6300447813323
EDDM,departure,3c66a2,DLH5KH,EDDM,EKCH,1787128665.0,1787133168,EDDM,EKCH,1787128665.0,10,DLH,Lufthansa,True,DK,EU,Europe,55.617900848389,12.656000137329,48.353802,11.7861,809.9072697989837
EDDM,departure,3c666b,DLH1JH,EDDM,EDDH,1787128535.0,1787131936,EDDM,EDDH,1787128535.0,10,DLH,Lufthansa,True,DE,EU,Domestic,53.630402,9.98823,48.353802,11.7861,600.0198333228711
EDDM,departure,4caf12,SAS662,EDDM,EKCH,1787128373.0,1787132746,EDDM,EKCH,1787128373.0,10,SAS,Scandinavian Airlines System,False,DK,EU,Europe,55.617900848389,12.656000137329,48.353802,11.7861,809.9072697989837
EDDM,departure,4bce03,SXS7WT,EDDM,LTFE,1787128325.0,1787136680,EDDM,LTFE,1787128325.0,10,SXS,SunExpress,False,TR,AS,Intercontinental,37.249314,27.66401,48.353802,11.7861,1782.9522939804467
EDDM,departure,ab7376,DAL131,EDDM,KATL,1787128219.0,1787163359,EDDM,KATL,1787128219.0,10,DAL,Delta Air Lines,False,US,,Intercontinental,33.6367,-84.428101,48.353802,11.7861,7701.967004873525
EDDM,departure,73806b,ELY354,EDDM,LLBG,1787128140.0,1787139589,EDDM,LLBG,1787128140.0,10,ELY,El Al Israel Airlines,False,IL,AS,Intercontinental,32.011398,34.8867,48.353802,11.7861,2655.012268878441
EDDM,departure,39bda9,AFR75VN,EDDM,LFPG,1787128005.0,1787132518,EDDM,LFPG,1787128005.0,10,AFR,Air France,False,FR,EU,Europe,49.00896,2.554117,48.353802,11.7861,681.24944036537
EDDM,departure,4692cc,AEE1DM,EDDM,LGTS,1787127878.0,1787133763,EDDM,LGTS,1787127878.0,10,AEE,Aegean Airlines,False,GR,EU,Europe,40.51928,22.970009,48.353802,11.7861,1241.5247714636366
EDDM,departure,3c4a21,DLH2VU,EDDM,EDDF,1787127690.0,1787130076,EDDM,EDDF,1787127690.0,10,DLH,Lufthansa,True,DE,EU,Domestic,50.026706,8.55835,48.353802,11.7861,299.3253023081836
EDDM,departure,400dae,EZY68YP,EDDM,EGKK,1787127558.0,1787133643,EDDM,EGKK,1787127558.0,10,EZY,easyJet,False,GB,EU,Europe,51.148744,-0.185739,48.353802,11.7861,913.2541571444992
EDDM,departure,3c6715,DLH436,EDDM,KORD,1787127272.0,1787160209,EDDM,KORD,1787127272.0,10,DLH,Lufthansa,True,US,,Intercontinental,41.9786,-87.9048,48.353802,11.7861,7269.553005700629
EDDM,departure,06a2f7,QTR18T,EDDM,OTHH,1787127166.0,1787148329,EDDM,OTHH,1787127166.0,10,QTR,Qatar Airways,False,QA,AS,Intercontinental,25.273056,51.608056,48.353802,11.7861,4301.900509489454
EDDM,departure,a75103,UAL31,EDDM,KEWR,1787126751.0,1787156616,EDDM,KEWR,1787126751.0,10,UAL,United Airlines,False,US,,Intercontinental,40.6894,-74.170545,48.353802,11.7861,6503.29872919886
EDDM,departure,3c6664,DLH2JW,EDDM,LMML,1787126493.0,1787133358,EDDM,LMML,1787126493.0,10,DLH,Lufthansa,True,MT,EU,Europe,35.845932,14.491546,48.353802,11.7861,1408.3647646637505
EDDM,departure,3c66a8,DLH07T,EDDM,LFPG,1787126440.0,1787130866,EDDM,LFPG,1787126440.0,10,DLH,Lufthansa,True,FR,EU,Europe,49.00896,2.554117,48.353802,11.7861,681.24944036537
EDDM,departure,3c64aa,DLH1712,EDDM,,1787126357.0,1787129836,EDDM,,1787126357.0,9,DLH,Lufthansa,True,,,unknown,,,48.353802,11.7861,
EDDM,departure,440c31,EJU72XR,EDDM,LIRF,1787125990.0,1787129842,EDDM,LIRF,1787125990.0,9,EJU,easyJet,False,IT,EU,Europe,41.804532,12.251998,48.353802,11.7861,729.1597800937259
EDDM,departure,4bc884,PGT52NE,EDDM,LTFJ,1787125926.0,1787132655,EDDM,LTFJ,1787125926.0,9,PGT,Pegasus Airlines,False,TR,AS,Intercontinental,40.898602,29.3092,48.353802,11.7861,1610.0296885594896
EDDM,departure,3c66b5,OCN19D,EDDM,,1787125380.0,1787135245,EDDM,,1787125380.0,9,OCN,Discover Airlines,True,,,unknown,,,48.353802,11.7861,
EDDM,departure,3c6497,DLH4X,EDDM,EDDB,1787125293.0,1787128063,EDDM,EDDB,1787125293.0,9,DLH,Lufthansa,True,DE,EU,Domestic,52.361738,13.502341,48.353802,11.7861,461.95813684339504
EDDM,departure,3c6447,DLH8PF,EDDM,,1787125200.0,1787129211,EDDM,,1787125200.0,9,DLH,Lufthansa,True,,,unknown,,,48.353802,11.7861,
EDDM,departure,3c66a7,DLH6YW,EDDM,ESGG,1787125151.0,1787130350,EDDM,ESGG,1787125151.0,9,DLH,Lufthansa,True,SE,EU,Europe,57.6628,12.2798,48.353802,11.7861,1035.6329475559055
EDDM,departure,502cce,BTI8ED,EDDM,EVRA,1787125023.0,1787131459,EDDM,EVRA,1787125023.0,9,BTI,Air Baltic,False,LV,EU,Europe,56.920752,23.970711,48.353802,11.7861,1254.6428788634457
EDDM,departure,3c6486,DLH7PW,EDDM,LBLS,1787124982.0,1787129817,EDDM,LBLS,1787124982.0,9,DLH,Lufthansa,True,BG,EU,Europe,42.632465,23.650102,48.353802,11.7861,1120.466014267005
EDDM,departure,39856f,KLM1850,EDDM,EHAM,1787124919.0,1787129366,EDDM,EHAM,1787124919.0,9,KLM,KLM Royal Dutch Airlines,False,NL,EU,Europe,52.308601,4.76389,48.353802,11.7861,664.166274486877
EDDM,departure,452144,ELY252,EDDM,,1787124830.0,1787136169,EDDM,,1787124830.0,9,ELY,El Al Israel Airlines,False,,,unknown,,,48.353802,11.7861,
EDDM,departure,3c6521,LHX87K,EDDM,LEZL,1787124702.0,1787135036,EDDM,LEZL,1787124702.0,9,LHX,Other / unmatched,False,ES,EU,Europe,37.417999,-5.89311,48.353802,11.7861,1876.9921884931325
EDDM,departure,4b0295,SWR1XG,EDDM,LSZH,1787124585.0,1787126927,EDDM,LSZH,1787124585.0,9,SWR,Swiss,True,CH,EU,Europe,47.458056,8.548056,48.353802,11.7861,261.0790248574686
EDDM,departure,3c6917,CFG2VT,EDDM,EDDF,1787124571.0,1787126776,EDDM,EDDF,1787124571.0,9,CFG,Condor Flugdienst,False,DE,EU,Domestic,50.026706,8.55835,48.353802,11.7861,299.3253023081836
EDDM,departure,3c66ac,DLH4JA,EDDM,LROP,1787124468.0,1787129699,EDDM,LROP,1787124468.0,9,DLH,Lufthansa,True,RO,EU,Europe,44.571792,26.103285,48.353802,11.7861,1172.273078026738
EDDM,departure,3c65d7,DLH9LV,EDDM,EHAM,1787124390.0,1787128616,EDDM,EHAM,1787124390.0,9,DLH,Lufthansa,True,NL,EU,Europe,52.308601,4.76389,48.353802,11.7861,664.166274486877
EDDM,departure,502d0c,DLH63M,EDDM,,1787124339.0,1787130708,EDDM,,1787124339.0,9,DLH,Lufthansa,True,,,unknown,,,48.353802,11.7861,
EDDM,departure,3c6648,DLH8CF,EDDM,,1787124206.0,1787129189,EDDM,,1787124206.0,9,DLH,Lufthansa,True,,,unknown,,,48.353802,11.7861,
EDDM,departure,aace5c,AAL785,EDDM,KCLT,1787124146.0,1787158150,EDDM,KCLT,1787124146.0,9,AAL,American Airlines,False,US,,Intercontinental,35.2140007019043,-80.94309997558594,48.353802,11.7861,7350.6652794013735
EDDM,departure,3c6655,DLH1774,EDDM,LGTS,1787124071.0,1787130027,EDDM,LGTS,1787124071.0,9,DLH,Lufthansa,True,GR,EU,Europe,40.51928,22.970009,48.353802,11.7861,1241.5247714636366
EDDM,departure,3c48e8,LHX48N,EDDM,LEBL,1787123878.0,1787129900,EDDM,LEBL,1787123878.0,9,LHX,Other / unmatched,False,ES,EU,Europe,41.2971,2.07846,48.353802,11.7861,1094.6300447813323
EDDM,departure,3c6753,DLH7FL,EDDM,EDDF,1787123810.0,1787125917,EDDM,EDDF,1787123810.0,9,DLH,Lufthansa,True,DE,EU,Domestic,50.026706,8.55835,48.353802,11.7861,299.3253023081836
EDDM,departure,3c6676,DLH9WF,EDDM,ESSA,1787123678.0,1787130254,EDDM,ESSA,1787123678.0,9,DLH,Lufthansa,True,SE,EU,Europe,59.64849,17.928829,48.353802,11.7861,1317.1539995726077
EDDM,departure,3c65cc,DLH8YH,EDDM,EGCC,1787123605.0,1787130155,EDDM,EGCC,1787123605.0,9,DLH,Lufthansa,True,GB,EU,Europe,53.349375,-2.279521,48.353802,11.7861,1130.1311120568162
EDDM,departure,3c6523,LHX5KY,EDDM,LICZ,1787123586.0,1787130140,EDDM,LICZ,1787123586.0,9,LHX,Other / unmatched,False,IT,EU,Europe,37.401699,14.9224,48.353802,11.7861,1244.0537213530313
EDDM,departure,44ce72,BEL7DD,EDDM,EBBR,1787123500.0,1787127297,EDDM,EBBR,1787123500.0,9,BEL,Brussels Airlines,True,BE,EU,Europe,50.901402,4.48444,48.353802,11.7861,596.9780711668509
EDDM,departure,3c66e3,OCN5JU,EDDM,LEIB,1787123386.0,1787130689,EDDM,LEIB,1787123386.0,9,OCN,Discover Airlines,True,ES,EU,Europe,38.872898,1.37312,48.353802,11.7861,1344.3444360273038
EDDM,departure,a4ee82,DAL23,EDDM,KDTW,1787123202.0,1787156201,EDDM,KDTW,1787123202.0,9,DAL,Delta Air Lines,False,US,,Intercontinental,42.21377,-83.353786,48.353802,11.7861,6976.63897547364
EDDM,departure,3c64a7,DLH1CP,EDDM,LGAV,1787123068.0,1787130162,EDDM,LGAV,1787123068.0,9,DLH,Lufthansa,True,GR,EU,Europe,37.936401,23.9445,48.353802,11.7861,1517.678423211962
EDDM,departure,3c65d0,DLH7MA,EDDM,EGLL,1787123010.0,1787129545,EDDM,EGLL,1787123010.0,9,DLH,Lufthansa,True,GB,EU,Europe,51.470748,-0.459909,48.353802,11.7861,941.4502219841752
EDDM,departure,3c6522,LHX9JC,EDDM,EFHK,1787122695.0,1787130367,EDDM,EFHK,1787122695.0,8,LHX,Other / unmatched,False,FI,EU,Europe,60.318363,24.963341,48.353802,11.7861,1574.642671936596
EDDM,departure,3c5eed,EWG83FA,EDDM,EDDL,1787122623.0,1787125736,EDDM,EDDL,1787122623.0,8,EWG,Eurowings,True,DE,EU,Domestic,51.289501,6.76678,48.353802,11.7861,485.82278259661393
EDDM,departure,3c6643,DLH6LK,EDDM,ENGM,1787122508.0,1787128813,EDDM,ENGM,1787122508.0,8,DLH,Lufthansa,True,NO,EU,Europe,60.193901,11.1004,48.353802,11.7861,1317.2932288251484
EDDM,departure,3c64a8,DLH5MM,EDDM,EIDW,1787122338.0,1787130326,EDDM,EIDW,1787122338.0,8,DLH,Lufthansa,True,IE,EU,Europe,53.428713,-6.262121,48.353802,11.7861,1381.0178749074084
EDDM,departure,3c66b3,OCN1001,EDDM,EDDF,1787122230.0,1787124328,EDDM,EDDF,1787122230.0,8,OCN,Discover Airlines,True,DE,EU,Domestic,50.026706,8.55835,48.353802,11.7861,299.3253023081836
EDDM,departure,3c64a5,DLH82U,EDDM,LEPA,1787122225.0,1787128769,EDDM,LEPA,1787122225.0,8,DLH,Lufthansa,True,ES,EU,Europe,39.551701,2.73881,48.353802,11.7861,1215.7448490597253
EDDM,departure,3c66a3,DLH2258,EDDM,LFBD,1787122173.0,1787127567,EDDM,LFBD,1787122173.0,8,DLH,Lufthansa,True,FR,EU,Europe,44.82865,-0.715356,48.353802,11.7861,1031.0334409319134
EDDM,departure,3c666e,DLH6PF,EDDM,,1787122102.0,1787125088,EDDM,,1787122102.0,8,DLH,Lufthansa,True,,,unknown,,,48.353802,11.7861,
EDDM,departure,3c66e2,OCN7R,EDDM,,1787122055.0,1787140016,EDDM,,1787122055.0,8,OCN,Discover Airlines,True,,,unknown,,,48.353802,11.7861,
EDDM,departure,503e82,EWG84A,EDDM,EDDH,1787121994.0,1787125558,EDDM,EDDH,1787121994.0,8,EWG,Eurowings,True,DE,EU,Domestic,53.630402,9.98823,48.353802,11.7861,600.0198333228711
EDDM,departure,3c66b0,DLH9YP,EDDM,LIRF,1787121985.0,1787125856,EDDM,LIRF,1787121985.0,8,DLH,Lufthansa,True,IT,EU,Europe,41.804532,12.251998,48.353802,11.7861,729.1597800937259
EDDM,departure,300a7b,DLA2AH,EDDM,LIPZ,1787121552.0,1787123813,EDDM,LIPZ,1787121552.0,8,DLA,Air Dolomiti,True,IT,EU,Europe,45.505299,12.3519,48.353802,11.7861,319.6370516473726
EDDM,departure,3c6759,DLH49M,EDDM,LEVC,1787121471.0,1787128969,EDDM,LEVC,1787121471.0,8,DLH,Lufthansa,True,ES,EU,Europe,39.489162,-0.480961,48.353802,11.7861,1388.4707886307121
EDDM,departure,300393,DLH8ET,EDDM,LSZM,1787121283.0,1787123644,EDDM,LSZM,1787121283.0,8,DLH,Lufthansa,True,CH,EU,Europe,47.078353,9.064662,48.353802,11.7861,248.1001350801686
EDDM,departure,471a79,HAKAR,EDDM,LDPL,1787121185.0,1787123860,EDDM,LDPL,1787121185.0,8,HAK,Pegasus Helicopters,False,HR,EU,Europe,44.893501,13.9222,48.353802,11.7861,417.8758704690821
EDDM,departure,3c6585,DLH3LL,EDDM,EDDC,1787121153.0,1787123129,EDDM,EDDC,1787121153.0,8,DLH,Lufthansa,True,DE,EU,Domestic,51.134123,13.767831,48.353802,11.7861,340.34305632241814
EDDM,departure,3c66a5,DLH95N,EDDM,LEMD,1787121045.0,1787129305,EDDM,LEMD,1787121045.0,8,DLH,Lufthansa,True,ES,EU,Europe,40.493407,-3.572249,48.353802,11.7861,1496.0210543929695
EDDM,departure,440668,AUA182,EDDM,LOWW,1787120960.0,1787123156,EDDM,LOWW,1787120960.0,8,AUA,Austrian,True,AT,EU,Europe,48.110298,16.5697,48.353802,11.7861,355.28949987483753
EDDM,departure,3c65d5,DLH38J,EDDM,LPPR,1787120840.0,1787130186,EDDM,LPPR,1787120840.0,8,DLH,Lufthansa,True,PT,EU,Europe,41.2481002808,-8.68138980865,48.353802,11.7861,1790.262015170052
EDDM,departure,3c6484,DLH2TY,EDDM,EDDL,1787120558.0,1787123875,EDDM,EDDL,1787120558.0,8,DLH,Lufthansa,True,DE,EU,Domestic,51.289501,6.76678,48.353802,11.7861,485.82278259661393
EDDM,departure,300a7c,DLA66U,EDDM,LOWG,1787120556.0,1787122631,EDDM,LOWG,1787120556.0,8,DLA,Air Dolomiti,True,AT,EU,Europe,46.9911,15.4396,48.353802,11.7861,312.67052198353133
EDDM,departure,3c6652,DLH1YN,EDDM,LKPR,1787120410.0,1787122339,EDDM,LKPR,1787120410.0,8,DLH,Lufthansa,True,CZ,EU,Europe,50.100874,14.259911,48.353802,11.7861,264.56441406353673
EDDM,departure,3c66ab,DLH2VC,EDDM,LIML,1787120270.0,1787122824,EDDM,LIML,1787120270.0,8,DLH,Lufthansa,True,IT,EU,Europe,45.445099,9.27674,48.353802,11.7861,375.39368090603205
EDDM,departure,300557,DLA7JH,EDDM,LIPE,1787120214.0,1787123009,EDDM,LIPE,1787120214.0,8,DLA,Air Dolomiti,True,IT,EU,Europe,44.5354,11.2887,48.353802,11.7861,426.29115310070506
EDDM,departure,3c48f0,LHX5T,EDDM,EDDB,1787119994.0,1787122829,EDDM,EDDB,1787119994.0,8,LHX,Other / unmatched,False,DE,EU,Domestic,52.361738,13.502341,48.353802,11.7861,461.95813684339504
EDDM,departure,3c66ea,DLH1EE,EDDM,EDDF,1787119857.0,1787122047,EDDM,EDDF,1787119857.0,8,DLH,Lufthansa,True,DE,EU,Domestic,50.026706,8.55835,48.353802,11.7861,299.3253023081836
EDDM,departure,3c658b,DLH3FF,EDDM,EDDS,1787119835.0,1787121388,EDDM,EDDS,1787119835.0,8,DLH,Lufthansa,True,DE,EU,Domestic,48.689899,9.22196,48.353802,11.7861,192.49685997721903
EDDM,departure,4bce02,SXS73E,EDDM,,1787119781.0,1787126394,EDDM,,1787119781.0,8,SXS,SunExpress,False,,,unknown,,,48.353802,11.7861,
EDDM,departure,3c6442,DLH2NM,EDDM,ELLX,1787119424.0,1787122289,EDDM,ELLX,1787119424.0,8,DLH,Lufthansa,True,LU,EU,Europe,49.626845,6.212134,48.353802,11.7861,430.5074864498392
EDDM,departure,3c6444,DLH3PK,EDDM,EDDH,1787119082.0,1787122619,EDDM,EDDH,1787119082.0,7,DLH,Lufthansa,True,DE,EU,Domestic,53.630402,9.98823,48.353802,11.7861,600.0198333228711
EDDM,departure,4b028e,SWR9ZV,EDDM,LSZH,1787118869.0,1787121045,EDDM,LSZH,1787118869.0,7,SWR,Swiss,True,CH,EU,Europe,47.458056,8.548056,48.353802,11.7861,261.0790248574686
EDDM,departure,344213,ANE1316,EDDM,LEMD,1787118812.0,1787126869,EDDM,LEMD,1787118812.0,7,ANE,Air Nostrum,False,ES,EU,Europe,40.493407,-3.572249,48.353802,11.7861,1496.0210543929695
EDDM,departure,3c65d1,DLH6YA,EDDM,EPKK,1787118697.0,1787122018,EDDM,EPKK,1787118697.0,7,DLH,Lufthansa,True,PL,EU,Europe,50.077702,19.7848,48.353802,11.7861,611.4215212873963
EDDM,departure,3c6581,DLH07W,EDDM,LFLL,1787118323.0,1787121798,EDDM,LFLL,1787118323.0,7,DLH,Lufthansa,True,FR,EU,Europe,45.725996,5.090139,48.353802,11.7861,585.2212800178779
EDDM,departure,40624f,BAW1DL,EDDM,EGLL,1787118219.0,1787124595,EDDM,EGLL,1787118219.0,7,BAW,British Airways,False,GB,EU,Europe,51.470748,-0.459909,48.353802,11.7861,941.4502219841752
EDDM,departure,3c674e,DLH7KK,EDDM,EDDL,1787118039.0,1787121179,EDDM,EDDL,1787118039.0,7,DLH,Lufthansa,True,DE,EU,Domestic,51.289501,6.76678,48.353802,11.7861,485.82278259661393
EDDM,departure,3c66e4,OCN1EP,EDDM,LGRP,1787117807.0,1787126150,EDDM,LGRP,1787117807.0,7,OCN,Discover Airlines,True,GR,AS,Intercontinental,36.405399,28.086201,48.353802,11.7861,1878.6917153155403
EDDM,departure,3c65cf,DLH5JW,EDDM,LHBP,1787117557.0,1787120625,EDDM,LHBP,1787117557.0,7,DLH,Lufthansa,True,HU,EU,Europe,47.43018,19.262393,48.353802,11.7861,566.5693471360726
EDDM,departure,4baa69,THY2ZN,EDDM,,1787117436.0,1787123666,EDDM,,1787117436.0,7,THY,Turkish Airlines,False,,,unknown,,,48.353802,11.7861,
EDDM,departure,48415e,KLM34E,EDDM,EHAM,1787117087.0,1787121197,EDDM,EHAM,1787117087.0,7,KLM,KLM Royal Dutch Airlines,False,NL,EU,Europe,52.308601,4.76389,48.353802,11.7861,664.166274486877
EDDM,departure,3c66b7,OCN2SH,EDDM,LPMA,1787117031.0,1787131319,EDDM,LPMA,1787117031.0,7,OCN,Discover Airlines,True,PT,EU,Europe,32.697812,-16.774613,48.353802,11.7861,2947.8962458450114
EDDM,departure,3c6498,DLH4AN,EDDM,EDDW,1787116906.0,1787120339,EDDM,EDDW,1787116906.0,7,DLH,Lufthansa,True,DE,EU,Domestic,53.046786,8.78932,48.353802,11.7861,562.7750716084975
EDDM,departure,3c65c8,DLH6PW,EDDM,EGLL,1787116777.0,1787122918,EDDM,EGLL,1787116777.0,7,DLH,Lufthansa,True,GB,EU,Europe,51.470748,-0.459909,48.353802,11.7861,941.4502219841752
EDDM,departure,48ad19,LOT6CE,EDDM,EPWA,1787116769.0,1787120865,EDDM,EPWA,1787116769.0,7,LOT,LOT Polish Airlines,False,PL,EU,Europe,52.165699,20.9671,48.353802,11.7861,777.3312420832704
EDDM,departure,3c09f2,LHX62H,EDDM,LFPG,1787116659.0,1787121142,EDDM,LFPG,1787116659.0,7,LHX,Other / unmatched,False,FR,EU,Europe,49.00896,2.554117,48.353802,11.7861,681.24944036537
EDDM,departure,3c6446,DLH9FW,EDDM,EDDF,1787116450.0,1787118730,EDDM,EDDF,1787116450.0,7,DLH,Lufthansa,True,DE,EU,Domestic,50.026706,8.55835,48.353802,11.7861,299.3253023081836
EDDM,departure,3c6481,DLH8PL,EDDM,EDDH,1787116299.0,1787119649,EDDM,EDDH,1787116299.0,7,DLH,Lufthansa,True,DE,EU,Domestic,53.630402,9.98823,48.353802,11.7861,600.0198333228711
EDDM,departure,3c6667,DLH2X,EDDM,EDDB,1787116165.0,1787119160,EDDM,EDDB,1787116165.0,7,DLH,Lufthansa,True,DE,EU,Domestic,52.361738,13.502341,48.353802,11.7861,461.95813684339504
EDDM,departure,3c66a4,DLH3VR,EDDM,LSGG,1787115987.0,1787118933,EDDM,LSGG,1787115987.0,7,DLH,Lufthansa,True,CH,EU,Europe,46.238098,6.10895,48.353802,11.7861,488.3333081603772
EDDM,departure,501c15,CFG8EK,EDDM,EDDM,1787115866.0,1787149043,EDDM,EDDM,1787115866.0,7,CFG,Condor Flugdienst,False,DE,EU,Domestic,48.353802,11.7861,48.353802,11.7861,0.0
EDDM,departure,3003ae,DLA8268,EDDM,LIMC,1787115723.0,1787118765,EDDM,LIMC,1787115723.0,7,DLA,Air Dolomiti,True,IT,EU,Europe,45.6306,8.72811,48.353802,11.7861,381.35803391926396
EDDM,departure,39bda0,AFR73XZ,EDDM,LFPG,1787115605.0,1787119960,EDDM,LFPG,1787115605.0,7,AFR,Air France,False,FR,EU,Europe,49.00896,2.554117,48.353802,11.7861,681.24944036537
EDDM,departure,3c6441,DLH9TT,EDDM,EDDV,1787115293.0,1787118291,EDDM,EDDV,1787115293.0,6,DLH,Lufthansa,True,DE,EU,Domestic,52.461102,9.68508,48.353802,11.7861,480.3139277522467
EDDM,departure,44cdd1,BEL2654,EDDM,EBBR,1787115170.0,1787118818,EDDM,EBBR,1787115170.0,6,BEL,Brussels Airlines,True,BE,EU,Europe,50.901402,4.48444,48.353802,11.7861,596.9780711668509
EDDM,departure,452126,CFG6UE,EDDM,LEPA,1787115110.0,1787121504,EDDM,LEPA,1787115110.0,6,CFG,Condor Flugdienst,False,ES,EU,Europe,39.551701,2.73881,48.353802,11.7861,1215.7448490597253
EDDM,departure,3c644d,LHX8VV,EDDM,EDDK,1787115094.0,1787118379,EDDM,EDDK,1787115094.0,6,LHX,Other / unmatched,False,DE,EU,Domestic,50.865898,7.14274,48.353802,11.7861,435.70033074990323
EDDM,departure,3c48eb,LHX1888,EDDM,,1787114815.0,1787118500,EDDM,,1787114815.0,6,LHX,Other / unmatched,False,,,unknown,,,48.353802,11.7861,
EDDM,departure,502d24,DLH05M,EDDM,LFMN,1787114669.0,1787118779,EDDM,LFMN,1787114669.0,6,DLH,Lufthansa,True,FR,EU,Europe,43.658401,7.21587,48.353802,11.7861,629.9664294216898
EDDM,departure,3c7877,CFG5LA,EDDM,LICA,1787114318.0,1787119611,EDDM,LICA,1787114318.0,6,CFG,Condor Flugdienst,False,IT,EU,Europe,38.906214,16.246007,48.353802,11.7861,1109.6512041734875
EDDM,departure,3c6429,CFG5EH,EDDM,LGRP,1787113826.0,1787122001,EDDM,LGRP,1787113826.0,6,CFG,Condor Flugdienst,False,GR,AS,Intercontinental,36.405399,28.086201,48.353802,11.7861,1878.6917153155403
EDDM,departure,3c6548,LHX94M,EDDM,LEBL,1787113750.0,1787119948,EDDM,LEBL,1787113750.0,6,LHX,Other / unmatched,False,ES,EU,Europe,41.2971,2.07846,48.353802,11.7861,1094.6300447813323
EDDM,departure,440d92,TAY7SR,EDDM,,1787113682.0,1787117061,EDDM,,1787113682.0,6,TAY,TNT Airways,False,,,unknown,,,48.353802,11.7861,
EDDM,departure,3c65d4,DLH6VT,EDDM,EKCH,1787113585.0,1787118009,EDDM,EKCH,1787113585.0,6,DLH,Lufthansa,True,DK,EU,Europe,55.617900848389,12.656000137329,48.353802,11.7861,809.9072697989837
EDDM,departure,3c49b1,TUI87W,EDDM,,1787113461.0,1787120795,EDDM,,1787113461.0,6,TUI,Tuninter,False,,,unknown,,,48.353802,11.7861,
EDDM,departure,3c66e6,OCN29K,EDDM,,1787113373.0,1787120077,EDDM,,1787113373.0,6,OCN,Discover Airlines,True,,,unknown,,,48.353802,11.7861,
EDDM,departure,4952d1,TAP557H,EDDM,LPPT,1787113060.0,1787123029,EDDM,LPPT,1787113060.0,6,TAP,TAP Portugal,False,PT,EU,Europe,38.7813,-9.13592,48.353802,11.7861,1983.6093755737668
EDDM,departure,3c648e,DLH1EM,EDDM,LHDC,1787112974.0,1787116728,EDDM,LHDC,1787112974.0,6,DLH,Lufthansa,True,HU,EU,Europe,47.489469,21.616278,48.353802,11.7861,738.2687697204744
EDDM,departure,3c0caa,TUI50K,EDDM,LGKO,1787112894.0,1787120705,EDDM,LGKO,1787112894.0,6,TUI,Tuninter,False,GR,AS,Intercontinental,36.794523,27.09115,48.353802,11.7861,1788.72814631863
EDDM,departure,3c7439,TUI5PJ,EDDM,,1787112817.0,1787119576,EDDM,,1787112817.0,6,TUI,Tuninter,False,,,unknown,,,48.353802,11.7861,
EDDM,departure,45211e,CFG5AD,EDDM,LGKO,1787112731.0,1787120540,EDDM,LGKO,1787112731.0,6,CFG,Condor Flugdienst,False,GR,AS,Intercontinental,36.794523,27.09115,48.353802,11.7861,1788.72814631863
EDDM,departure,45ce55,SRR6118,EDDM,LGAV,1787112586.0,1787119429,EDDM,LGAV,1787112586.0,6,SRR,Star Air,False,GR,EU,Europe,37.936401,23.9445,48.353802,11.7861,1517.678423211962
EDDM,departure,3c088d,CFG6XT,EDDM,LGSA,1787112513.0,1787120787,EDDM,LGSA,1787112513.0,6,CFG,Condor Flugdienst,False,GR,EU,Europe,35.531207,24.150673,48.353802,11.7861,1749.843033315056
EDDM,departure,3c79b7,CFG9CV,EDDM,LEPA,1787112429.0,1787118461,EDDM,LEPA,1787112429.0,6,CFG,Condor Flugdienst,False,ES,EU,Europe,39.551701,2.73881,48.353802,11.7861,1215.7448490597253
EDDM,departure,3c66e5,OCN6JR,EDDM,LEPA,1787112183.0,1787118174,EDDM,LEPA,1787112183.0,6,OCN,Discover Airlines,True,ES,EU,Europe,39.551701,2.73881,48.353802,11.7861,1215.7448490597253
EDDM,departure,452113,CFG2WD,EDDM,,1787112073.0,1787116305,EDDM,,1787112073.0,6,CFG,Condor Flugdienst,False,,,unknown,,,48.353802,11.7861,
EDDM,arrival,501c15,CFG2FL,LEPA,EDDM,1787170388.0,1787176473,EDDM,LEPA,1787176473.0,23,CFG,Condor Flugdienst,False,ES,EU,Europe,39.551701,2.73881,48.353802,11.7861,1215.7448490597253
EDDM,arrival,3c6742,DLH2KK,EDDF,EDDM,1787173601.0,1787175772,EDDM,EDDF,1787175772.0,23,DLH,Lufthansa,True,DE,EU,Domestic,50.026706,8.55835,48.353802,11.7861,299.3253023081836
EDDM,arrival,4952ce,TAP556,LPPT,EDDM,1787165324.0,1787175009,EDDM,LPPT,1787175009.0,23,TAP,TAP Portugal,False,PT,EU,Europe,38.7813,-9.13592,48.353802,11.7861,1983.6093755737668
EDDM,arrival,3c49b1,TUI95G,,EDDM,1787162524.0,1787174338,EDDM,,1787174338.0,23,TUI,Tuninter,False,,,unknown,,,48.353802,11.7861,
EDDM,arrival,3c79b7,CFG9DP,LEPA,EDDM,1787167773.0,1787174194,EDDM,LEPA,1787174194.0,23,CFG,Condor Flugdienst,False,ES,EU,Europe,39.551701,2.73881,48.353802,11.7861,1215.7448490597253
EDDM,arrival,3dfa56,EDL1,,EDDM,1787172510.0,1787174087,EDDM,,1787174087.0,23,EDL,Polizeihubschrauberstaffel Bayern,False,,,unknown,,,48.353802,11.7861,
EDDM,arrival,3c0caa,TUI7H,,EDDM,1787161174.0,1787174041,EDDM,,1787174041.0,23,TUI,Tuninter,False,,,unknown,,,48.353802,11.7861,
EDDM,arrival,400a5b,BAW94DL,EGLL,EDDM,1787168836.0,1787173617,EDDM,EGLL,1787173617.0,23,BAW,British Airways,False,GB,EU,Europe,51.470748,-0.459909,48.353802,11.7861,941.4502219841752
EDDM,arrival,3c65d7,DLH3VT,EGLL,EDDM,1787168412.0,1787173249,EDDM,EGLL,1787173249.0,23,DLH,Lufthansa,True,GB,EU,Europe,51.470748,-0.459909,48.353802,11.7861,941.4502219841752
EDDM,arrival,3c09f2,LHX5E,EDDH,EDDM,1787169314.0,1787173020,EDDM,EDDH,1787173020.0,22,LHX,Other / unmatched,False,DE,EU,Domestic,53.630402,9.98823,48.353802,11.7861,600.0198333228711
EDDM,arrival,34368c,ANE1315,LEMD,EDDM,1787165356.0,1787172542,EDDM,LEMD,1787172542.0,22,ANE,Air Nostrum,False,ES,EU,Europe,40.493407,-3.572249,48.353802,11.7861,1496.0210543929695
EDDM,arrival,3cc247,AWH94A,EDDV,EDDM,1787169273.0,1787172402,EDDM,EDDV,1787172402.0,22,AWH,Other / unmatched,False,DE,EU,Domestic,52.461102,9.68508,48.353802,11.7861,480.3139277522467
EDDM,arrival,452113,CFG7CM,,EDDM,1787158200.0,1787172315,EDDM,,1787172315.0,22,CFG,Condor Flugdienst,False,,,unknown,,,48.353802,11.7861,
EDDM,arrival,3c7877,CFG4YV,,EDDM,1787168070.0,1787172236,EDDM,,1787172236.0,22,CFG,Condor Flugdienst,False,,,unknown,,,48.353802,11.7861,
EDDM,arrival,452126,CFG025,,EDDM,1787159132.0,1787172110,EDDM,,1787172110.0,22,CFG,Condor Flugdienst,False,,,unknown,,,48.353802,11.7861,
EDDM,arrival,4b028f,SWR1108,LSZH,EDDM,1787169690.0,1787172020,EDDM,LSZH,1787172020.0,22,SWR,Swiss,True,CH,EU,Europe,47.458056,8.548056,48.353802,11.7861,261.0790248574686
EDDM,arrival,3c66b5,OCN1411,LBWV,EDDM,1787164813.0,1787171896,EDDM,LBWV,1787171896.0,22,OCN,Discover Airlines,True,,,unknown,,,48.353802,11.7861,
EDDM,arrival,3c6429,CFG8VH,LGRP,EDDM,1787162353.0,1787171775,EDDM,LGRP,1787171775.0,22,CFG,Condor Flugdienst,False,GR,AS,Intercontinental,36.405399,28.086201,48.353802,11.7861,1878.6917153155403
EDDM,arrival,44d068,BEL2653,EBMB,EDDM,1787168423.0,1787171640,EDDM,EBMB,1787171640.0,22,BEL,Brussels Airlines,True,BE,EU,Europe,50.913419,4.491005,48.353802,11.7861,597.1393398635668
EDDM,arrival,48ad09,LOT355,EPWA,EDDM,1787166784.0,1787171321,EDDM,EPWA,1787171321.0,22,LOT,LOT Polish Airlines,False,PL,EU,Europe,52.165699,20.9671,48.353802,11.7861,777.3312420832704
EDDM,arrival,3c6481,DLH09F,LFPG,EDDM,1787167506.0,1787171121,EDDM,LFPG,1787171121.0,22,DLH,Lufthansa,True,FR,EU,Europe,49.00896,2.554117,48.353802,11.7861,681.24944036537
EDDM,arrival,484557,KLM53H,EHAM,EDDM,1787167050.0,1787170723,EDDM,EHAM,1787170723.0,22,KLM,KLM Royal Dutch Airlines,False,NL,EU,Europe,52.308601,4.76389,48.353802,11.7861,664.166274486877
EDDM,arrival,3c6521,LHX9JE,EHAM,EDDM,1787166630.0,1787170330,EDDM,EHAM,1787170330.0,22,LHX,Other / unmatched,False,NL,EU,Europe,52.308601,4.76389,48.353802,11.7861,664.166274486877
EDDM,arrival,3c65d2,DLH7CY,EGLL,EDDM,1787165351.0,1787170170,EDDM,EGLL,1787170170.0,22,DLH,Lufthansa,True,GB,EU,Europe,51.470748,-0.459909,48.353802,11.7861,941.4502219841752
EDDM,arrival,44a6e4,TAY6DN,EPGD,EDDM,1787165043.0,1787169973,EDDM,EPGD,1787169973.0,22,TAY,TNT Airways,False,PL,EU,Europe,54.377602,18.4662,48.353802,11.7861,813.9103280826937
EDDM,arrival,3c088d,CFG7YT,LGSA,EDDM,1787161334.0,1787169792,EDDM,LGSA,1787169792.0,22,CFG,Condor Flugdienst,False,GR,EU,Europe,35.531207,24.150673,48.353802,11.7861,1749.843033315056
EDDM,arrival,3c6581,DLH2185,EDXW,EDDM,1787165493.0,1787169725,EDDM,EDXW,1787169725.0,22,DLH,Lufthansa,True,DE,EU,Domestic,54.9132,8.34047,48.353802,11.7861,766.9211160410908
EDDM,arrival,45ce55,SRR6119,LGAV,EDDM,1787161695.0,1787169648,EDDM,LGAV,1787169648.0,22,SRR,Star Air,False,GR,EU,Europe,37.936401,23.9445,48.353802,11.7861,1517.678423211962
EDDM,arrival,440d92,TAY8SR,LRTR,EDDM,1787164882.0,1787169178,EDDM,LRTR,1787169178.0,21,TAY,TNT Airways,False,RO,EU,Europe,45.809898,21.3379,48.353802,11.7861,775.9307102700958
EDDM,arrival,45211e,CFG4VP,,EDDM,1787160945.0,1787169041,EDDM,,1787169041.0,21,CFG,Condor Flugdienst,False,,,unknown,,,48.353802,11.7861,
EDDM,arrival,3c496a,TUI1TX,LGRP,EDDM,1787159422.0,1787168919,EDDM,LGRP,1787168919.0,21,TUI,Tuninter,False,GR,AS,Intercontinental,36.405399,28.086201,48.353802,11.7861,1878.6917153155403
EDDM,arrival,3c48eb,LHX3KA,EDDW,EDDM,1787165077.0,1787168775,EDDM,EDDW,1787168775.0,21,LHX,Other / unmatched,False,DE,EU,Domestic,53.046786,8.78932,48.353802,11.7861,562.7750716084975
EDDM,arrival,300393,DLA6JL,LSGG,EDDM,1787165491.0,1787168361,EDDM,LSGG,1787168361.0,21,DLA,Air Dolomiti,True,CH,EU,Europe,46.238098,6.10895,48.353802,11.7861,488.3333081603772
EDDM,arrival,39bdb2,AFR48HP,LFPG,EDDM,1787164203.0,1787168212,EDDM,LFPG,1787168212.0,21,AFR,Air France,False,FR,EU,Europe,49.00896,2.554117,48.353802,11.7861,681.24944036537
EDDM,arrival,3c6522,LHX9VC,EGCC,EDDM,1787162258.0,1787168033,EDDM,EGCC,1787168033.0,21,LHX,Other / unmatched,False,GB,EU,Europe,53.349375,-2.279521,48.353802,11.7861,1130.1311120568162
EDDM,arrival,3d5fd0,DFINO,EBLG,EDDM,1787163229.0,1787167894,EDDM,EBLG,1787167894.0,21,DFI,Other / unmatched,False,BE,EU,Europe,50.638574,5.443897,48.353802,11.7861,523.5251533260163
EDDM,arrival,3c64a3,DLH681,LLBG,EDDM,1787155365.0,1787167713,EDDM,LLBG,1787167713.0,21,DLH,Lufthansa,True,IL,AS,Intercontinental,32.011398,34.8867,48.353802,11.7861,2655.012268878441
EDDM,arrival,3c66e4,OCN5C,LGKO,EDDM,1787158621.0,1787167610,EDDM,LGKO,1787167610.0,21,OCN,Discover Airlines,True,GR,AS,Intercontinental,36.794523,27.09115,48.353802,11.7861,1788.72814631863
EDDM,arrival,3c65d1,DLH7HV,EDDL,EDDM,1787164771.0,1787167532,EDDM,EDDL,1787167532.0,21,DLH,Lufthansa,True,DE,EU,Domestic,51.289501,6.76678,48.353802,11.7861,485.82278259661393
EDDM,arrival,3c666b,DLH1835,LEMG,EDDM,1787158930.0,1787167399,EDDM,LEMG,1787167399.0,21,DLH,Lufthansa,True,ES,EU,Europe,36.6749,-4.49911,48.353802,11.7861,1854.9441824391502
EDDM,arrival,502d28,BTI42K,EYVI,EDDM,1787160079.0,1787167244,EDDM,EYVI,1787167244.0,21,BTI,Air Baltic,False,LT,EU,Europe,54.634102,25.285801,48.353802,11.7861,1163.4519742959883
EDDM,arrival,4074b2,EZY95XT,EGCC,EDDM,1787161470.0,1787167108,EDDM,EGCC,1787167108.0,21,EZY,easyJet,False,GB,EU,Europe,53.349375,-2.279521,48.353802,11.7861,1130.1311120568162
EDDM,arrival,3c0bd2,DATMJ,,EDDM,1787162667.0,1787166851,EDDM,,1787166851.0,21,DAT,Brussels Airlines,False,,,unknown,,,48.353802,11.7861,
EDDM,arrival,4baa84,THY4CW,,EDDM,1787159130.0,1787166753,EDDM,,1787166753.0,21,THY,Turkish Airlines,False,,,unknown,,,48.353802,11.7861,
EDDM,arrival,3c6484,DLH4M,EDDH,EDDM,1787162951.0,1787166631,EDDM,EDDH,1787166631.0,21,DLH,Lufthansa,True,DE,EU,Domestic,53.630402,9.98823,48.353802,11.7861,600.0198333228711
EDDM,arrival,3c6441,DLH8EL,EDDK,EDDM,1787164131.0,1787166538,EDDM,EDDK,1787166538.0,21,DLH,Lufthansa,True,DE,EU,Domestic,50.865898,7.14274,48.353802,11.7861,435.70033074990323
EDDM,arrival,3cf42d,EUL3T,LEVC,EDDM,1787158925.0,1787166401,EDDM,LEVC,1787166401.0,21,EUL,Other / unmatched,False,ES,EU,Europe,39.489162,-0.480961,48.353802,11.7861,1388.4707886307121
EDDM,arrival,3c6498,DLH6AN,EDDV,EDDM,1787163154.0,1787166268,EDDM,EDDV,1787166268.0,21,DLH,Lufthansa,True,DE,EU,Domestic,52.461102,9.68508,48.353802,11.7861,480.3139277522467
EDDM,arrival,3c6523,LHX1TW,EIDW,EDDM,1787159460.0,1787166148,EDDM,EIDW,1787166148.0,21,LHX,Other / unmatched,False,IE,EU,Europe,53.428713,-6.262121,48.353802,11.7861,1381.0178749074084
EDDM,arrival,3c6676,DLH03W,,EDDM,1787160241.0,1787166077,EDDM,,1787166077.0,21,DLH,Lufthansa,True,,,unknown,,,48.353802,11.7861,
EDDM,arrival,3c6483,DLH7EC,EDDF,EDDM,1787163741.0,1787165951,EDDM,EDDF,1787165951.0,20,DLH,Lufthansa,True,DE,EU,Domestic,50.026706,8.55835,48.353802,11.7861,299.3253023081836
EDDM,arrival,3c6750,DLH8PN,ENGM,EDDM,1787158565.0,1787165849,EDDM,ENGM,1787165849.0,20,DLH,Lufthansa,True,NO,EU,Europe,60.193901,11.1004,48.353802,11.7861,1317.2932288251484
EDDM,arrival,4d00d9,LGL9737,ELLX,EDDM,1787162696.0,1787165817,EDDM,ELLX,1787165817.0,20,LGL,Luxair,False,LU,EU,Europe,49.626845,6.212134,48.353802,11.7861,430.5074864498392
EDDM,arrival,3c64aa,DLH2ET,EGPH,EDDM,1787159071.0,1787165693,EDDM,EGPH,1787165693.0,20,DLH,Lufthansa,True,GB,EU,Europe,55.950145,-3.372288,48.353802,11.7861,1330.3341934432206
EDDM,arrival,3c65d5,DLH2MW,EGLL,EDDM,1787160683.0,1787165602,EDDM,EGLL,1787165602.0,20,DLH,Lufthansa,True,GB,EU,Europe,51.470748,-0.459909,48.353802,11.7861,941.4502219841752
EDDM,arrival,3c66a3,DLH1XN,EDDB,EDDM,1787162272.0,1787165455,EDDM,EDDB,1787165455.0,20,DLH,Lufthansa,True,DE,EU,Domestic,52.361738,13.502341,48.353802,11.7861,461.95813684339504
EDDM,arrival,3c66a5,DLH2RJ,LGAV,EDDM,1787157750.0,1787165414,EDDM,LGAV,1787165414.0,20,DLH,Lufthansa,True,GR,EU,Europe,37.936401,23.9445,48.353802,11.7861,1517.678423211962
EDDM,arrival,3c6548,LHX4YP,EKCH,EDDM,1787160680.0,1787165318,EDDM,EKCH,1787165318.0,20,LHX,Other / unmatched,False,DK,EU,Europe,55.617900848389,12.656000137329,48.353802,11.7861,809.9072697989837
EDDM,arrival,440666,AUA189,LOWW,EDDM,1787162957.0,1787165288,EDDM,LOWW,1787165288.0,20,AUA,Austrian,True,AT,EU,Europe,48.110298,16.5697,48.353802,11.7861,355.28949987483753
EDDM,arrival,3c6759,DLH8KM,EGBB,EDDM,1787160091.0,1787165209,EDDM,EGBB,1787165209.0,20,DLH,Lufthansa,True,GB,EU,Europe,52.453899,-1.74803,48.353802,11.7861,1059.8395459808426
EDDM,arrival,3c6667,DLH39T,LFRS,EDDM,1787160003.0,1787165099,EDDM,LFRS,1787165099.0,20,DLH,Lufthansa,True,FR,EU,Europe,47.153198,-1.61073,48.353802,11.7861,1009.0626510014499
EDDM,arrival,3c66af,DLH8RV,EDDL,EDDM,1787162125.0,1787164977,EDDM,EDDL,1787164977.0,20,DLH,Lufthansa,True,DE,EU,Domestic,51.289501,6.76678,48.353802,11.7861,485.82278259661393
EDDM,arrival,3c66e2,OCN79D,,EDDM,1787156674.0,1787164969,EDDM,,1787164969.0,20,OCN,Discover Airlines,True,,,unknown,,,48.353802,11.7861,
EDDM,arrival,3c66a7,DLH36M,LEMD,EDDM,1787157817.0,1787164880,EDDM,LEMD,1787164880.0,20,DLH,Lufthansa,True,ES,EU,Europe,40.493407,-3.572249,48.353802,11.7861,1496.0210543929695
EDDM,arrival,502d24,DLH05U,LEBL,EDDM,1787158951.0,1787164826,EDDM,LEBL,1787164826.0,20,DLH,Lufthansa,True,ES,EU,Europe,41.2971,2.07846,48.353802,11.7861,1094.6300447813323
EDDM,arrival,3c66ad,DLH1721,,EDDM,1787161791.0,1787164740,EDDM,,1787164740.0,20,DLH,Lufthansa,True,,,unknown,,,48.353802,11.7861,
EDDM,arrival,44ce79,BEL4HU,EBMB,EDDM,1787161170.0,1787164584,EDDM,EBMB,1787164584.0,20,BEL,Brussels Airlines,True,BE,EU,Europe,50.913419,4.491005,48.353802,11.7861,597.1393398635668
EDDM,arrival,3c6585,DLH1EP,EDDC,EDDM,1787162118.0,1787164404,EDDM,EDDC,1787164404.0,20,DLH,Lufthansa,True,DE,EU,Domestic,51.134123,13.767831,48.353802,11.7861,340.34305632241814
EDDM,arrival,3c66e5,OCN424H,LCLK,EDDM,1787152410.0,1787164370,EDDM,LCLK,1787164370.0,20,OCN,Discover Airlines,True,CY,AS,Intercontinental,34.875099,33.624901,48.353802,11.7861,2339.51812595161
EDDM,arrival,3c6524,LHX5NH,LIRF,EDDM,1787160030.0,1787164235,EDDM,LIRF,1787164235.0,20,LHX,Other / unmatched,False,IT,EU,Europe,41.804532,12.251998,48.353802,11.7861,729.1597800937259
EDDM,arrival,3c65d0,DLH69H,LEAL,EDDM,1787157190.0,1787164168,EDDM,LEAL,1787164168.0,20,DLH,Lufthansa,True,ES,EU,Europe,38.2822,-0.558156,48.353802,11.7861,1496.7518226284942
EDDM,arrival,502d7c,BTI78F,EETN,EDDM,1787155700.0,1787164139,EDDM,EETN,1787164139.0,20,BTI,Air Baltic,False,EE,EU,Europe,59.413246,24.83264,48.353802,11.7861,1492.0889248943067
EDDM,arrival,3c65d4,DLH1LY,LROP,EDDM,1787157602.0,1787164070,EDDM,LROP,1787164070.0,20,DLH,Lufthansa,True,RO,EU,Europe,44.571792,26.103285,48.353802,11.7861,1172.273078026738
EDDM,arrival,407573,EZY2929,EGGD,EDDM,1787158367.0,1787163986,EDDM,EGGD,1787163986.0,20,EZY,easyJet,False,GB,EU,Europe,51.382326,-2.716453,48.353802,11.7861,1090.4517536883948
EDDM,arrival,3c6643,DLH8UC,,EDDM,1787157861.0,1787163952,EDDM,,1787163952.0,20,DLH,Lufthansa,True,,,unknown,,,48.353802,11.7861,
EDDM,arrival,3c6549,LHX4KK,ESGG,EDDM,1787158363.0,1787163909,EDDM,ESGG,1787163909.0,20,LHX,Other / unmatched,False,SE,EU,Europe,57.6628,12.2798,48.353802,11.7861,1035.6329475559055
EDDM,arrival,89617b,UAE1DM,,EDDM,1787142102.0,1787163822,EDDM,,1787163822.0,20,UAE,Emirates,False,,,unknown,,,48.353802,11.7861,
EDDM,arrival,502d0c,DLH5PR,ESSA,EDDM,1787156791.0,1787163768,EDDM,ESSA,1787163768.0,20,DLH,Lufthansa,True,SE,EU,Europe,59.64849,17.928829,48.353802,11.7861,1317.1539995726077
EDDM,arrival,3c64a7,DLH9M,EDDH,EDDM,1787160386.0,1787163681,EDDM,EDDH,1787163681.0,20,DLH,Lufthansa,True,DE,EU,Domestic,53.630402,9.98823,48.353802,11.7861,600.0198333228711
EDDM,arrival,3c66e3,OCN7YP,LEPA,EDDM,1787157634.0,1787163576,EDDM,LEPA,1787163576.0,20,OCN,Discover Airlines,True,ES,EU,Europe,39.551701,2.73881,48.353802,11.7861,1215.7448490597253
EDDM,arrival,3c6497,DLH7XA,,EDDM,1787158938.0,1787163406,EDDM,,1787163406.0,20,DLH,Lufthansa,True,,,unknown,,,48.353802,11.7861,
EDDM,arrival,4d2006,EWG1WJ,EDDL,EDDM,1787160548.0,1787163313,EDDM,EDDL,1787163313.0,20,EWG,Eurowings,True,DE,EU,Domestic,51.289501,6.76678,48.353802,11.7861,485.82278259661393
EDDM,arrival,3c6677,DLH8AJ,LICJ,EDDM,1787157833.0,1787163226,EDDM,LICJ,1787163226.0,20,DLH,Lufthansa,True,IT,EU,Europe,38.175999,13.091,48.353802,11.7861,1136.594211104111
EDDM,arrival,3c48f0,LHX2619,EGJJ,EDDM,1787157844.0,1787163173,EDDM,EGJJ,1787163173.0,20,LHX,Other / unmatched,False,JE,EU,Europe,49.207901,-2.19551,48.353802,11.7861,1027.3561780504315
EDDM,arrival,4b1618,SWR7PE,LSZH,EDDM,1787160339.0,1787163086,EDDM,LSZH,1787163086.0,20,SWR,Swiss,True,CH,EU,Europe,47.458056,8.548056,48.353802,11.7861,261.0790248574686
EDDM,arrival,344409,VLG5DJ,LEBL,EDDM,1787157067.0,1787162908,EDDM,LEBL,1787162908.0,20,VLG,Vueling Airlines,False,ES,EU,Europe,41.2971,2.07846,48.353802,11.7861,1094.6300447813323
EDDM,arrival,706071,KAC171,EDDF,EDDM,1787160558.0,1787162622,EDDM,EDDF,1787162622.0,20,KAC,Kuwait Airways,False,DE,EU,Domestic,50.026706,8.55835,48.353802,11.7861,299.3253023081836
EDDM,arrival,3c66a2,DLH2221,LFBO,EDDM,1787157607.0,1787162276,EDDM,LFBO,1787162276.0,19,DLH,Lufthansa,True,FR,EU,Europe,43.629101,1.36382,48.353802,11.7861,960.1176855029028
EDDM,arrival,3c6752,DLH5MX,EDDF,EDDM,1787159996.0,1787162129,EDDM,EDDF,1787162129.0,19,DLH,Lufthansa,True,DE,EU,Domestic,50.026706,8.55835,48.353802,11.7861,299.3253023081836
EDDM,arrival,8966c4,ETD67B,,EDDM,1787144496.0,1787162097,EDDM,,1787162097.0,19,ETD,Etihad Airways,False,,,unknown,,,48.353802,11.7861,
EDDM,arrival,3c5eec,EWG3JM,EDDH,EDDM,1787158311.0,1787162008,EDDM,EDDH,1787162008.0,19,EWG,Eurowings,True,DE,EU,Domestic,53.630402,9.98823,48.353802,11.7861,600.0198333228711
EDDM,arrival,3c64a1,DLH48H,LPFR,EDDM,1787152801.0,1787161918,EDDM,LPFR,1787161918.0,19,DLH,Lufthansa,True,PT,EU,Europe,37.015909,-7.970939,48.353802,11.7861,2038.4145011587152
EDDM,arrival,3c5eea,EWG84P,EDDK,EDDM,1787158939.0,1787161836,EDDM,EDDK,1787161836.0,19,EWG,Eurowings,True,DE,EU,Domestic,50.865898,7.14274,48.353802,11.7861,435.70033074990323
EDDM,arrival,4cad7e,EIN3LK,EIDW,EDDM,1787155178.0,1787161737,EDDM,EIDW,1787161737.0,19,EIN,Aer Lingus,False,IE,EU,Europe,53.428713,-6.262121,48.353802,11.7861,1381.0178749074084
EDDM,arrival,3c48e8,LHX5LJ,,EDDM,1787157445.0,1787161649,EDDM,,1787161649.0,19,LHX,Other / unmatched,False,,,unknown,,,48.353802,11.7861,
EDDM,arrival,4c0262,ASL342,LYBE,EDDM,1787156520.0,1787161123,EDDM,LYBE,1787161123.0,19,ASL,Air Serbia,False,RS,EU,Europe,44.818401,20.309099,48.353802,11.7861,760.1143374277194
EDDM,arrival,300a7b,DLH3CH,,EDDM,1787156243.0,1787161062,EDDM,,1787161062.0,19,DLH,Lufthansa,True,,,unknown,,,48.353802,11.7861,
EDDM,arrival,3c6652,DLH88E,LFML,EDDM,1787156417.0,1787160987,EDDM,LFML,1787160987.0,19,DLH,Lufthansa,True,FR,EU,Europe,43.438088,5.2125,48.353802,11.7861,746.1588906600581
EDDM,arrival,45ac33,SAS2657,EKCH,EDDM,1787156344.0,1787160927,EDDM,EKCH,1787160927.0,19,SAS,Scandinavian Airlines System,False,DK,EU,Europe,55.617900848389,12.656000137329,48.353802,11.7861,809.9072697989837
EDDM,arrival,501dd1,CTN436,LDZB,EDDM,1787157503.0,1787160917,EDDM,LDZB,1787160917.0,19,CTN,Croatia Airlines,False,HR,EU,Europe,45.647499,16.124399,48.353802,11.7861,445.7289063665288
EDDM,arrival,3c670b,DLH579,FAOR,EDDM,1787124900.0,1787160772,EDDM,FAOR,1787160772.0,19,DLH,Lufthansa,True,ZA,AF,Intercontinental,-26.140081,28.246801,48.353802,11.7861,8444.45172945385
EDDM,arrival,3c6718,DLH723,,EDDM,1787146399.0,1787160749,EDDM,,1787160749.0,19,DLH,Lufthansa,True,,,unknown,,,48.353802,11.7861,
EDDM,arrival,3c65cf,DLH7E,EDDH,EDDM,1787157122.0,1787160678,EDDM,EDDH,1787160678.0,19,DLH,Lufthansa,True,DE,EU,Domestic,53.630402,9.98823,48.353802,11.7861,600.0198333228711
EDDM,arrival,3dfa5c,EDL7,LOWS,EDDM,1787158701.0,1787160666,EDDM,LOWS,1787160666.0,19,EDL,Polizeihubschrauberstaffel Bayern,False,AT,EU,Europe,47.793301,13.0043,48.353802,11.7861,109.8903616567258
EDDM,arrival,3c66e6,OCN3TG,,EDDM,1787151941.0,1787160641,EDDM,,1787160641.0,19,OCN,Discover Airlines,True,,,unknown,,,48.353802,11.7861,
EDDM,arrival,3c66a6,DLH8WF,EDDB,EDDM,1787157632.0,1787160599,EDDM,EDDB,1787160599.0,19,DLH,Lufthansa,True,DE,EU,Domestic,52.361738,13.502341,48.353802,11.7861,461.95813684339504
EDDM,arrival,3c6648,DLH08X,LFPG,EDDM,1787156858.0,1787160471,EDDM,LFPG,1787160471.0,19,DLH,Lufthansa,True,FR,EU,Europe,49.00896,2.554117,48.353802,11.7861,681.24944036537
EDDM,arrival,4692cc,AEE3SA,LGTS,EDDM,1787153652.0,1787160114,EDDM,LGTS,1787160114.0,19,AEE,Aegean Airlines,False,GR,EU,Europe,40.51928,22.970009,48.353802,11.7861,1241.5247714636366
EDDM,arrival,300394,DLH3PL,LIML,EDDM,1787157376.0,1787159870,EDDM,LIML,1787159870.0,19,DLH,Lufthansa,True,IT,EU,Europe,45.445099,9.27674,48.353802,11.7861,375.39368090603205
EDDM,arrival,495293,TAP554M,LPPT,EDDM,1787150257.0,1787159729,EDDM,LPPT,1787159729.0,19,TAP,TAP Portugal,False,PT,EU,Europe,38.7813,-9.13592,48.353802,11.7861,1983.6093755737668
EDDM,arrival,3c65cc,DLH7VY,EGLL,EDDM,1787154512.0,1787159622,EDDM,EGLL,1787159622.0,19,DLH,Lufthansa,True,GB,EU,Europe,51.470748,-0.459909,48.353802,11.7861,941.4502219841752
EDDM,arrival,738068,ELY351,LLBG,EDDM,1787146897.0,1787159546,EDDM,LLBG,1787159546.0,19,ELY,El Al Israel Airlines,False,IL,AS,Intercontinental,32.011398,34.8867,48.353802,11.7861,2655.012268878441
EDDM,arrival,502d5f,BTI8BX,EVRA,EDDM,1787152384.0,1787159426,EDDM,EVRA,1787159426.0,19,BTI,Air Baltic,False,LV,EU,Europe,56.920752,23.970711,48.353802,11.7861,1254.6428788634457
EDDM,arrival,3c674e,DLH04J,LFMN,EDDM,1787155885.0,1787159286,EDDM,LFMN,1787159286.0,19,DLH,Lufthansa,True,FR,EU,Europe,43.658401,7.21587,48.353802,11.7861,629.9664294216898
EDDM,arrival,3c64a8,DLH3AK,,EDDM,1787155309.0,1787159165,EDDM,,1787159165.0,19,DLH,Lufthansa,True,,,unknown,,,48.353802,11.7861,
EDDM,arrival,501e45,JSY3C,,EDDM,1787149159.0,1787159046,EDDM,,1787159046.0,19,JSY,Other / unmatched,False,,,unknown,,,48.353802,11.7861,
EDDM,arrival,3c658b,DLH3YE,EDDK,EDDM,1787156074.0,1787159005,EDDM,EDDK,1787159005.0,19,DLH,Lufthansa,True,DE,EU,Domestic,50.865898,7.14274,48.353802,11.7861,435.70033074990323
EDDM,arrival,3c65cb,DLH7NM,LHBP,EDDM,1787155680.0,1787158919,EDDM,LHBP,1787158919.0,19,DLH,Lufthansa,True,HU,EU,Europe,47.43018,19.262393,48.353802,11.7861,566.5693471360726
EDDM,arrival,3c09f2,LHX4EL,EKCH,EDDM,1787154334.0,1787158859,EDDM,EKCH,1787158859.0,19,LHX,Other / unmatched,False,DK,EU,Europe,55.617900848389,12.656000137329,48.353802,11.7861,809.9072697989837
EDDM,arrival,3453d3,ANE55UZ,LEMD,EDDM,1787151630.0,1787158761,EDDM,LEMD,1787158761.0,18,ANE,Air Nostrum,False,ES,EU,Europe,40.493407,-3.572249,48.353802,11.7861,1496.0210543929695
EDDM,arrival,4d20e7,VJT474,,EDDM,1787148785.0,1787158758,EDDM,,1787158758.0,18,VJT,Vistajet,False,,,unknown,,,48.353802,11.7861,
EDDM,arrival,3c6742,DLH6RX,EDDF,EDDM,1787156550.0,1787158647,EDDM,EDDF,1787158647.0,18,DLH,Lufthansa,True,DE,EU,Domestic,50.026706,8.55835,48.353802,11.7861,299.3253023081836
EDDM,arrival,3c66a4,DLH66Y,LFLL,EDDM,1787155189.0,1787158518,EDDM,LFLL,1787158518.0,18,DLH,Lufthansa,True,FR,EU,Europe,45.725996,5.090139,48.353802,11.7861,585.2212800178779
EDDM,arrival,3c6653,DLH2AF,LYBE,EDDM,1787154274.0,1787158379,EDDM,LYBE,1787158379.0,18,DLH,Lufthansa,True,RS,EU,Europe,44.818401,20.309099,48.353802,11.7861,760.1143374277194
EDDM,arrival,3c64a9,DLH01A,LPPT,EDDM,1787149457.0,1787158215,EDDM,LPPT,1787158215.0,18,DLH,Lufthansa,True,PT,EU,Europe,38.7813,-9.13592,48.353802,11.7861,1983.6093755737668
EDDM,arrival,48ada2,LOT3AN,EPWA,EDDM,1787153344.0,1787157808,EDDM,EPWA,1787157808.0,18,LOT,LOT Polish Airlines,False,PL,EU,Europe,52.165699,20.9671,48.353802,11.7861,777.3312420832704
EDDM,arrival,44081d,AUA187,LOWW,EDDM,1787155176.0,1787157567,EDDM,LOWW,1787157567.0,18,AUA,Austrian,True,AT,EU,Europe,48.110298,16.5697,48.353802,11.7861,355.28949987483753
EDDM,arrival,3c6655,DLH1PX,EDDV,EDDM,1787154366.0,1787157326,EDDM,EDDV,1787157326.0,18,DLH,Lufthansa,True,DE,EU,Domestic,52.461102,9.68508,48.353802,11.7861,480.3139277522467
EDDM,arrival,4bc8c7,PGT69TD,,EDDM,1787148723.0,1787157172,EDDM,,1787157172.0,18,PGT,Pegasus Airlines,False,,,unknown,,,48.353802,11.7861,
EDDM,arrival,300558,DLA5XM,LIMF,EDDM,1787154051.0,1787157037,EDDM,LIMF,1787157037.0,18,DLA,Air Dolomiti,True,IT,EU,Europe,45.200802,7.64963,48.353802,11.7861,471.1756296930028
EDDM,arrival,3c658c,DLH3UV,EDDG,EDDM,1787153844.0,1787156918,EDDM,EDDG,1787156918.0,18,DLH,Lufthansa,True,DE,EU,Domestic,52.133816,7.688482,48.353802,11.7861,511.262067139501
EDDM,arrival,3003ad,DLA8VT,LIRQ,EDDM,1787153712.0,1787156901,EDDM,LIRQ,1787156901.0,18,DLA,Air Dolomiti,True,IT,EU,Europe,43.808558,11.202822,48.353802,11.7861,507.40191846154414
EDDM,arrival,3c66a8,DLH9AC,,EDDM,1787152985.0,1787156789,EDDM,,1787156789.0,18,DLH,Lufthansa,True,,,unknown,,,48.353802,11.7861,
EDDM,arrival,4d2338,TAR542,,EDDM,1787151139.0,1787156665,EDDM,,1787156665.0,18,TAR,Tunisair,False,,,unknown,,,48.353802,11.7861,
EDDM,arrival,3c64a5,DLH1CN,,EDDM,1787153645.0,1787156660,EDDM,,1787156660.0,18,DLH,Lufthansa,True,,,unknown,,,48.353802,11.7861,
EDDM,arrival,3c66ab,DLH6TU,LIMC,EDDM,1787153979.0,1787156549,EDDM,LIMC,1787156549.0,18,DLH,Lufthansa,True,IT,EU,Europe,45.6306,8.72811,48.353802,11.7861,381.35803391926396
EDDM,arrival,3c6447,DLH9XV,EPWA,EDDM,1787151972.0,1787156519,EDDM,EPWA,1787156519.0,18,DLH,Lufthansa,True,PL,EU,Europe,52.165699,20.9671,48.353802,11.7861,777.3312420832704
EDDM,arrival,3ff5ee,DMSCK,,EDDM,1787151694.0,1787156478,EDDM,,1787156478.0,18,DMS,Other / unmatched,False,,,unknown,,,48.353802,11.7861,
EDDM,arrival,4bb283,THY1UP,,EDDM,1787148872.0,1787156416,EDDM,,1787156416.0,18,THY,Turkish Airlines,False,,,unknown,,,48.353802,11.7861,
EDDM,arrival,3c66b0,DLH5AH,EHAM,EDDM,1787152839.0,1787156299,EDDM,EHAM,1787156299.0,18,DLH,Lufthansa,True,NL,EU,Europe,52.308601,4.76389,48.353802,11.7861,664.166274486877
EDDM,arrival,3c65c5,DLH8NK,EDDF,EDDM,1787154181.0,1787156205,EDDM,EDDF,1787156205.0,18,DLH,Lufthansa,True,DE,EU,Domestic,50.026706,8.55835,48.353802,11.7861,299.3253023081836
EDDM,arrival,3003ae,DLA2KX,LIPY,EDDM,1787152748.0,1787156121,EDDM,LIPY,1787156121.0,18,DLA,Air Dolomiti,True,IT,EU,Europe,43.616299,13.3623,48.353802,11.7861,540.6465366103245
EDDM,arrival,3c6486,DLH1687,LHDC,EDDM,1787151669.0,1787156006,EDDM,LHDC,1787156006.0,18,DLH,Lufthansa,True,HU,EU,Europe,47.489469,21.616278,48.353802,11.7861,738.2687697204744
EDDM,arrival,300393,DLA8LL,LIPZ,EDDM,1787153160.0,1787155887,EDDM,LIPZ,1787155887.0,18,DLA,Air Dolomiti,True,IT,EU,Europe,45.505299,12.3519,48.353802,11.7861,319.6370516473726
EDDM,arrival,3c48eb,LHX2YC,EDDL,EDDM,1787153066.0,1787155739,EDDM,EDDL,1787155739.0,18,LHX,Other / unmatched,False,DE,EU,Domestic,51.289501,6.76678,48.353802,11.7861,485.82278259661393
EDDM,arrival,400935,BAW936D,EGLL,EDDM,1787150887.0,1787155486,EDDM,EGLL,1787155486.0,18,BAW,British Airways,False,GB,EU,Europe,51.470748,-0.459909,48.353802,11.7861,941.4502219841752
EDDM,arrival,3c6442,DLH1723,LDPL,EDDM,1787152946.0,1787155486,EDDM,LDPL,1787155486.0,18,DLH,Lufthansa,True,HR,EU,Europe,44.893501,13.9222,48.353802,11.7861,417.8758704690821
EDDM,arrival,4bccb5,SXS5TA,LTAI,EDDM,1787144543.0,1787155342,EDDM,LTAI,1787155342.0,18,SXS,SunExpress,False,TR,AS,Intercontinental,36.898701,30.800501,48.353802,11.7861,2000.932273238901
EDDM,arrival,3c644d,LHX1RV,EDDB,EDDM,1787152530.0,1787155309,EDDM,EDDB,1787155309.0,18,LHX,Other / unmatched,False,DE,EU,Domestic,52.361738,13.502341,48.353802,11.7861,461.95813684339504
EDDM,arrival,300554,DLA1WT,EPKK,EDDM,1787151153.0,1787155138,EDDM,EPKK,1787155138.0,17,DLA,Air Dolomiti,True,PL,EU,Europe,50.077702,19.7848,48.353802,11.7861,611.4215212873963
EDDM,arrival,4b161a,SWR5BP,LSZH,EDDM,1787152206.0,1787155109,EDDM,LSZH,1787155109.0,17,SWR,Swiss,True,CH,EU,Europe,47.458056,8.548056,48.353802,11.7861,261.0790248574686
EDDM,arrival,3c66ac,DLH7HF,EDDW,EDDM,1787151750.0,1787154938,EDDM,EDDW,1787154938.0,17,DLH,Lufthansa,True,DE,EU,Domestic,53.046786,8.78932,48.353802,11.7861,562.7750716084975
EDDM,arrival,4cada8,ITY436,LIRF,EDDM,1787151101.0,1787154936,EDDM,LIRF,1787154936.0,17,ITY,ITA Airways,False,IT,EU,Europe,41.804532,12.251998,48.353802,11.7861,729.1597800937259
EDDM,arrival,3c7877,CFG6HW,LEPA,EDDM,1787148863.0,1787154772,EDDM,LEPA,1787154772.0,17,CFG,Condor Flugdienst,False,ES,EU,Europe,39.551701,2.73881,48.353802,11.7861,1215.7448490597253
EDDM,arrival,3c56eb,EWG7Q,LEPA,EDDM,1787148420.0,1787154625,EDDM,LEPA,1787154625.0,17,EWG,Eurowings,True,ES,EU,Europe,39.551701,2.73881,48.353802,11.7861,1215.7448490597253
EDDM,arrival,461f9b,FIN1EH,EFHK,EDDM,1787146207.0,1787154531,EDDM,EFHK,1787154531.0,17,FIN,Finnair,False,FI,EU,Europe,60.318363,24.963341,48.353802,11.7861,1574.642671936596
EDDM,arrival,3c6581,DLH1LM,ELLX,EDDM,1787151511.0,1787154440,EDDM,ELLX,1787154440.0,17,DLH,Lufthansa,True,LU,EU,Europe,49.626845,6.212134,48.353802,11.7861,430.5074864498392
EDDM,arrival,46b8b6,AEE8MC,LGAV,EDDM,1787146193.0,1787154351,EDDM,LGAV,1787154351.0,17,AEE,Aegean Airlines,False,GR,EU,Europe,37.936401,23.9445,48.353802,11.7861,1517.678423211962
EDDM,arrival,3c6552,LHX96N,LEMD,EDDM,1787147354.0,1787154058,EDDM,LEMD,1787154058.0,17,LHX,Other / unmatched,False,ES,EU,Europe,40.493407,-3.572249,48.353802,11.7861,1496.0210543929695
EDDM,arrival,3c6708,DLH719,RKSI,EDDM,1787108733.0,1787153855,EDDM,RKSI,1787153855.0,17,DLH,Lufthansa,True,KR,AS,Intercontinental,37.469101,126.450996,48.353802,11.7861,8499.59818326623
EDDM,arrival,34840a,AEA42DP,LEMD,EDDM,1787146676.0,1787153719,EDDM,LEMD,1787153719.0,17,AEA,Air Europa,False,ES,EU,Europe,40.493407,-3.572249,48.353802,11.7861,1496.0210543929695
EDDM,arrival,490d08,NJE079W,LOWW,EDDM,1787151305.0,1787153609,EDDM,LOWW,1787153609.0,17,NJE,NetJets,False,AT,EU,Europe,48.110298,16.5697,48.353802,11.7861,355.28949987483753
EDDM,arrival,300a7c,DLH03M,LOWG,EDDM,1787151126.0,1787153519,EDDM,LOWG,1787153519.0,17,DLH,Lufthansa,True,AT,EU,Europe,46.9911,15.4396,48.353802,11.7861,312.67052198353133
EDDM,arrival,3c65d1,DLH2PN,EGLL,EDDM,1787148761.0,1787153512,EDDM,EGLL,1787153512.0,17,DLH,Lufthansa,True,GB,EU,Europe,51.470748,-0.459909,48.353802,11.7861,941.4502219841752
EDDM,arrival,3c6441,DLH1YF,EDDS,EDDM,1787151550.0,1787153423,EDDM,EDDS,1787153423.0,17,DLH,Lufthansa,True,DE,EU,Domestic,48.689899,9.22196,48.353802,11.7861,192.49685997721903
EDDM,arrival,44ce72,BEL9EV,EBMB,EDDM,1787149780.0,1787153304,EDDM,EBMB,1787153304.0,17,BEL,Brussels Airlines,True,BE,EU,Europe,50.913419,4.491005,48.353802,11.7861,597.1393398635668
EDDM,arrival,3c670f,DLH459,KSFO,EDDM,1787115393.0,1787153158,EDDM,KSFO,1787153158.0,17,DLH,Lufthansa,True,US,,Intercontinental,37.619806,-122.374821,48.353802,11.7861,9436.949554358978
EDDM,arrival,3c6481,DLH5TN,,EDDM,1787148013.0,1787153113,EDDM,,1787153113.0,17,DLH,Lufthansa,True,,,unknown,,,48.353802,11.7861,
EDDM,arrival,3c648e,DLH55E,LEMG,EDDM,1787144440.0,1787153055,EDDM,LEMG,1787153055.0,17,DLH,Lufthansa,True,ES,EU,Europe,36.6749,-4.49911,48.353802,11.7861,1854.9441824391502
EDDM,arrival,3c6585,DLH3HW,LKPR,EDDM,1787151079.0,1787152947,EDDM,LKPR,1787152947.0,17,DLH,Lufthansa,True,CZ,EU,Europe,50.100874,14.259911,48.353802,11.7861,264.56441406353673
EDDM,arrival,3c6498,DLH6LX,LGAV,EDDM,1787145142.0,1787152732,EDDM,LGAV,1787152732.0,17,DLH,Lufthansa,True,GR,EU,Europe,37.936401,23.9445,48.353802,11.7861,1517.678423211962
EDDM,arrival,3c6484,DLH3FN,ESSA,EDDM,1787145672.0,1787152558,EDDM,ESSA,1787152558.0,17,DLH,Lufthansa,True,SE,EU,Europe,59.64849,17.928829,48.353802,11.7861,1317.1539995726077
EDDM,arrival,3c6707,DLH743,RJBB,EDDM,1787103580.0,1787152298,EDDM,RJBB,1787152298.0,17,DLH,Lufthansa,True,JP,AS,Intercontinental,34.427299,135.244003,48.353802,11.7861,9239.42136596036
EDDM,arrival,3c65d7,DLH6KK,EHAM,EDDM,1787148461.0,1787152043,EDDM,EHAM,1787152043.0,17,DLH,Lufthansa,True,NL,EU,Europe,52.308601,4.76389,48.353802,11.7861,664.166274486877
EDDM,arrival,3c65c8,DLH2685,LICA,EDDM,1787146297.0,1787151929,EDDM,LICA,1787151929.0,17,DLH,Lufthansa,True,IT,EU,Europe,38.906214,16.246007,48.353802,11.7861,1109.6512041734875
EDDM,arrival,3c6483,DLH4MW,EDDF,EDDM,1787149756.0,1787151698,EDDM,EDDF,1787151698.0,17,DLH,Lufthansa,True,DE,EU,Domestic,50.026706,8.55835,48.353802,11.7861,299.3253023081836
EDDM,arrival,394c0c,AFR62EB,LFPG,EDDM,1787147502.0,1787151550,EDDM,LFPG,1787151550.0,16,AFR,Air France,False,FR,EU,Europe,49.00896,2.554117,48.353802,11.7861,681.24944036537
EDDM,arrival,3c6712,DLH715,RJTT,EDDM,1787100599.0,1787151376,EDDM,RJTT,1787151376.0,16,DLH,Lufthansa,True,JP,AS,Intercontinental,35.549678,139.786958,48.353802,11.7861,9359.196986331479
EDDM,arrival,486802,KLM37J,EHAM,EDDM,1787147627.0,1787151365,EDDM,EHAM,1787151365.0,16,KLM,KLM Royal Dutch Airlines,False,NL,EU,Europe,52.308601,4.76389,48.353802,11.7861,664.166274486877
EDDM,arrival,3c66a3,DLH9WY,EDDC,EDDM,1787148731.0,1787151054,EDDM,EDDC,1787151054.0,16,DLH,Lufthansa,True,DE,EU,Domestic,51.134123,13.767831,48.353802,11.7861,340.34305632241814
EDDM,arrival,0201c5,RAM822M,,EDDM,1787141402.0,1787151008,EDDM,,1787151008.0,16,RAM,Royal Air Maroc,False,,,unknown,,,48.353802,11.7861,
EDDM,arrival,3c66b5,OCN1307,,EDDM,1787139604.0,1787150272,EDDM,,1787150272.0,16,OCN,Discover Airlines,True,,,unknown,,,48.353802,11.7861,
EDDM,arrival,3c66a9,DLH9901,LHBP,EDDM,1787146579.0,1787150197,EDDM,LHBP,1787150197.0,16,DLH,Lufthansa,True,HU,EU,Europe,47.43018,19.262393,48.353802,11.7861,566.5693471360726
EDDM,arrival,3c666e,DLH8JA,EDDL,EDDM,1787146877.0,1787149789,EDDM,EDDL,1787149789.0,16,DLH,Lufthansa,True,DE,EU,Domestic,51.289501,6.76678,48.353802,11.7861,485.82278259661393
EDDM,arrival,44061c,EJU98KD,LIRF,EDDM,1787145437.0,1787149619,EDDM,LIRF,1787149619.0,16,EJU,easyJet,False,IT,EU,Europe,41.804532,12.251998,48.353802,11.7861,729.1597800937259
EDDM,arrival,501c15,CFG8EK,EDDM,EDDM,1787115866.0,1787149043,EDDM,EDDM,1787149043.0,16,CFG,Condor Flugdienst,False,DE,EU,Domestic,48.353802,11.7861,48.353802,11.7861,0.0
EDDM,arrival,3c66b7,OCN705,LPMA,EDDM,1787135910.0,1787148791,EDDM,LPMA,1787148791.0,16,OCN,Discover Airlines,True,PT,EU,Europe,32.697812,-16.774613,48.353802,11.7861,2947.8962458450114
EDDM,arrival,4d2088,EWG31F,,EDDM,1787144762.0,1787148612,EDDM,,1787148612.0,16,EWG,Eurowings,True,,,unknown,,,48.353802,11.7861,
EDDM,arrival,3c6752,DLH5YE,EDDF,EDDM,1787146444.0,1787148385,EDDM,EDDF,1787148385.0,16,DLH,Lufthansa,True,DE,EU,Domestic,50.026706,8.55835,48.353802,11.7861,299.3253023081836
EDDM,arrival,4bcda5,SXS37Q,LTAI,EDDM,1787137123.0,1787147817,EDDM,LTAI,1787147817.0,15,SXS,SunExpress,False,TR,AS,Intercontinental,36.898701,30.800501,48.353802,11.7861,2000.932273238901
EDDM,arrival,44b430,PGC24E,EBCI,EDDM,1787144102.0,1787147749,EDDM,EBCI,1787147749.0,15,PGC,Other / unmatched,False,BE,EU,Europe,50.461963,4.459562,48.353802,11.7861,579.2735484762653
EDDM,arrival,4d24de,KMM308,LMML,EDDM,1787140593.0,1787147657,EDDM,LMML,1787147657.0,15,KMM,Other / unmatched,False,MT,EU,Europe,35.845932,14.491546,48.353802,11.7861,1408.3647646637505
EDDM,arrival,3c6548,LHX27W,LFPG,EDDM,1787143904.0,1787147609,EDDM,LFPG,1787147609.0,15,LHX,Other / unmatched,False,FR,EU,Europe,49.00896,2.554117,48.353802,11.7861,681.24944036537
EDDM,arrival,3c6521,LHX08P,,EDDM,1787139483.0,1787147517,EDDM,,1787147517.0,15,LHX,Other / unmatched,False,,,unknown,,,48.353802,11.7861,
EDDM,arrival,3c66a6,DLH66J,LEBL,EDDM,1787141130.0,1787146881,EDDM,LEBL,1787146881.0,15,DLH,Lufthansa,True,ES,EU,Europe,41.2971,2.07846,48.353802,11.7861,1094.6300447813323
EDDM,arrival,40624e,BAW934,EGLL,EDDM,1787141950.0,1787146551,EDDM,EGLL,1787146551.0,15,BAW,British Airways,False,GB,EU,Europe,51.470748,-0.459909,48.353802,11.7861,941.4502219841752
EDDM,arrival,4bc8d3,PGT861J,,EDDM,1787124212.0,1787146477,EDDM,,1787146477.0,15,PGT,Pegasus Airlines,False,,,unknown,,,48.353802,11.7861,
EDDM,arrival,3c65d2,DLH1PP,EPKK,EDDM,1787142512.0,1787145966,EDDM,EPKK,1787145966.0,15,DLH,Lufthansa,True,PL,EU,Europe,50.077702,19.7848,48.353802,11.7861,611.4215212873963
EDDM,arrival,3c6917,CFG7TR,EDDF,EDDM,1787143684.0,1787145889,EDDM,EDDF,1787145889.0,15,CFG,Condor Flugdienst,False,DE,EU,Domestic,50.026706,8.55835,48.353802,11.7861,299.3253023081836
EDDM,arrival,493287,NJE382K,LSZH,EDDM,1787143716.0,1787145777,EDDM,LSZH,1787145777.0,15,NJE,NetJets,False,CH,EU,Europe,47.458056,8.548056,48.353802,11.7861,261.0790248574686
EDDM,arrival,4d2405,EWG6Y,EDDL,EDDM,1787142465.0,1787145445,EDDM,EDDL,1787145445.0,15,EWG,Eurowings,True,DE,EU,Domestic,51.289501,6.76678,48.353802,11.7861,485.82278259661393
EDDM,arrival,3c65cf,DLH97J,LFML,EDDM,1787141366.0,1787145313,EDDM,LFML,1787145313.0,15,DLH,Lufthansa,True,FR,EU,Europe,43.438088,5.2125,48.353802,11.7861,746.1588906600581
EDDM,arrival,3c64a7,DLH8EJ,LGAV,EDDM,1787136911.0,1787145068,EDDM,LGAV,1787145068.0,15,DLH,Lufthansa,True,GR,EU,Europe,37.936401,23.9445,48.353802,11.7861,1517.678423211962
EDDM,arrival,3c66af,DLH2UT,,EDDM,1787139786.0,1787145028,EDDM,,1787145028.0,15,DLH,Lufthansa,True,,,unknown,,,48.353802,11.7861,
EDDM,arrival,3c66ad,DLH68W,LFBO,EDDM,1787139463.0,1787144965,EDDM,LFBO,1787144965.0,15,DLH,Lufthansa,True,FR,EU,Europe,43.629101,1.36382,48.353802,11.7861,960.1176855029028
EDDM,arrival,300782,DLH8FA,LIML,EDDM,1787141477.0,1787144965,EDDM,LIML,1787144965.0,15,DLH,Lufthansa,True,IT,EU,Europe,45.445099,9.27674,48.353802,11.7861,375.39368090603205
EDDM,arrival,8960ec,UAE9CL,OMDB,EDDM,1787121558.0,1787144932,EDDM,OMDB,1787144932.0,15,UAE,Emirates,False,AE,AS,Intercontinental,25.24979,55.370992,48.353802,11.7861,4564.712520524205
EDDM,arrival,3c65d5,DLH61A,,EDDM,1787144227.0,1787144906,EDDM,,1787144906.0,15,DLH,Lufthansa,True,,,unknown,,,48.353802,11.7861,
EDDM,arrival,3c66a4,DLH2AE,LYBE,EDDM,1787138915.0,1787144846,EDDM,LYBE,1787144846.0,15,DLH,Lufthansa,True,RS,EU,Europe,44.818401,20.309099,48.353802,11.7861,760.1143374277194
EDDM,arrival,3c6677,DLH7M,EDDH,EDDM,1787139639.0,1787144810,EDDM,EDDH,1787144810.0,15,DLH,Lufthansa,True,DE,EU,Domestic,53.630402,9.98823,48.353802,11.7861,600.0198333228711
EDDM,arrival,010265,MSC2930,,EDDM,1787143890.0,1787144782,EDDM,,1787144782.0,15,MSC,Air Cairo,False,,,unknown,,,48.353802,11.7861,
EDDM,arrival,3c6441,DLH1JN,,EDDM,1787137740.0,1787144782,EDDM,,1787144782.0,15,DLH,Lufthansa,True,,,unknown,,,48.353802,11.7861,
EDDM,arrival,3c674e,DLH1FF,EDDW,EDDM,1787139556.0,1787144725,EDDM,EDDW,1787144725.0,15,DLH,Lufthansa,True,DE,EU,Domestic,53.046786,8.78932,48.353802,11.7861,562.7750716084975
EDDM,arrival,3c65d4,DLH2LJ,EDPI,EDDM,1787144016.0,1787144638,EDDM,EDPI,1787144638.0,15,DLH,Lufthansa,True,DE,EU,Domestic,48.456588,11.941624,48.353802,11.7861,16.199640536227562
EDDM,arrival,3c6522,LHX5JT,EDMP,EDDM,1787143863.0,1787144484,EDDM,EDMP,1787144484.0,15,LHX,Other / unmatched,False,DE,EU,Domestic,48.426109,12.345278,48.353802,11.7861,42.06502358529281
EDDM,arrival,300394,DLA5HH,LIRQ,EDDM,1787139815.0,1787143343,EDDM,LIRQ,1787143343.0,14,DLA,Air Dolomiti,True,IT,EU,Europe,43.808558,11.202822,48.353802,11.7861,507.40191846154414
EDDM,arrival,3c65d5,DLH61A,LPPR,EDDM,1787135382.0,1787143316,EDDM,LPPR,1787143316.0,14,DLH,Lufthansa,True,PT,EU,Europe,41.2481002808,-8.68138980865,48.353802,11.7861,1790.262015170052
EDDM,arrival,300393,DLA4UX,LIPX,EDDM,1787140445.0,1787143229,EDDM,LIPX,1787143229.0,14,DLA,Air Dolomiti,True,IT,EU,Europe,45.394955,10.887303,48.353802,11.7861,336.02050504371863
EDDM,arrival,440826,AUA18Y,LOWW,EDDM,1787139420.0,1787143047,EDDM,LOWW,1787143047.0,14,AUA,Austrian,True,AT,EU,Europe,48.110298,16.5697,48.353802,11.7861,355.28949987483753
EDDM,arrival,3c6711,DLH489,KSEA,EDDM,1787107050.0,1787143047,EDDM,KSEA,1787143047.0,14,DLH,Lufthansa,True,US,,Intercontinental,47.447943,-122.310276,48.353802,11.7861,8478.113706006912
EDDM,arrival,3c66e3,OCN41B,LEIB,EDDM,1787134688.0,1787142801,EDDM,LEIB,1787142801.0,14,OCN,Discover Airlines,True,ES,EU,Europe,38.872898,1.37312,48.353802,11.7861,1344.3444360273038
EDDM,arrival,3c6744,DLH7AV,EDDF,EDDM,1787139750.0,1787142148,EDDM,EDDF,1787142148.0,14,DLH,Lufthansa,True,DE,EU,Domestic,50.026706,8.55835,48.353802,11.7861,299.3253023081836
EDDM,arrival,3c66ab,DLH9FL,LJLJ,EDDM,1787139305.0,1787142145,EDDM,LJLJ,1787142145.0,14,DLH,Lufthansa,True,SI,EU,Europe,46.223701,14.4576,48.353802,11.7861,310.92785271063457
EDDM,arrival,43c6f9,RRR2252,,EDDM,1787135628.0,1787142088,EDDM,,1787142088.0,14,RRR,Royal Air Force,False,,,unknown,,,48.353802,11.7861,
EDDM,arrival,3c66a2,DLH5MA,EKCH,EDDM,1787137176.0,1787141631,EDDM,EKCH,1787141631.0,14,DLH,Lufthansa,True,DK,EU,Europe,55.617900848389,12.656000137329,48.353802,11.7861,809.9072697989837
EDDM,arrival,3c66a5,DLH57P,LEMD,EDDM,1787134374.0,1787141604,EDDM,LEMD,1787141604.0,14,DLH,Lufthansa,True,ES,EU,Europe,40.493407,-3.572249,48.353802,11.7861,1496.0210543929695
EDDM,arrival,3c6523,LHX8XV,,EDDM,1787135226.0,1787141513,EDDM,,1787141513.0,14,LHX,Other / unmatched,False,,,unknown,,,48.353802,11.7861,
EDDM,arrival,3c644d,LHX1CT,EDDV,EDDM,1787138401.0,1787141485,EDDM,EDDV,1787141485.0,14,LHX,Other / unmatched,False,DE,EU,Domestic,52.461102,9.68508,48.353802,11.7861,480.3139277522467
EDDM,arrival,4891b8,ENT6632,,EDDM,1787137234.0,1787141396,EDDM,,1787141396.0,14,ENT,DAT Enterprise Limited,False,,,unknown,,,48.353802,11.7861,
EDDM,arrival,3c6667,DLH4NF,EDDB,EDDM,1787138280.0,1787141359,EDDM,EDDB,1787141359.0,14,DLH,Lufthansa,True,DE,EU,Domestic,52.361738,13.502341,48.353802,11.7861,461.95813684339504
EDDM,arrival,3c6585,DLH4TT,EPWR,EDDM,1787138108.0,1787141278,EDDM,EPWR,1787141278.0,14,DLH,Lufthansa,True,PL,EU,Europe,51.103719,16.882096,48.353802,11.7861,476.9484303343857
EDDM,arrival,3c64aa,DLH1713,,EDDM,1787136752.0,1787141278,EDDM,,1787141278.0,14,DLH,Lufthansa,True,,,unknown,,,48.353802,11.7861,
EDDM,arrival,3c64a8,DLH3LX,EIDW,EDDM,1787134773.0,1787141177,EDDM,EIDW,1787141177.0,14,DLH,Lufthansa,True,IE,EU,Europe,53.428713,-6.262121,48.353802,11.7861,1381.0178749074084
EDDM,arrival,3c6759,DLH03A,LEVC,EDDM,1787133930.0,1787141165,EDDM,LEVC,1787141165.0,14,DLH,Lufthansa,True,ES,EU,Europe,39.489162,-0.480961,48.353802,11.7861,1388.4707886307121
EDDM,arrival,300a7c,DLH33F,LOWG,EDDM,1787138732.0,1787141068,EDDM,LOWG,1787141068.0,14,DLH,Lufthansa,True,AT,EU,Europe,46.9911,15.4396,48.353802,11.7861,312.67052198353133
EDDM,arrival,3c66c3,DLH477,CYVR,EDDM,1787107086.0,1787141004,EDDM,CYVR,1787141004.0,14,DLH,Lufthansa,True,CA,,Intercontinental,49.193901,-123.183998,48.353802,11.7861,8340.360019737318
EDDM,arrival,3c6655,DLH1775,LGTS,EDDM,1787134351.0,1787140959,EDDM,LGTS,1787140959.0,14,DLH,Lufthansa,True,GR,EU,Europe,40.51928,22.970009,48.353802,11.7861,1241.5247714636366
EDDM,arrival,3c6676,DLH1YY,ESSA,EDDM,1787134147.0,1787140929,EDDM,ESSA,1787140929.0,14,DLH,Lufthansa,True,SE,EU,Europe,59.64849,17.928829,48.353802,11.7861,1317.1539995726077
EDDM,arrival,3c6444,DLH3VE,LKPR,EDDM,1787138976.0,1787140805,EDDM,LKPR,1787140805.0,14,DLH,Lufthansa,True,CZ,EU,Europe,50.100874,14.259911,48.353802,11.7861,264.56441406353673
EDDM,arrival,3c66ac,DLH3NC,LROP,EDDM,1787134360.0,1787140786,EDDM,LROP,1787140786.0,13,DLH,Lufthansa,True,RO,EU,Europe,44.571792,26.103285,48.353802,11.7861,1172.273078026738
EDDM,arrival,3c6713,DLH4C,KORD,EDDM,1787113036.0,1787140657,EDDM,KORD,1787140657.0,13,DLH,Lufthansa,True,US,,Intercontinental,41.9786,-87.9048,48.353802,11.7861,7269.553005700629
EDDM,arrival,3c6486,DLH2MF,LBSF,EDDM,1787134741.0,1787140640,EDDM,LBSF,1787140640.0,13,DLH,Lufthansa,True,BG,EU,Europe,42.696357,23.417671,48.353802,11.7861,1101.196996304008
EDDM,arrival,3c65cc,DLH6PL,EGCC,EDDM,1787135091.0,1787140555,EDDM,EGCC,1787140555.0,13,DLH,Lufthansa,True,GB,EU,Europe,53.349375,-2.279521,48.353802,11.7861,1130.1311120568162
EDDM,arrival,300554,DLA3MJ,LIMC,EDDM,1787137805.0,1787140517,EDDM,LIMC,1787140517.0,13,DLA,Air Dolomiti,True,IT,EU,Europe,45.6306,8.72811,48.353802,11.7861,381.35803391926396
EDDM,arrival,44ce6c,BEL7LF,EBBR,EDDM,1787137170.0,1787140468,EDDM,EBBR,1787140468.0,13,BEL,Brussels Airlines,True,BE,EU,Europe,50.901402,4.48444,48.353802,11.7861,596.9780711668509
EDDM,arrival,06a2ec,QTR057,OTBD,EDDM,1787118292.0,1787140361,EDDM,OTBD,1787140361.0,13,QTR,Qatar Airways,False,QA,AS,Intercontinental,25.259431,51.565528,48.353802,11.7861,4300.099693204211
EDDM,arrival,a2cb9e,UAL760,KDEN,EDDM,1787107918.0,1787140259,EDDM,KDEN,1787140259.0,13,UAL,United Airlines,False,US,,Intercontinental,39.860027,-104.673792,48.353802,11.7861,8386.891146653817
EDDM,arrival,3c6581,DLH7ET,EDDS,EDDM,1787138381.0,1787140033,EDDM,EDDS,1787140033.0,13,DLH,Lufthansa,True,DE,EU,Domestic,48.689899,9.22196,48.353802,11.7861,192.49685997721903
EDDM,arrival,3c666b,DLH4E,EDDH,EDDM,1787136614.0,1787140011,EDDM,EDDH,1787140011.0,13,DLH,Lufthansa,True,DE,EU,Domestic,53.630402,9.98823,48.353802,11.7861,600.0198333228711
EDDM,arrival,3c6643,DLH8LY,ENGM,EDDM,1787132854.0,1787139869,EDDM,ENGM,1787139869.0,13,DLH,Lufthansa,True,NO,EU,Europe,60.193901,11.1004,48.353802,11.7861,1317.2932288251484
EDDM,arrival,3c65ae,DLH453,KLAX,EDDM,1787101432.0,1787139680,EDDM,KLAX,1787139680.0,13,DLH,Lufthansa,True,US,,Intercontinental,33.942501,-118.407997,48.353802,11.7861,9615.800969197022
EDDM,arrival,3c65d0,DLH2XN,EGLL,EDDM,1787134351.0,1787139668,EDDM,EGLL,1787139668.0,13,DLH,Lufthansa,True,GB,EU,Europe,51.470748,-0.459909,48.353802,11.7861,941.4502219841752
EDDM,arrival,3c64a5,DLH53C,LEPA,EDDM,1787132982.0,1787139656,EDDM,LEPA,1787139656.0,13,DLH,Lufthansa,True,ES,EU,Europe,39.551701,2.73881,48.353802,11.7861,1215.7448490597253
EDDM,arrival,3c66a7,DLH1KX,ESGG,EDDM,1787133573.0,1787139656,EDDM,ESGG,1787139656.0,13,DLH,Lufthansa,True,SE,EU,Europe,57.6628,12.2798,48.353802,11.7861,1035.6329475559055
EDDM,arrival,3c66a8,DLH29Y,LFPG,EDDM,1787135463.0,1787139568,EDDM,LFPG,1787139568.0,13,DLH,Lufthansa,True,FR,EU,Europe,49.00896,2.554117,48.353802,11.7861,681.24944036537
EDDM,arrival,3c6447,DLH1913,,EDDM,1787134560.0,1787138873,EDDM,,1787138873.0,13,DLH,Lufthansa,True,,,unknown,,,48.353802,11.7861,
EDDM,arrival,478e27,WIF5W,ENBR,EDDM,1787131134.0,1787138596,EDDM,ENBR,1787138596.0,13,WIF,Widerøe,False,NO,EU,Europe,60.2934,5.21814,48.353802,11.7861,1392.6152297303238
EDDM,arrival,3c4a21,DLH7JF,EDDF,EDDM,1787136251.0,1787138159,EDDM,EDDF,1787138159.0,13,DLH,Lufthansa,True,DE,EU,Domestic,50.026706,8.55835,48.353802,11.7861,299.3253023081836
EDDM,arrival,4cc582,ICE532,BIKF,EDDM,1787125424.0,1787137792,EDDM,BIKF,1787137792.0,13,ICE,Icelandair,False,IS,EU,Europe,63.985001,-22.6056,48.353802,11.7861,2691.7541803469103
EDDM,arrival,47880f,NOZ56MG,ENGM,EDDM,1787131080.0,1787137584,EDDM,ENGM,1787137584.0,13,NOZ,Other / unmatched,False,NO,EU,Europe,60.193901,11.1004,48.353802,11.7861,1317.2932288251484
EDDM,arrival,3c66a3,DLH2259,LFBD,EDDM,1787131671.0,1787137387,EDDM,LFBD,1787137387.0,13,DLH,Lufthansa,True,FR,EU,Europe,44.82865,-0.715356,48.353802,11.7861,1031.0334409319134
EDDM,arrival,710d9c,KNE393,VAJJ,EDDM,1787094673.0,1787137379,EDDM,VAJJ,1787137379.0,13,KNE,Nas Air,False,IN,AS,Intercontinental,19.098100662231445,72.83419799804688,48.353802,11.7861,6308.959103039288
EDDM,arrival,4bce0e,SXS5MT,LTFD,EDDM,1787128171.0,1787137359,EDDM,LTFD,1787137359.0,13,SXS,SunExpress,False,TR,AS,Intercontinental,39.552533,27.010192,48.353802,11.7861,1558.0999687399692
EDDM,arrival,3c496a,TUI916P,EDDV,EDDM,1787133573.0,1787137347,EDDM,EDDV,1787137347.0,13,TUI,Tuninter,False,DE,EU,Domestic,52.461102,9.68508,48.353802,11.7861,480.3139277522467
EDDM,arrival,4952d0,TAP552N,LPPT,EDDM,1787126597.0,1787137276,EDDM,LPPT,1787137276.0,13,TAP,TAP Portugal,False,PT,EU,Europe,38.7813,-9.13592,48.353802,11.7861,1983.6093755737668
EDDM,arrival,3c65d7,DLH9CX,EHAM,EDDM,1787132244.0,1787136479,EDDM,EHAM,1787136479.0,12,DLH,Lufthansa,True,NL,EU,Europe,52.308601,4.76389,48.353802,11.7861,664.166274486877
EDDM,arrival,3c65ad,DLH415,KIAD,EDDM,1787108962.0,1787136265,EDDM,KIAD,1787136265.0,12,DLH,Lufthansa,True,US,,Intercontinental,38.9445,-77.455803,48.353802,11.7861,6842.950667184059
EDDM,arrival,4bc856,PGT75CK,,EDDM,1787126581.0,1787136227,EDDM,,1787136227.0,12,PGT,Pegasus Airlines,False,,,unknown,,,48.353802,11.7861,
EDDM,arrival,3c6563,OCN81,KMCO,EDDM,1787104647.0,1787135511,EDDM,KMCO,1787135511.0,12,OCN,Discover Airlines,True,US,,Intercontinental,28.429399490356445,-81.30899810791016,48.353802,11.7861,7904.054862082874
EDDM,arrival,3c49b1,TUI2FC,,EDDM,1787126640.0,1787135328,EDDM,,1787135328.0,12,TUI,Tuninter,False,,,unknown,,,48.353802,11.7861,
EDDM,arrival,3c66b0,DLH6AP,LIRF,EDDM,1787130660.0,1787134914,EDDM,LIRF,1787134914.0,12,DLH,Lufthansa,True,IT,EU,Europe,41.804532,12.251998,48.353802,11.7861,729.1597800937259
EDDM,arrival,3c6497,DLH4AK,EDDB,EDDM,1787131951.0,1787134769,EDDM,EDDB,1787134769.0,12,DLH,Lufthansa,True,DE,EU,Domestic,52.361738,13.502341,48.353802,11.7861,461.95813684339504
EDDM,arrival,3c0caa,TUI5ME,LGKO,EDDM,1787125477.0,1787134648,EDDM,LGKO,1787134648.0,12,TUI,Tuninter,False,GR,AS,Intercontinental,36.794523,27.09115,48.353802,11.7861,1788.72814631863
EDDM,arrival,3c666e,DLH1VV,,EDDM,1787130923.0,1787134493,EDDM,,1787134493.0,12,DLH,Lufthansa,True,,,unknown,,,48.353802,11.7861,
EDDM,arrival,45211e,CFG5AF,LGKO,EDDM,1787125032.0,1787134371,EDDM,LGKO,1787134371.0,12,CFG,Condor Flugdienst,False,GR,AS,Intercontinental,36.794523,27.09115,48.353802,11.7861,1788.72814631863
EDDM,arrival,4bb2aa,TKJ7UN,,EDDM,1787124951.0,1787134226,EDDM,,1787134226.0,12,TKJ,Other / unmatched,False,,,unknown,,,48.353802,11.7861,
EDDM,arrival,3c66e6,OCN47C,,EDDM,1787126430.0,1787133836,EDDM,,1787133836.0,12,OCN,Discover Airlines,True,,,unknown,,,48.353802,11.7861,
EDDM,arrival,3c65d1,DLH7EJ,EPKK,EDDM,1787130420.0,1787133718,EDDM,EPKK,1787133718.0,12,DLH,Lufthansa,True,PL,EU,Europe,50.077702,19.7848,48.353802,11.7861,611.4215212873963
EDDM,arrival,46a5e4,SEH7AG,LGAV,EDDM,1787125324.0,1787133282,EDDM,LGAV,1787133282.0,11,SEH,Sky Express,False,GR,EU,Europe,37.936401,23.9445,48.353802,11.7861,1517.678423211962
EDDM,arrival,440331,GLJ33LE,EPRZ,EDDM,1787128942.0,1787133104,EDDM,EPRZ,1787133104.0,11,GLJ,Global Jet Austria,False,PL,EU,Europe,50.109791,22.024155,48.353802,11.7861,767.912847719039
EDDM,arrival,452126,CFG8TF,LEPA,EDDM,1787126641.0,1787132980,EDDM,LEPA,1787132980.0,11,CFG,Condor Flugdienst,False,ES,EU,Europe,39.551701,2.73881,48.353802,11.7861,1215.7448490597253
EDDM,arrival,3c65c8,DLH7HH,EGLL,EDDM,1787127487.0,1787132156,EDDM,EGLL,1787132156.0,11,DLH,Lufthansa,True,GB,EU,Europe,51.470748,-0.459909,48.353802,11.7861,941.4502219841752
EDDM,arrival,4baaca,THY6DR,,EDDM,1787123946.0,1787132064,EDDM,,1787132064.0,11,THY,Turkish Airlines,False,,,unknown,,,48.353802,11.7861,
EDDM,arrival,452199,AIZ441,LLBG,EDDM,1787118874.0,1787131485,EDDM,LLBG,1787131485.0,11,AIZ,Arkia Israel Airlines,False,IL,AS,Intercontinental,32.011398,34.8867,48.353802,11.7861,2655.012268878441
EDDM,arrival,4d240e,EWG74TE,LEPA,EDDM,1787125006.0,1787131194,EDDM,LEPA,1787131194.0,11,EWG,Eurowings,True,ES,EU,Europe,39.551701,2.73881,48.353802,11.7861,1215.7448490597253
EDDM,arrival,3452c7,ANE98ZC,LEMD,EDDM,1787123890.0,1787130850,EDDM,LEMD,1787130850.0,11,ANE,Air Nostrum,False,ES,EU,Europe,40.493407,-3.572249,48.353802,11.7861,1496.0210543929695
EDDM,arrival,3c66c2,DLH495,CYYZ,EDDM,1787104761.0,1787130607,EDDM,CYYZ,1787130607.0,11,DLH,Lufthansa,True,CA,,Intercontinental,43.675935,-79.629421,48.353802,11.7861,6640.970612571285
EDDM,arrival,3c6548,LHX93A,LEBL,EDDM,1787124726.0,1787130476,EDDM,LEBL,1787130476.0,11,LHX,Other / unmatched,False,ES,EU,Europe,41.2971,2.07846,48.353802,11.7861,1094.6300447813323
EDDM,arrival,505b03,OMXCX,LOIJ,EDDM,1787128570.0,1787130389,EDDM,LOIJ,1787130389.0,11,OMX,Other / unmatched,False,AT,EU,Europe,47.5201,12.4497,48.353802,11.7861,105.0595299705303
EDDM,arrival,300782,DLA5RW,LIRQ,EDDM,1787126737.0,1787130338,EDDM,LIRQ,1787130338.0,11,DLA,Air Dolomiti,True,IT,EU,Europe,43.808558,11.202822,48.353802,11.7861,507.40191846154414
EDDM,arrival,3c7877,CFG5KA,LICA,EDDM,1787124277.0,1787130239,EDDM,LICA,1787130239.0,11,CFG,Condor Flugdienst,False,IT,EU,Europe,38.906214,16.246007,48.353802,11.7861,1109.6512041734875
EDDM,arrival,3c664f,DLH4LC,EDDF,EDDM,1787127972.0,1787130137,EDDM,EDDF,1787130137.0,11,DLH,Lufthansa,True,DE,EU,Domestic,50.026706,8.55835,48.353802,11.7861,299.3253023081836
EDDM,arrival,300a7b,DLA5LA,LIPZ,EDDM,1787127131.0,1787130056,EDDM,LIPZ,1787130056.0,11,DLA,Air Dolomiti,True,IT,EU,Europe,45.505299,12.3519,48.353802,11.7861,319.6370516473726
EDDM,arrival,3c6484,DLH4RV,EDDL,EDDM,1787126912.0,1787129957,EDDM,EDDL,1787129957.0,10,DLH,Lufthansa,True,DE,EU,Domestic,51.289501,6.76678,48.353802,11.7861,485.82278259661393
EDDM,arrival,300557,DLA6MH,LIPE,EDDM,1787126716.0,1787129868,EDDM,LIPE,1787129868.0,10,DLA,Air Dolomiti,True,IT,EU,Europe,44.5354,11.2887,48.353802,11.7861,426.29115310070506
EDDM,arrival,3c6444,DLH3M,EDDH,EDDM,1787126407.0,1787129800,EDDM,EDDH,1787129800.0,10,DLH,Lufthansa,True,DE,EU,Domestic,53.630402,9.98823,48.353802,11.7861,600.0198333228711
EDDM,arrival,4932a4,NJE804M,LIRZ,EDDM,1787125844.0,1787129698,EDDM,LIRZ,1787129698.0,10,NJE,NetJets,False,IT,EU,Europe,43.095901,12.5132,48.353802,11.7861,587.3620735659401
EDDM,arrival,452113,CFG2WE,,EDDM,1787124275.0,1787129598,EDDM,,1787129598.0,10,CFG,Condor Flugdienst,False,,,unknown,,,48.353802,11.7861,
EDDM,arrival,300393,DLH3LY,LSZM,EDDM,1787126723.0,1787129514,EDDM,LSZM,1787129514.0,10,DLH,Lufthansa,True,CH,EU,Europe,47.078353,9.064662,48.353802,11.7861,248.1001350801686
EDDM,arrival,48418c,KLM63J,EHAM,EDDM,1787125874.0,1787129470,EDDM,EHAM,1787129470.0,10,KLM,KLM Royal Dutch Airlines,False,NL,EU,Europe,52.308601,4.76389,48.353802,11.7861,664.166274486877
EDDM,arrival,3c66ab,DLH2YN,LIML,EDDM,1787126709.0,1787129394,EDDM,LIML,1787129394.0,10,DLH,Lufthansa,True,IT,EU,Europe,45.445099,9.27674,48.353802,11.7861,375.39368090603205
EDDM,arrival,3c48f0,LHX5PN,EDDB,EDDM,1787126180.0,1787129330,EDDM,EDDB,1787129330.0,10,LHX,Other / unmatched,False,DE,EU,Domestic,52.361738,13.502341,48.353802,11.7861,461.95813684339504
EDDM,arrival,493289,NJE059R,LSZH,EDDM,1787126744.0,1787129249,EDDM,LSZH,1787129249.0,10,NJE,NetJets,False,CH,EU,Europe,47.458056,8.548056,48.353802,11.7861,261.0790248574686
EDDM,arrival,3c66e5,OCN3AV,LEPA,EDDM,1787123048.0,1787129157,EDDM,LEPA,1787129157.0,10,OCN,Discover Airlines,True,ES,EU,Europe,39.551701,2.73881,48.353802,11.7861,1215.7448490597253
EDDM,arrival,4ca27f,EIN3KM,EIDW,EDDM,1787122705.0,1787129028,EDDM,EIDW,1787129028.0,10,EIN,Aer Lingus,False,IE,EU,Europe,53.428713,-6.262121,48.353802,11.7861,1381.0178749074084
EDDM,arrival,3c09f2,LHX53U,LFPG,EDDM,1787124704.0,1787128799,EDDM,LFPG,1787128799.0,10,LHX,Other / unmatched,False,FR,EU,Europe,49.00896,2.554117,48.353802,11.7861,681.24944036537
EDDM,arrival,3c6581,DLH03C,LFLL,EDDM,1787125188.0,1787128735,EDDM,LFLL,1787128735.0,10,DLH,Lufthansa,True,FR,EU,Europe,45.725996,5.090139,48.353802,11.7861,585.2212800178779
EDDM,arrival,44ce78,BEL5GR,EBMB,EDDM,1787125191.0,1787128693,EDDM,EBMB,1787128693.0,10,BEL,Brussels Airlines,True,BE,EU,Europe,50.913419,4.491005,48.353802,11.7861,597.1393398635668
EDDM,arrival,3c48eb,LHX1889,,EDDM,1787123934.0,1787128676,EDDM,,1787128676.0,10,LHX,Other / unmatched,False,,,unknown,,,48.353802,11.7861,
EDDM,arrival,3c6442,DLH1RY,ELLX,EDDM,1787125605.0,1787128608,EDDM,ELLX,1787128608.0,10,DLH,Lufthansa,True,LU,EU,Europe,49.626845,6.212134,48.353802,11.7861,430.5074864498392
EDDM,arrival,aab001,UAL194,KSFO,EDDM,1787090471.0,1787128390,EDDM,KSFO,1787128390.0,10,UAL,United Airlines,False,US,,Intercontinental,37.619806,-122.374821,48.353802,11.7861,9436.949554358978
EDDM,arrival,3c6709,DLH475,CYUL,EDDM,1787104839.0,1787128258,EDDM,CYUL,1787128258.0,10,DLH,Lufthansa,True,CA,,Intercontinental,45.467837,-73.742294,48.353802,11.7861,6151.043101707541
EDDM,arrival,4d240d,EWG3GJ,LEPA,EDDM,1787121714.0,1787128211,EDDM,LEPA,1787128211.0,10,EWG,Eurowings,True,ES,EU,Europe,39.551701,2.73881,48.353802,11.7861,1215.7448490597253
EDDM,arrival,3c674e,DLH8MX,EDDL,EDDM,1787125190.0,1787128099,EDDM,EDDL,1787128099.0,10,DLH,Lufthansa,True,DE,EU,Domestic,51.289501,6.76678,48.353802,11.7861,485.82278259661393
EDDM,arrival,46b8b6,AEE8UM,LGAV,EDDM,1787119202.0,1787128019,EDDM,LGAV,1787128019.0,10,AEE,Aegean Airlines,False,GR,EU,Europe,37.936401,23.9445,48.353802,11.7861,1517.678423211962
EDDM,arrival,4bb844,PGT907H,LTAI,EDDM,1787117059.0,1787127938,EDDM,LTAI,1787127938.0,10,PGT,Pegasus Airlines,False,TR,AS,Intercontinental,36.898701,30.800501,48.353802,11.7861,2000.932273238901
EDDM,arrival,3c6585,DLH1FN,EDDC,EDDM,1787125732.0,1787127877,EDDM,EDDC,1787127877.0,10,DLH,Lufthansa,True,DE,EU,Domestic,51.134123,13.767831,48.353802,11.7861,340.34305632241814
EDDM,arrival,3c65cf,DLH6AC,LHBP,EDDM,1787124245.0,1787127773,EDDM,LHBP,1787127773.0,10,DLH,Lufthansa,True,HU,EU,Europe,47.43018,19.262393,48.353802,11.7861,566.5693471360726
EDDM,arrival,300a7c,DLA55M,LOWG,EDDM,1787125353.0,1787127677,EDDM,LOWG,1787127677.0,10,DLA,Air Dolomiti,True,AT,EU,Europe,46.9911,15.4396,48.353802,11.7861,312.67052198353133
EDDM,arrival,44082a,AUA183,LOWW,EDDM,1787124875.0,1787127539,EDDM,LOWW,1787127539.0,10,AUA,Austrian,True,AT,EU,Europe,48.110298,16.5697,48.353802,11.7861,355.28949987483753
EDDM,arrival,3c6652,DLH7VX,LKPR,EDDM,1787125637.0,1787127446,EDDM,LKPR,1787127446.0,10,DLH,Lufthansa,True,CZ,EU,Europe,50.100874,14.259911,48.353802,11.7861,264.56441406353673
EDDM,arrival,3c64a9,DLH33K,LPPR,EDDM,1787118965.0,1787127443,EDDM,LPPR,1787127443.0,10,DLH,Lufthansa,True,PT,EU,Europe,41.2481002808,-8.68138980865,48.353802,11.7861,1790.262015170052
EDDM,arrival,4b028e,SWR1102,LSZH,EDDM,1787124969.0,1787127340,EDDM,LSZH,1787127340.0,10,SWR,Swiss,True,CH,EU,Europe,47.458056,8.548056,48.353802,11.7861,261.0790248574686
EDDM,arrival,490d08,NJE077G,LIPZ,EDDM,1787124666.0,1787127295,EDDM,LIPZ,1787127295.0,10,NJE,NetJets,False,IT,EU,Europe,45.505299,12.3519,48.353802,11.7861,319.6370516473726
EDDM,arrival,3c6498,DLH2PR,EDDW,EDDM,1787123875.0,1787127138,EDDM,EDDW,1787127138.0,10,DLH,Lufthansa,True,DE,EU,Domestic,53.046786,8.78932,48.353802,11.7861,562.7750716084975
EDDM,arrival,3c64a1,DLH683,LGAV,EDDM,1787119020.0,1787127057,EDDM,LGAV,1787127057.0,10,DLH,Lufthansa,True,GR,EU,Europe,37.936401,23.9445,48.353802,11.7861,1517.678423211962
EDDM,arrival,3c65c5,DLH1UP,EDDF,EDDM,1787125045.0,1787126999,EDDM,EDDF,1787126999.0,10,DLH,Lufthansa,True,DE,EU,Domestic,50.026706,8.55835,48.353802,11.7861,299.3253023081836
EDDM,arrival,4bcdfa,SXS1MG,,EDDM,1787118483.0,1787126939,EDDM,,1787126939.0,10,SXS,SunExpress,False,,,unknown,,,48.353802,11.7861,
EDDM,arrival,3c658b,DLH2CH,EDDS,EDDM,1787125113.0,1787126819,EDDM,EDDS,1787126819.0,10,DLH,Lufthansa,True,DE,EU,Domestic,48.689899,9.22196,48.353802,11.7861,192.49685997721903
EDDM,arrival,3c6677,DLH06E,LPPT,EDDM,1787117644.0,1787126758,EDDM,LPPT,1787126758.0,10,DLH,Lufthansa,True,PT,EU,Europe,38.7813,-9.13592,48.353802,11.7861,1983.6093755737668
EDDM,arrival,3c6717,DLH413,KEWR,EDDM,1787101936.0,1787126536,EDDM,KEWR,1787126536.0,10,DLH,Lufthansa,True,US,,Intercontinental,40.6894,-74.170545,48.353802,11.7861,6503.29872919886
EDDM,arrival,3c6481,DLH1E,EDDH,EDDM,1787122932.0,1787126398,EDDM,EDDH,1787126398.0,9,DLH,Lufthansa,True,DE,EU,Domestic,53.630402,9.98823,48.353802,11.7861,600.0198333228711
EDDM,arrival,3c65d4,DLH7HP,EKCH,EDDM,1787122034.0,1787126329,EDDM,EKCH,1787126329.0,9,DLH,Lufthansa,True,DK,EU,Europe,55.617900848389,12.656000137329,48.353802,11.7861,809.9072697989837
EDDM,arrival,502d24,DLH11X,LFMN,EDDM,1787122524.0,1787126244,EDDM,LFMN,1787126244.0,9,DLH,Lufthansa,True,FR,EU,Europe,43.658401,7.21587,48.353802,11.7861,629.9664294216898
EDDM,arrival,4caefa,ITY432,LIRF,EDDM,1787121912.0,1787126113,EDDM,LIRF,1787126113.0,9,ITY,ITA Airways,False,IT,EU,Europe,41.804532,12.251998,48.353802,11.7861,729.1597800937259
EDDM,arrival,3c65a3,DLH481,KDEN,EDDM,1787093774.0,1787125976,EDDM,KDEN,1787125976.0,9,DLH,Lufthansa,True,US,,Intercontinental,39.860027,-104.673792,48.353802,11.7861,8386.891146653817
EDDM,arrival,3c6667,DLH3TR,EDDB,EDDM,1787122924.0,1787125857,EDDM,EDDB,1787125857.0,9,DLH,Lufthansa,True,DE,EU,Domestic,52.361738,13.502341,48.353802,11.7861,461.95813684339504
EDDM,arrival,501dd0,CTN436R,LDZA,EDDM,1787122415.0,1787125822,EDDM,LDZA,1787125822.0,9,CTN,Croatia Airlines,False,HR,EU,Europe,45.742901,16.0688,48.353802,11.7861,435.27814472701783
EDDM,arrival,3c65d2,DLH1ML,EGLL,EDDM,1787121067.0,1787125739,EDDM,EGLL,1787125739.0,9,DLH,Lufthansa,True,GB,EU,Europe,51.470748,-0.459909,48.353802,11.7861,941.4502219841752
EDDM,arrival,3c6524,LHX8WT,EGCC,EDDM,1787120077.0,1787125648,EDDM,EGCC,1787125648.0,9,LHX,Other / unmatched,False,GB,EU,Europe,53.349375,-2.279521,48.353802,11.7861,1130.1311120568162
EDDM,arrival,3c66a4,DLH5JF,LSGG,EDDM,1787122563.0,1787125569,EDDM,LSGG,1787125569.0,9,DLH,Lufthansa,True,CH,EU,Europe,46.238098,6.10895,48.353802,11.7861,488.3333081603772
EDDM,arrival,3003ae,DLA8269,LIMC,EDDM,1787122621.0,1787125427,EDDM,LIMC,1787125427.0,9,DLA,Air Dolomiti,True,IT,EU,Europe,45.6306,8.72811,48.353802,11.7861,381.35803391926396
EDDM,arrival,3c6750,DLH96V,LEBL,EDDM,1787119271.0,1787125311,EDDM,LEBL,1787125311.0,9,DLH,Lufthansa,True,ES,EU,Europe,41.2971,2.07846,48.353802,11.7861,1094.6300447813323
EDDM,arrival,3c6441,DLH1VA,EDDV,EDDM,1787121965.0,1787125188,EDDM,EDDV,1787125188.0,9,DLH,Lufthansa,True,DE,EU,Domestic,52.461102,9.68508,48.353802,11.7861,480.3139277522467
EDDM,arrival,44b430,PGC89Q,EBKT,EDDM,1787120974.0,1787125038,EDDM,EBKT,1787125038.0,9,PGC,Other / unmatched,False,BE,EU,Europe,50.818878,3.209551,48.353802,11.7861,675.7717987299708
EDDM,arrival,400982,BAW926C,EGLL,EDDM,1787120137.0,1787124921,EDDM,EGLL,1787124921.0,9,BAW,British Airways,False,GB,EU,Europe,51.470748,-0.459909,48.353802,11.7861,941.4502219841752
EDDM,arrival,3c65a8,DLH425,KBOS,EDDM,1787101211.0,1787124850,EDDM,KBOS,1787124850.0,9,DLH,Lufthansa,True,US,,Intercontinental,42.36197,-71.0079,48.353802,11.7861,6181.357339988392
EDDM,arrival,348412,AEA83HV,LEMD,EDDM,1787117738.0,1787124740,EDDM,LEMD,1787124740.0,9,AEA,Air Europa,False,ES,EU,Europe,40.493407,-3.572249,48.353802,11.7861,1496.0210543929695
EDDM,arrival,344409,VLG1812,LEBL,EDDM,1787118569.0,1787124718,EDDM,LEBL,1787124718.0,9,VLG,Vueling Airlines,False,ES,EU,Europe,41.2971,2.07846,48.353802,11.7861,1094.6300447813323
EDDM,arrival,3c66af,DLH7JE,EHAM,EDDM,1787120773.0,1787124626,EDDM,EHAM,1787124626.0,9,DLH,Lufthansa,True,NL,EU,Europe,52.308601,4.76389,48.353802,11.7861,664.166274486877
EDDM,arrival,3c66a6,DLH8PJ,LIRF,EDDM,1787120225.0,1787124599,EDDM,LIRF,1787124599.0,9,DLH,Lufthansa,True,IT,EU,Europe,41.804532,12.251998,48.353802,11.7861,729.1597800937259
EDDM,arrival,4d22ab,KMM306,LMML,EDDM,1787116940.0,1787124487,EDDM,LMML,1787124487.0,9,KMM,Other / unmatched,False,MT,EU,Europe,35.845932,14.491546,48.353802,11.7861,1408.3647646637505
EDDM,arrival,3c644d,LHX4HF,EDDK,EDDM,1787121740.0,1787124447,EDDM,EDDK,1787124447.0,9,LHX,Other / unmatched,False,DE,EU,Domestic,50.865898,7.14274,48.353802,11.7861,435.70033074990323
EDDM,arrival,3c6549,LHX02A,LEMD,EDDM,1787117321.0,1787124370,EDDM,LEMD,1787124370.0,9,LHX,Other / unmatched,False,ES,EU,Europe,40.493407,-3.572249,48.353802,11.7861,1496.0210543929695
EDDM,arrival,3c648e,DLH3VV,LHDC,EDDM,1787119772.0,1787124288,EDDM,LHDC,1787124288.0,9,DLH,Lufthansa,True,HU,EU,Europe,47.489469,21.616278,48.353802,11.7861,738.2687697204744
EDDM,arrival,4692d6,AEE432,,EDDM,1787114998.0,1787124233,EDDM,,1787124233.0,9,AEE,Aegean Airlines,False,,,unknown,,,48.353802,11.7861,
EDDM,arrival,4caf12,SAS661,EKCH,EDDM,1787119875.0,1787124198,EDDM,EKCH,1787124198.0,9,SAS,Scandinavian Airlines System,False,DK,EU,Europe,55.617900848389,12.656000137329,48.353802,11.7861,809.9072697989837
EDDM,arrival,4bcdd6,SXS7UQ,LTFE,EDDM,1787114807.0,1787124089,EDDM,LTFE,1787124089.0,9,SXS,SunExpress,False,TR,AS,Intercontinental,37.249314,27.66401,48.353802,11.7861,1782.9522939804467
EDDM,arrival,461f54,FIN1DH,EFHK,EDDM,1787116421.0,1787123998,EDDM,EFHK,1787123998.0,9,FIN,Finnair,False,FI,EU,Europe,60.318363,24.963341,48.353802,11.7861,1574.642671936596
EDDM,arrival,02a191,TAR892,,EDDM,1787117389.0,1787123969,EDDM,,1787123969.0,9,TAR,Tunisair,False,,,unknown,,,48.353802,11.7861,
EDDM,arrival,3c66c1,DLH4W,KCLT,EDDM,1787096256.0,1787123847,EDDM,KCLT,1787123847.0,9,DLH,Lufthansa,True,US,,Intercontinental,35.2140007019043,-80.94309997558594,48.353802,11.7861,7350.6652794013735
EDDM,arrival,3c66a2,DLH99P,,EDDM,1787117574.0,1787123773,EDDM,,1787123773.0,9,DLH,Lufthansa,True,,,unknown,,,48.353802,11.7861,
EDDM,arrival,3c65cb,DLH9MR,EGLL,EDDM,1787118974.0,1787123697,EDDM,EGLL,1787123697.0,9,DLH,Lufthansa,True,GB,EU,Europe,51.470748,-0.459909,48.353802,11.7861,941.4502219841752
EDDM,arrival,501c59,CTN438P,,EDDM,1787120413.0,1787123619,EDDM,,1787123619.0,9,CTN,Croatia Airlines,False,,,unknown,,,48.353802,11.7861,
EDDM,arrival,4bce03,SXS8CB,LTAI,EDDM,1787112828.0,1787123458,EDDM,LTAI,1787123458.0,9,SXS,SunExpress,False,TR,AS,Intercontinental,36.898701,30.800501,48.353802,11.7861,2000.932273238901
EDDM,arrival,aad012,UAL102,KIAH,EDDM,1787090076.0,1787123381,EDDM,KIAH,1787123381.0,9,UAL,United Airlines,False,US,,Intercontinental,29.9844,-95.3414,48.353802,11.7861,8699.032714972389
EDDM,arrival,3c4a21,DLH9XK,EDDF,EDDM,1787121111.0,1787123210,EDDM,EDDF,1787123210.0,9,DLH,Lufthansa,True,DE,EU,Domestic,50.026706,8.55835,48.353802,11.7861,299.3253023081836
EDDM,arrival,39bda9,AFR24XK,LFPG,EDDM,1787119175.0,1787123065,EDDM,LFPG,1787123065.0,9,AFR,Air France,False,FR,EU,Europe,49.00896,2.554117,48.353802,11.7861,681.24944036537
EDDM,arrival,4bb1a4,THY4XL,,EDDM,1787115221.0,1787122929,EDDM,,1787122929.0,9,THY,Turkish Airlines,False,,,unknown,,,48.353802,11.7861,
EDDM,arrival,3c66ad,DLH7YC,ENGM,EDDM,1787116133.0,1787122900,EDDM,ENGM,1787122900.0,9,DLH,Lufthansa,True,NO,EU,Europe,60.193901,11.1004,48.353802,11.7861,1317.2932288251484
EDDM,arrival,4d0242,PGC19D,EBCI,EDDM,1787117854.0,1787122744,EDDM,EBCI,1787122744.0,8,PGC,Other / unmatched,False,BE,EU,Europe,50.461963,4.459562,48.353802,11.7861,579.2735484762653
EDDM,arrival,440c31,EJU39GT,LIRF,EDDM,1787118290.0,1787122649,EDDM,LIRF,1787122649.0,8,EJU,easyJet,False,IT,EU,Europe,41.804532,12.251998,48.353802,11.7861,729.1597800937259
EDDM,arrival,73806b,ELY353,LLBG,EDDM,1787109526.0,1787122516,EDDM,LLBG,1787122516.0,8,ELY,El Al Israel Airlines,False,IL,AS,Intercontinental,32.011398,34.8867,48.353802,11.7861,2655.012268878441
EDDM,arrival,a59601,UAL953,KORD,EDDM,1787094984.0,1787122375,EDDM,KORD,1787122375.0,8,UAL,United Airlines,False,US,,Intercontinental,41.9786,-87.9048,48.353802,11.7861,7269.553005700629
EDDM,arrival,4692cc,AEE5CM,LGTS,EDDM,1787115400.0,1787122238,EDDM,LGTS,1787122238.0,8,AEE,Aegean Airlines,False,GR,EU,Europe,40.51928,22.970009,48.353802,11.7861,1241.5247714636366
EDDM,arrival,400dae,EZY53ZM,EGKK,EDDM,1787117573.0,1787122104,EDDM,EGKK,1787122104.0,8,EZY,easyJet,False,GB,EU,Europe,51.148744,-0.185739,48.353802,11.7861,913.2541571444992
EDDM,arrival,39856f,KLM1849,EHAM,EDDM,1787117391.0,1787120991,EDDM,EHAM,1787120991.0,8,KLM,KLM Royal Dutch Airlines,False,NL,EU,Europe,52.308601,4.76389,48.353802,11.7861,664.166274486877
EDDM,arrival,3c6714,DLH765,VOBL,EDDM,1787088874.0,1787120609,EDDM,VOBL,1787120609.0,8,DLH,Lufthansa,True,IN,AS,Intercontinental,13.1979,77.706299,48.353802,11.7861,7143.295810226152
EDDM,arrival,502cce,BTI89G,EVRA,EDDM,1787113429.0,1787120601,EDDM,EVRA,1787120601.0,8,BTI,Air Baltic,False,LV,EU,Europe,56.920752,23.970711,48.353802,11.7861,1254.6428788634457
EDDM,arrival,4b0295,SWR2MC,LSZH,EDDM,1787117440.0,1787120459,EDDM,LSZH,1787120459.0,8,SWR,Swiss,True,CH,EU,Europe,47.458056,8.548056,48.353802,11.7861,261.0790248574686
EDDM,arrival,3c6447,DLH5HV,EDDL,EDDM,1787117437.0,1787120451,EDDM,EDDL,1787120451.0,8,DLH,Lufthansa,True,DE,EU,Domestic,51.289501,6.76678,48.353802,11.7861,485.82278259661393
EDDM,arrival,3c6664,DLH5E,EDDH,EDDM,1787116955.0,1787120300,EDDM,EDDH,1787120300.0,8,DLH,Lufthansa,True,DE,EU,Domestic,53.630402,9.98823,48.353802,11.7861,600.0198333228711
EDDM,arrival,4bc884,PGT268L,,EDDM,1787111569.0,1787120095,EDDM,,1787120095.0,8,PGT,Pegasus Airlines,False,,,unknown,,,48.353802,11.7861,
EDDM,arrival,3c64a3,DLH09H,LFBO,EDDM,1787114865.0,1787119883,EDDM,LFBO,1787119883.0,8,DLH,Lufthansa,True,FR,EU,Europe,43.629101,1.36382,48.353802,11.7861,960.1176855029028
EDDM,arrival,3c6917,CFG2RX,EDDF,EDDM,1787117599.0,1787119746,EDDM,EDDF,1787119746.0,8,CFG,Condor Flugdienst,False,DE,EU,Domestic,50.026706,8.55835,48.353802,11.7861,299.3253023081836
EDDM,arrival,896535,ETD125,,EDDM,1787097445.0,1787119649,EDDM,,1787119649.0,8,ETD,Etihad Airways,False,,,unknown,,,48.353802,11.7861,
EDDM,arrival,3c66a8,DLH9851,EDDB,EDDM,1787116826.0,1787119611,EDDM,EDDB,1787119611.0,8,DLH,Lufthansa,True,DE,EU,Domestic,52.361738,13.502341,48.353802,11.7861,461.95813684339504
EDDM,arrival,3c6753,DLH3HH,EDDF,EDDM,1787117308.0,1787119337,EDDM,EDDF,1787119337.0,8,DLH,Lufthansa,True,DE,EU,Domestic,50.026706,8.55835,48.353802,11.7861,299.3253023081836
EDDM,arrival,3c65d7,DLH7XV,ESSA,EDDM,1787112555.0,1787119229,EDDM,ESSA,1787119229.0,8,DLH,Lufthansa,True,SE,EU,Europe,59.64849,17.928829,48.353802,11.7861,1317.1539995726077
EDDM,arrival,3c6521,LHX3YX,,EDDM,1787112509.0,1787119196,EDDM,,1787119196.0,7,LHX,Other / unmatched,False,,,unknown,,,48.353802,11.7861,
EDDM,arrival,3c6648,DLH1715,,EDDM,1787114393.0,1787119100,EDDM,,1787119100.0,7,DLH,Lufthansa,True,,,unknown,,,48.353802,11.7861,
EDDM,arrival,3c5eed,EWG51Y,EDDL,EDDM,1787116182.0,1787118974,EDDM,EDDL,1787118974.0,7,EWG,Eurowings,True,DE,EU,Domestic,51.289501,6.76678,48.353802,11.7861,485.82278259661393
EDDM,arrival,ab7376,DAL130,KATL,EDDM,1787088639.0,1787118615,EDDM,KATL,1787118615.0,7,DAL,Delta Air Lines,False,US,,Intercontinental,33.6367,-84.428101,48.353802,11.7861,7701.967004873525
EDDM,arrival,452144,ELY251,LLBG,EDDM,1787105494.0,1787118508,EDDM,LLBG,1787118508.0,7,ELY,El Al Israel Airlines,False,IL,AS,Intercontinental,32.011398,34.8867,48.353802,11.7861,2655.012268878441
EDDM,arrival,3c64aa,DLH2559,UGTB,EDDM,1787103993.0,1787118314,EDDM,UGTB,1787118314.0,7,DLH,Lufthansa,True,GE,AS,Intercontinental,41.669201,44.9547,48.353802,11.7861,2687.799085047897
EDDM,arrival,3c658c,DLH1MA,LHBP,EDDM,1787114779.0,1787118224,EDDM,LHBP,1787118224.0,7,DLH,Lufthansa,True,HU,EU,Europe,47.43018,19.262393,48.353802,11.7861,566.5693471360726
EDDM,arrival,44ce72,BEL7TC,EBMB,EDDM,1787114877.0,1787118116,EDDM,EBMB,1787118116.0,7,BEL,Brussels Airlines,True,BE,EU,Europe,50.913419,4.491005,48.353802,11.7861,597.1393398635668
EDDM,arrival,3c65cc,DLH6NC,LYBE,EDDM,1787113457.0,1787118048,EDDM,LYBE,1787118048.0,7,DLH,Lufthansa,True,RS,EU,Europe,44.818401,20.309099,48.353802,11.7861,760.1143374277194
EDDM,arrival,3c6552,LHX98X,LFPG,EDDM,1787114117.0,1787117921,EDDM,LFPG,1787117921.0,7,LHX,Other / unmatched,False,FR,EU,Europe,49.00896,2.554117,48.353802,11.7861,681.24944036537
EDDM,arrival,3c66ac,DLH4EK,ESGG,EDDM,1787112223.0,1787117789,EDDM,ESGG,1787117789.0,7,DLH,Lufthansa,True,SE,EU,Europe,57.6628,12.2798,48.353802,11.7861,1035.6329475559055
EDDM,arrival,300554,DLH2KW,,EDDM,1787112421.0,1787117704,EDDM,,1787117704.0,7,DLH,Lufthansa,True,,,unknown,,,48.353802,11.7861,
EDDM,arrival,3c6676,DLH8MC,EDDB,EDDM,1787114535.0,1787117661,EDDM,EDDB,1787117661.0,7,DLH,Lufthansa,True,DE,EU,Domestic,52.361738,13.502341,48.353802,11.7861,461.95813684339504
EDDM,arrival,3c666e,DLH01J,LFML,EDDM,1787112945.0,1787117601,EDDM,LFML,1787117601.0,7,DLH,Lufthansa,True,FR,EU,Europe,43.438088,5.2125,48.353802,11.7861,746.1588906600581
EDDM,arrival,3c66b3,OCN1000,EDDF,EDDM,1787115431.0,1787117591,EDDM,EDDF,1787117591.0,7,OCN,Discover Airlines,True,DE,EU,Domestic,50.026706,8.55835,48.353802,11.7861,299.3253023081836
EDDM,arrival,3c6585,DLH3AC,EPWA,EDDM,1787112947.0,1787117469,EDDM,EPWA,1787117469.0,7,DLH,Lufthansa,True,PL,EU,Europe,52.165699,20.9671,48.353802,11.7861,777.3312420832704
EDDM,arrival,502d0c,DLH2467,EFHK,EDDM,1787109201.0,1787117455,EDDM,EFHK,1787117455.0,7,DLH,Lufthansa,True,FI,EU,Europe,60.318363,24.963341,48.353802,11.7861,1574.642671936596
EDDM,arrival,503e82,EWG84A,EDDH,EDDM,1787113729.0,1787117367,EDDM,EDDH,1787117367.0,7,EWG,Eurowings,True,DE,EU,Domestic,53.630402,9.98823,48.353802,11.7861,600.0198333228711
EDDM,arrival,3c6643,DLH2FL,LGAV,EDDM,1787109342.0,1787117319,EDDM,LGAV,1787117319.0,7,DLH,Lufthansa,True,GR,EU,Europe,37.936401,23.9445,48.353802,11.7861,1517.678423211962
EDDM,arrival,3c6655,DLH4LY,EPKK,EDDM,1787113565.0,1787117255,EDDM,EPKK,1787117255.0,7,DLH,Lufthansa,True,PL,EU,Europe,50.077702,19.7848,48.353802,11.7861,611.4215212873963
EDDM,arrival,300558,DLA7TP,LIPZ,EDDM,1787114318.0,1787117241,EDDM,LIPZ,1787117241.0,7,DLA,Air Dolomiti,True,IT,EU,Europe,45.505299,12.3519,48.353802,11.7861,319.6370516473726
EDDM,arrival,3c64a5,DLH1LX,LROP,EDDM,1787110237.0,1787117126,EDDM,LROP,1787117126.0,7,DLH,Lufthansa,True,RO,EU,Europe,44.571792,26.103285,48.353802,11.7861,1172.273078026738
EDDM,arrival,78115f,CCA961,,EDDM,1787047823.0,1787117087,EDDM,,1787117087.0,7,CCA,Air China,False,,,unknown,,,48.353802,11.7861,
EDDM,arrival,300a7b,DLA3TN,LIMC,EDDM,1787113430.0,1787117039,EDDM,LIMC,1787117039.0,7,DLA,Air Dolomiti,True,IT,EU,Europe,45.6306,8.72811,48.353802,11.7861,381.35803391926396
EDDM,arrival,3c6715,DLH411,KJFK,EDDM,1787092568.0,1787116973,EDDM,KJFK,1787116973.0,7,DLH,Lufthansa,True,US,,Intercontinental,40.639447,-73.779317,48.353802,11.7861,6481.1078318149075
EDDM,arrival,300394,DLA5UP,LIPX,EDDM,1787113791.0,1787116929,EDDM,LIPX,1787116929.0,7,DLA,Air Dolomiti,True,IT,EU,Europe,45.394955,10.887303,48.353802,11.7861,336.02050504371863
EDDM,arrival,300393,DLH6RJ,LIMF,EDDM,1787113300.0,1787116807,EDDM,LIMF,1787116807.0,7,DLH,Lufthansa,True,IT,EU,Europe,45.200802,7.64963,48.353802,11.7861,471.1756296930028
EDDM,arrival,3c66a3,DLH7LA,EDDL,EDDM,1787113845.0,1787116799,EDDM,EDDL,1787116799.0,7,DLH,Lufthansa,True,DE,EU,Domestic,51.289501,6.76678,48.353802,11.7861,485.82278259661393
EDDM,arrival,3c6484,DLH6EL,LDZA,EDDM,1787113596.0,1787116671,EDDM,LDZA,1787116671.0,7,DLH,Lufthansa,True,HR,EU,Europe,45.742901,16.0688,48.353802,11.7861,435.27814472701783
EDDM,arrival,3c666b,DLH1KV,LBSF,EDDM,1787110152.0,1787116664,EDDM,LBSF,1787116664.0,7,DLH,Lufthansa,True,BG,EU,Europe,42.696357,23.417671,48.353802,11.7861,1101.196996304008
EDDM,arrival,3c66a7,DLH93U,LFMN,EDDM,1787112528.0,1787116556,EDDM,LFMN,1787116556.0,7,DLH,Lufthansa,True,FR,EU,Europe,43.658401,7.21587,48.353802,11.7861,629.9664294216898
EDDM,arrival,c051e4,ACA836,CYYZ,EDDM,1787089669.0,1787116455,EDDM,CYYZ,1787116455.0,7,ACA,Air Canada,False,CA,,Intercontinental,43.675935,-79.629421,48.353802,11.7861,6640.970612571285
EDDM,arrival,471a79,HAKAR,LDPL,EDDM,1787112656.0,1787116434,EDDM,LDPL,1787116434.0,7,HAK,Pegasus Helicopters,False,HR,EU,Europe,44.893501,13.9222,48.353802,11.7861,417.8758704690821
EDDM,arrival,7816b5,CCA827,,EDDM,1787081187.0,1787116318,EDDM,,1787116318.0,7,CCA,Air China,False,,,unknown,,,48.353802,11.7861,
EDDM,arrival,451dbd,BCS236P,LEBL,EDDM,1787110424.0,1787116240,EDDM,LEBL,1787116240.0,7,BCS,European Air Transport,False,ES,EU,Europe,41.2971,2.07846,48.353802,11.7861,1094.6300447813323
EDDM,arrival,3c66a5,DLH3EM,EDDW,EDDM,1787113025.0,1787116194,EDDM,EDDW,1787116194.0,7,DLH,Lufthansa,True,DE,EU,Domestic,53.046786,8.78932,48.353802,11.7861,562.7750716084975
EDDM,arrival,3c65d0,DLH7FM,EKCH,EDDM,1787111884.0,1787116064,EDDM,EKCH,1787116064.0,7,DLH,Lufthansa,True,DK,EU,Europe,55.617900848389,12.656000137329,48.353802,11.7861,809.9072697989837
EDDM,arrival,3c658b,DLH8FN,EPWR,EDDM,1787113243.0,1787115947,EDDM,EPWR,1787115947.0,7,DLH,Lufthansa,True,PL,EU,Europe,51.103719,16.882096,48.353802,11.7861,476.9484303343857
EDDM,arrival,a2ca64,UAL108,KIAD,EDDM,1787090208.0,1787115877,EDDM,KIAD,1787115877.0,7,UAL,United Airlines,False,US,,Intercontinental,38.9445,-77.455803,48.353802,11.7861,6842.950667184059
EDDM,arrival,3c6497,DLH6M,EDDH,EDDM,1787112555.0,1787115764,EDDM,EDDH,1787115764.0,7,DLH,Lufthansa,True,DE,EU,Domestic,53.630402,9.98823,48.353802,11.7861,600.0198333228711
EDDM,arrival,440668,AUA18Z,LOWW,EDDM,1787113005.0,1787115749,EDDM,LOWW,1787115749.0,7,AUA,Austrian,True,AT,EU,Europe,48.110298,16.5697,48.353802,11.7861,355.28949987483753
EDDM,arrival,300557,DLA5RK,LIPE,EDDM,1787112263.0,1787115640,EDDM,LIPE,1787115640.0,7,DLA,Air Dolomiti,True,IT,EU,Europe,44.5354,11.2887,48.353802,11.7861,426.29115310070506
EDDM,arrival,3c66ab,DLH4CH,EDDG,EDDM,1787112552.0,1787115615,EDDM,EDDG,1787115615.0,7,DLH,Lufthansa,True,DE,EU,Domestic,52.133816,7.688482,48.353802,11.7861,511.262067139501
EDDM,arrival,3c6442,DLH8KY,LKPR,EDDM,1787113614.0,1787115504,EDDM,LKPR,1787115504.0,6,DLH,Lufthansa,True,CZ,EU,Europe,50.100874,14.259911,48.353802,11.7861,264.56441406353673
EDDM,arrival,300a7c,DLH4JT,LIMJ,EDDM,1787111928.0,1787115493,EDDM,LIMJ,1787115493.0,6,DLH,Lufthansa,True,IT,EU,Europe,44.412039,8.840732,48.353802,11.7861,493.0124903830891
EDDM,arrival,3c6444,DLH6KX,EDDS,EDDM,1787113638.0,1787115388,EDDM,EDDS,1787115388.0,6,DLH,Lufthansa,True,DE,EU,Domestic,48.689899,9.22196,48.353802,11.7861,192.49685997721903
EDDM,arrival,3c65a1,DLH767,VAJJ,EDDM,1787085769.0,1787115231,EDDM,VAJJ,1787115231.0,6,DLH,Lufthansa,True,IN,AS,Intercontinental,19.098100662231445,72.83419799804688,48.353802,11.7861,6308.959103039288
EDDM,arrival,3c66b5,OCN2RD,BIKF,EDDM,1787103198.0,1787114993,EDDM,BIKF,1787114993.0,6,OCN,Discover Airlines,True,IS,EU,Europe,63.985001,-22.6056,48.353802,11.7861,2691.7541803469103
EDDM,arrival,4bce02,SXS4YR,LTBK,EDDM,1787105629.0,1787114840,EDDM,LTBK,1787114840.0,6,SXS,SunExpress,False,TR,AS,Intercontinental,38.319099,27.159401,48.353802,11.7861,1664.9309898995082
EDDM,arrival,3c66b0,DLH1HP,,EDDM,1787109456.0,1787114519,EDDM,,1787114519.0,6,DLH,Lufthansa,True,,,unknown,,,48.353802,11.7861,
EDDM,arrival,06a2f7,QTR5T,,EDDM,1787093026.0,1787114396,EDDM,,1787114396.0,6,QTR,Qatar Airways,False,,,unknown,,,48.353802,11.7861,
EDDM,arrival,a75103,UAL30,KEWR,EDDM,1787089634.0,1787114309,EDDM,KEWR,1787114309.0,6,UAL,United Airlines,False,US,,Intercontinental,40.6894,-74.170545,48.353802,11.7861,6503.29872919886
EDDM,arrival,aace5c,AAL784,KCLT,EDDM,1787085819.0,1787114148,EDDM,KCLT,1787114148.0,6,AAL,American Airlines,False,US,,Intercontinental,35.2140007019043,-80.94309997558594,48.353802,11.7861,7350.6652794013735
EDDM,arrival,86e800,ANA217,RJTT,EDDM,1787063035.0,1787113938,EDDM,RJTT,1787113938.0,6,ANA,All Nippon Airways,False,JP,AS,Intercontinental,35.549678,139.786958,48.353802,11.7861,9359.196986331479
EDDM,arrival,76cda3,SIA328,WSAC,EDDM,1787070848.0,1787113708,EDDM,WSAC,1787113708.0,6,SIA,Singapore Airlines,False,SG,AS,Intercontinental,1.3441400528,104.009002686,48.353802,11.7861,10060.036105902804
EDDM,arrival,8940c9,GFA87S,OBBI,EDDM,1787093530.0,1787113549,EDDM,OBBI,1787113549.0,6,GFA,Gulf Air,False,BH,AS,Intercontinental,26.267295,50.63764,48.353802,11.7861,4154.786838562167
EDDM,arrival,a4ee82,DAL22,KDTW,EDDM,1787086240.0,1787113317,EDDM,KDTW,1787113317.0,6,DAL,Delta Air Lines,False,US,,Intercontinental,42.21377,-83.353786,48.353802,11.7861,6976.63897547364
EDDM,arrival,3c65ab,DLH763,VIDP,EDDM,1787085497.0,1787113257,EDDM,VIDP,1787113257.0,6,DLH,Lufthansa,True,IN,AS,Intercontinental,28.55563,77.09519,48.353802,11.7861,5899.658692151617
EDDM,arrival,3c48f0,LHX1CF,LRTR,EDDM,1787108170.0,1787112821,EDDM,LRTR,1787112821.0,6,LHX,Other / unmatched,False,RO,EU,Europe,45.809898,21.3379,48.353802,11.7861,775.9307102700958
EDDM,arrival,3c6716,DLH727,,EDDM,1787070378.0,1787112297,EDDM,,1787112297.0,6,DLH,Lufthansa,True,,,unknown,,,48.353802,11.7861,
EDDM,arrival,4cae24,BCS26N,EDDP,EDDM,1787109386.0,1787111469,EDDM,EDDP,1787111469.0,5,BCS,European Air Transport,False,DE,EU,Domestic,51.420657,12.232705,48.353802,11.7861,342.5145460890214
EDDM,arrival,4cabc7,ABR1UC,EBLG,EDDM,1787107068.0,1787111352,EDDM,EBLG,1787111352.0,5,ABR,Air Contractors,False,BE,EU,Europe,50.638574,5.443897,48.353802,11.7861,523.5251533260163
EDDM,arrival,3c65c8,DLH1743,,EDDM,1787100947.0,1787109177,EDDM,,1787109177.0,5,DLH,Lufthansa,True,,,unknown,,,48.353802,11.7861,
EDDM,arrival,3c670a,DLH773,VTBS,EDDM,1787070646.0,1787109022,EDDM,VTBS,1787109022.0,5,DLH,Lufthansa,True,TH,AS,Intercontinental,13.6811,100.747002,48.353802,11.7861,8799.706886508031
EDDM,arrival,45ce55,SRR6118,EDDK,EDDM,1787106434.0,1787108862,EDDM,EDDK,1787108862.0,5,SRR,Star Air,False,DE,EU,Domestic,50.865898,7.14274,48.353802,11.7861,435.70033074990323
EDDM,arrival,440d92,TAY7SR,LFPG,EDDM,1787105013.0,1787108741,EDDM,LFPG,1787108741.0,5,TAY,TNT Airways,False,FR,EU,Europe,49.00896,2.554117,48.353802,11.7861,681.24944036537
EDDM,arrival,3c6710,DLH769,WSAC,EDDM,1787065595.0,1787108518,EDDM,WSAC,1787108518.0,5,DLH,Lufthansa,True,SG,AS,Intercontinental,1.3441400528,104.009002686,48.353802,11.7861,10060.036105902804
EDDB,departure,45ce46,SRR6227,EDDB,EDDK,1787173953.0,1787179084,EDDB,EDDK,1787173953.0,23,SRR,Star Air,False,DE,EU,Domestic,50.865898,7.14274,52.361738,13.502341,469.3634453655426
EDDB,departure,4ac9e1,SAS79E,EDDB,ESSA,1787173615.0,1787177859,EDDB,ESSA,1787173615.0,23,SAS,Scandinavian Airlines System,False,SE,EU,Europe,59.64849,17.928829,52.361738,13.502341,855.2413404386158
EDDB,departure,4bc8da,PGT1604,EDDB,,1787172190.0,1787176607,EDDB,,1787172190.0,22,PGT,Pegasus Airlines,False,,,unknown,,,52.361738,13.502341,
EDDB,departure,4bb206,THY3TL,EDDB,LTBA,1787171703.0,1787179239,EDDB,LTBA,1787171703.0,22,THY,Turkish Airlines,False,TR,EU,Europe,40.971913,28.823714,52.361738,13.502341,1716.6276807945226
EDDB,departure,471f02,WZZ513,EDDB,,1787171563.0,1787176607,EDDB,,1787171563.0,22,WZZ,Wizz Air,False,,,unknown,,,52.361738,13.502341,
EDDB,departure,06a2f8,QTR28L,EDDB,OTHH,1787171452.0,1787191869,EDDB,OTHH,1787171452.0,22,QTR,Qatar Airways,False,QA,AS,Intercontinental,25.273056,51.608056,52.361738,13.502341,4382.325187842938
EDDB,departure,3c49d4,EWG7ZP,EDDB,EDDS,1787170831.0,1787174340,EDDB,EDDS,1787170831.0,22,EWG,Eurowings,True,DE,EU,Domestic,48.689899,9.22196,52.361738,13.502341,507.9960884704093
EDDB,departure,3474ce,SWT9ER,EDDB,LFPG,1787170381.0,1787175476,EDDB,LFPG,1787170381.0,22,SWT,Swiftair,False,FR,EU,Europe,49.00896,2.554117,52.361738,13.502341,855.508956402892
EDDB,departure,4d234d,RYR7FD,EDDB,EGCC,1787170081.0,1787175986,EDDB,EGCC,1787170081.0,22,RYR,Ryanair,False,GB,EU,Europe,53.349375,-2.279521,52.361738,13.502341,1063.1055072028269
EDDB,departure,3c0936,SDR19HJ,EDDB,,1787169612.0,1787180982,EDDB,,1787169612.0,22,SDR,City Airline,False,,,unknown,,,52.361738,13.502341,
EDDB,departure,346355,VLG1887,EDDB,LEBL,1787169574.0,1787178488,EDDB,LEBL,1787169574.0,21,VLG,Vueling Airlines,False,ES,EU,Europe,41.2971,2.07846,52.361738,13.502341,1502.4410210044541
EDDB,departure,5140c7,TGZ782,EDDB,UGTB,1787169286.0,1787181385,EDDB,UGTB,1787169286.0,21,TGZ,Georgian Airways,False,GE,AS,Intercontinental,41.669201,44.9547,52.361738,13.502341,2636.0938198691692
EDDB,departure,4bcd82,SXS5FH,EDDB,EDDB,1787169224.0,1787200340,EDDB,EDDB,1787169224.0,21,SXS,SunExpress,False,DE,EU,Domestic,52.361738,13.502341,52.361738,13.502341,0.0
EDDB,departure,4402e8,EJU17TX,EDDB,LEPA,1787169122.0,1787177528,EDDB,LEPA,1787169122.0,21,EJU,easyJet,False,ES,EU,Europe,39.551701,2.73881,52.361738,13.502341,1645.6107840446327
EDDB,departure,4ca63a,EIN33W,EDDB,EIDW,1787168710.0,1787175871,EDDB,EIDW,1787168710.0,21,EIN,Aer Lingus,False,IE,EU,Europe,53.428713,-6.262121,52.361738,13.502341,1326.8211613493436
EDDB,departure,45ac50,SAS1680,EDDB,EKCH,1787167974.0,1787170331,EDDB,EKCH,1787167974.0,21,SAS,Scandinavian Airlines System,False,DK,EU,Europe,55.617900848389,12.656000137329,52.361738,13.502341,366.26438320999466
EDDB,departure,4cad3d,RYR8NZ,EDDB,EIDW,1787167890.0,1787175140,EDDB,EIDW,1787167890.0,21,RYR,Ryanair,False,IE,EU,Europe,53.428713,-6.262121,52.361738,13.502341,1326.8211613493436
EDDB,departure,4d00d4,LGL74BE,EDDB,ELLX,1787167427.0,1787172293,EDDB,ELLX,1787167427.0,21,LGL,Luxair,False,LU,EU,Europe,49.626845,6.212134,52.361738,13.502341,593.5559091954701
EDDB,departure,4ca4ea,RYR691A,EDDB,,1787167363.0,1787175352,EDDB,,1787167363.0,21,RYR,Ryanair,False,,,unknown,,,52.361738,13.502341,
EDDB,departure,44ce75,BEL3JZ,EDDB,EBMB,1787167146.0,1787171195,EDDB,EBMB,1787167146.0,21,BEL,Brussels Airlines,True,BE,EU,Europe,50.913419,4.491005,52.361738,13.502341,641.9237528591793
EDDB,departure,4bcdd5,SXS5HU,EDDB,LTAI,1787166579.0,1787176454,EDDB,LTAI,1787166579.0,21,SXS,SunExpress,False,TR,AS,Intercontinental,36.898701,30.800501,52.361738,13.502341,2185.924189019955
EDDB,departure,4d21dc,KMM377,EDDB,LMML,1787166253.0,1787175117,EDDB,LMML,1787166253.0,21,KMM,Other / unmatched,False,MT,EU,Europe,35.845932,14.491546,52.361738,13.502341,1838.1264505809506
EDDB,departure,4d232c,CXI35YA,EDDB,,1787166162.0,1787175268,EDDB,,1787166162.0,21,CXI,Shanxi Airlines,False,,,unknown,,,52.361738,13.502341,
EDDB,departure,46b837,AEE82B,EDDB,LGAV,1787166014.0,1787174578,EDDB,LGAV,1787166014.0,21,AEE,Aegean Airlines,False,GR,EU,Europe,37.936401,23.9445,52.361738,13.502341,1796.7219879999207
EDDB,departure,4b028e,SWR979E,EDDB,LSZH,1787165884.0,1787169949,EDDB,LSZH,1787165884.0,20,SWR,Swiss,True,CH,EU,Europe,47.458056,8.548056,52.361738,13.502341,650.1742760328439
EDDB,departure,502db3,BTI4UJ,EDDB,EVRA,1787165804.0,1787170233,EDDB,EVRA,1787165804.0,20,BTI,Air Baltic,False,LV,EU,Europe,56.920752,23.970711,52.361738,13.502341,841.5716055991722
EDDB,departure,47a218,NOZ109B,EDDB,ENGM,1787165584.0,1787169990,EDDB,ENGM,1787165584.0,20,NOZ,Other / unmatched,False,NO,EU,Europe,60.193901,11.1004,52.361738,13.502341,883.2777650528442
EDDB,departure,4c01e4,ASL44H,EDDB,LYBE,1787165341.0,1787170306,EDDB,LYBE,1787165341.0,20,ASL,Air Serbia,False,RS,EU,Europe,44.818401,20.309099,52.361738,13.502341,975.836974826641
EDDB,departure,3f7dc1,GAF813,EDDB,EDDK,1787165250.0,1787168246,EDDB,EDDK,1787165250.0,20,GAF,German Air Force,False,DE,EU,Domestic,50.865898,7.14274,52.361738,13.502341,469.3634453655426
EDDB,departure,3c5ee2,EWG5JH,EDDB,EDDL,1787165075.0,1787168367,EDDB,EDDL,1787165075.0,20,EWG,Eurowings,True,DE,EU,Domestic,51.289501,6.76678,52.361738,13.502341,477.81008605720956
EDDB,departure,48ad84,LOT3KT,EDDB,EPWA,1787164975.0,1787167767,EDDB,EPWA,1787164975.0,20,LOT,LOT Polish Airlines,False,PL,EU,Europe,52.165699,20.9671,52.361738,13.502341,508.251079990443
EDDB,departure,4008ad,BAW995,EDDB,EGLL,1787164841.0,1787170708,EDDB,EGLL,1787164841.0,20,BAW,British Airways,False,GB,EU,Europe,51.470748,-0.459909,52.361738,13.502341,961.2132012591328
EDDB,departure,45211b,BBG271,EDDB,LLBG,1787164533.0,1787177070,EDDB,LLBG,1787164533.0,20,BBG,Bluebird Airways (BZ),False,IL,AS,Intercontinental,32.011398,34.8867,52.361738,13.502341,2845.0807185461645
EDDB,departure,4a0481,ISR254,EDDB,LLBG,1787164304.0,1787177583,EDDB,LLBG,1787164304.0,20,ISR,Israir,False,IL,AS,Intercontinental,32.011398,34.8867,52.361738,13.502341,2845.0807185461645
EDDB,departure,4b990b,FHY1684,EDDB,LTAI,1787163810.0,1787173873,EDDB,LTAI,1787163810.0,20,FHY,Free Bird Airlines,False,TR,AS,Intercontinental,36.898701,30.800501,52.361738,13.502341,2185.924189019955
EDDB,departure,4521b2,GPX3281,EDDB,,1787163745.0,1787169744,EDDB,,1787163745.0,20,GPX,Other / unmatched,False,,,unknown,,,52.361738,13.502341,
EDDB,departure,4d2347,RYR65ZK,EDDB,LEMG,1787163725.0,1787175880,EDDB,LEMG,1787163725.0,20,RYR,Ryanair,False,ES,EU,Europe,36.6749,-4.49911,52.361738,13.502341,2240.8672607447097
EDDB,departure,461e1f,FIN8DN,EDDB,EFHK,1787163444.0,1787168971,EDDB,EFHK,1787163444.0,20,FIN,Finnair,False,FI,EU,Europe,60.318363,24.963341,52.361738,13.502341,1128.856278240693
EDDB,departure,39bb24,AFR38LQ,EDDB,LFPG,1787163183.0,1787168388,EDDB,LFPG,1787163183.0,20,AFR,Air France,False,FR,EU,Europe,49.00896,2.554117,52.361738,13.502341,855.508956402892
EDDB,departure,3420ca,IBE07MV,EDDB,LEMD,1787162886.0,1787173264,EDDB,LEMD,1787162886.0,20,IBE,Iberia Airlines,False,ES,EU,Europe,40.493407,-3.572249,52.361738,13.502341,1849.6059836875088
EDDB,departure,3c66a3,DLH1XN,EDDB,EDDM,1787162272.0,1787165455,EDDB,EDDM,1787162272.0,19,DLH,Lufthansa,True,DE,EU,Domestic,48.353802,11.7861,52.361738,13.502341,461.95813684339504
EDDB,departure,502d5b,SWR8X,EDDB,LSZH,1787162119.0,1787166434,EDDB,LSZH,1787162119.0,19,SWR,Swiss,True,CH,EU,Europe,47.458056,8.548056,52.361738,13.502341,650.1742760328439
EDDB,departure,4ba9c1,THY5MH,EDDB,LTBA,1787161816.0,1787169354,EDDB,LTBA,1787161816.0,19,THY,Turkish Airlines,False,TR,EU,Europe,40.971913,28.823714,52.361738,13.502341,1716.6276807945226
EDDB,departure,3c6741,DLH9XY,EDDB,EDDF,1787161609.0,1787164916,EDDB,EDDF,1787161609.0,19,DLH,Lufthansa,True,DE,EU,Domestic,50.026706,8.55835,52.361738,13.502341,431.2414419348526
EDDB,departure,503c92,DMS2LW,EDDB,EDDR,1787161542.0,1787166775,EDDB,EDDR,1787161542.0,19,DMS,Other / unmatched,False,DE,EU,Domestic,49.214545,7.109735,52.361738,13.502341,569.2101297903677
EDDB,departure,440607,AUA26Z,EDDB,LOWW,1787161517.0,1787164403,EDDB,LOWW,1787161517.0,19,AUA,Austrian,True,AT,EU,Europe,48.110298,16.5697,52.361738,13.502341,520.5310132858133
EDDB,departure,484559,KLM1782,EDDB,EHAM,1787161371.0,1787165116,EDDB,EHAM,1787161371.0,19,KLM,KLM Royal Dutch Airlines,False,NL,EU,Europe,52.308601,4.76389,52.361738,13.502341,593.3997730568556
EDDB,departure,39de4e,TVF89NN,EDDB,LFPO,1787161200.0,1787166877,EDDB,LFPO,1787161200.0,19,TVF,Transavia France,False,FR,EU,Europe,48.729499,2.358963,52.361738,13.502341,883.641438306821
EDDB,departure,4bc88b,PGT984,EDDB,LTFJ,1787161173.0,1787168954,EDDB,LTFJ,1787161173.0,19,PGT,Pegasus Airlines,False,TR,AS,Intercontinental,40.898602,29.3092,52.361738,13.502341,1747.9677223642755
EDDB,departure,4cada3,RYR5SB,EDDB,,1787160606.0,1787164612,EDDB,,1787160606.0,19,RYR,Ryanair,False,,,unknown,,,52.361738,13.502341,
EDDB,departure,471d5f,WZZ2CE,EDDB,UGKO,1787160459.0,1787171552,EDDB,UGKO,1787160459.0,19,WZZ,Wizz Air,False,GE,AS,Intercontinental,42.177448,42.485353,52.361738,13.502341,2439.7450328129216
EDDB,departure,3c48ee,EWG9KG,EDDB,EDDS,1787160259.0,1787163394,EDDB,EDDS,1787160259.0,19,EWG,Eurowings,True,DE,EU,Domestic,48.689899,9.22196,52.361738,13.502341,507.9960884704093
EDDB,departure,461fa9,FIN9YA,EDDB,EFHK,1787159922.0,1787165189,EDDB,EFHK,1787159922.0,19,FIN,Finnair,False,FI,EU,Europe,60.318363,24.963341,52.361738,13.502341,1128.856278240693
EDDB,departure,4ca84f,RYR2789,EDDB,EGSS,1787159820.0,1787165428,EDDB,EGSS,1787159820.0,19,RYR,Ryanair,False,GB,EU,Europe,51.884998,0.235,52.361738,13.502341,906.0299094092976
EDDB,departure,4cadff,RYR3NJ,EDDB,LIPZ,1787159640.0,1787164370,EDDB,LIPZ,1787159640.0,19,RYR,Ryanair,False,IT,EU,Europe,45.505299,12.3519,52.361738,13.502341,766.9915073107379
EDDB,departure,39e699,AFR99GT,EDDB,LFPG,1787159375.0,1787165331,EDDB,LFPG,1787159375.0,19,AFR,Air France,False,FR,EU,Europe,49.00896,2.554117,52.361738,13.502341,855.508956402892
EDDB,departure,4bb02b,TKJ9HJ,EDDB,,1787159280.0,1787166445,EDDB,,1787159280.0,19,TKJ,Other / unmatched,False,,,unknown,,,52.361738,13.502341,
EDDB,departure,3c6551,LHX195,EDDB,EDDF,1787158533.0,1787161438,EDDB,EDDF,1787158533.0,18,LHX,Other / unmatched,False,DE,EU,Domestic,50.026706,8.55835,52.361738,13.502341,431.2414419348526
EDDB,departure,4b9907,FHY1282,EDDB,LTAI,1787158305.0,1787168303,EDDB,LTAI,1787158305.0,18,FHY,Free Bird Airlines,False,TR,AS,Intercontinental,36.898701,30.800501,52.361738,13.502341,2185.924189019955
EDDB,departure,4d220a,RYR303F,EDDB,LIMC,1787158088.0,1787163470,EDDB,LIMC,1787158088.0,18,RYR,Ryanair,False,IT,EU,Europe,45.6306,8.72811,52.361738,13.502341,825.1001169151891
EDDB,departure,440219,EJU82DY,EDDB,EGKK,1787157700.0,1787163689,EDDB,EGKK,1787157700.0,18,EJU,easyJet,False,GB,EU,Europe,51.148744,-0.185739,52.361738,13.502341,950.3129533641089
EDDB,departure,3c66a6,DLH8WF,EDDB,EDDM,1787157632.0,1787160599,EDDB,EDDM,1787157632.0,18,DLH,Lufthansa,True,DE,EU,Domestic,48.353802,11.7861,52.361738,13.502341,461.95813684339504
EDDB,departure,4d236b,RYR4JQ,EDDB,LEAL,1787157613.0,1787167853,EDDB,LEAL,1787157613.0,18,RYR,Ryanair,False,ES,EU,Europe,38.2822,-0.558156,52.361738,13.502341,1905.6713310052153
EDDB,departure,440db0,EJU5075,EDDB,LIML,1787157134.0,1787162329,EDDB,LIML,1787157134.0,18,EJU,easyJet,False,IT,EU,Europe,45.445099,9.27674,52.361738,13.502341,828.43354860116
EDDB,departure,44061d,EJU36CL,EDDB,LSZH,1787157016.0,1787161524,EDDB,LSZH,1787157016.0,18,EJU,easyJet,False,CH,EU,Europe,47.458056,8.548056,52.361738,13.502341,650.1742760328439
EDDB,departure,3c49cc,EWG45B,EDDB,LSZH,1787156600.0,1787160883,EDDB,LSZH,1787156600.0,18,EWG,Eurowings,True,CH,EU,Europe,47.458056,8.548056,52.361738,13.502341,650.1742760328439
EDDB,departure,4bcde8,SXS5DW,EDDB,LTAI,1787156174.0,1787166087,EDDB,LTAI,1787156174.0,18,SXS,SunExpress,False,TR,AS,Intercontinental,36.898701,30.800501,52.361738,13.502341,2185.924189019955
EDDB,departure,440005,EJU95JF,EDDB,LSGG,1787156092.0,1787161167,EDDB,LSGG,1787156092.0,18,EJU,easyJet,False,CH,EU,Europe,46.238098,6.10895,52.361738,13.502341,865.6990564180037
EDDB,departure,3c6666,DLH2XC,EDDB,EDDF,1787155740.0,1787158499,EDDB,EDDF,1787155740.0,18,DLH,Lufthansa,True,DE,EU,Domestic,50.026706,8.55835,52.361738,13.502341,431.2414419348526
EDDB,departure,4403bb,EJU96ND,EDDB,LIRF,1787155084.0,1787161157,EDDB,LIRF,1787155084.0,17,EJU,easyJet,False,IT,EU,Europe,41.804532,12.251998,52.361738,13.502341,1177.6707290955103
EDDB,departure,4402ae,EJU41DH,EDDB,LFMN,1787155002.0,1787161271,EDDB,LFMN,1787155002.0,17,EJU,easyJet,False,FR,EU,Europe,43.658401,7.21587,52.361738,13.502341,1073.8550453207538
EDDB,departure,4bcdce,SXS16E,EDDB,LTAI,1787154570.0,1787164281,EDDB,LTAI,1787154570.0,17,SXS,SunExpress,False,TR,AS,Intercontinental,36.898701,30.800501,52.361738,13.502341,2185.924189019955
EDDB,departure,3c49d5,EWG3KA,EDDB,EDDK,1787154189.0,1787157417,EDDB,EDDK,1787154189.0,17,EWG,Eurowings,True,DE,EU,Domestic,50.865898,7.14274,52.361738,13.502341,469.3634453655426
EDDB,departure,484ee4,KLM1780,EDDB,EHAM,1787153869.0,1787157604,EDDB,EHAM,1787153869.0,17,KLM,KLM Royal Dutch Airlines,False,NL,EU,Europe,52.308601,4.76389,52.361738,13.502341,593.3997730568556
EDDB,departure,49514d,TAP53ED,EDDB,LPPT,1787153594.0,1787166514,EDDB,LPPT,1787153594.0,17,TAP,TAP Portugal,False,PT,EU,Europe,38.7813,-9.13592,52.361738,13.502341,2303.186665337529
EDDB,departure,3c56ef,EWG7RB,EDDB,LEPA,1787153371.0,1787162061,EDDB,LEPA,1787153371.0,17,EWG,Eurowings,True,ES,EU,Europe,39.551701,2.73881,52.361738,13.502341,1645.6107840446327
EDDB,departure,4d21ee,RYR98AR,EDDB,LIRF,1787153341.0,1787159562,EDDB,LIRF,1787153341.0,17,RYR,Ryanair,False,IT,EU,Europe,41.804532,12.251998,52.361738,13.502341,1177.6707290955103
EDDB,departure,4ab821,NSZ3303,EDDB,EKCH,1787153201.0,1787155679,EDDB,EKCH,1787153201.0,17,NSZ,Other / unmatched,False,DK,EU,Europe,55.617900848389,12.656000137329,52.361738,13.502341,366.26438320999466
EDDB,departure,502ce8,AUA22S,EDDB,LOWW,1787152849.0,1787155826,EDDB,LOWW,1787152849.0,17,AUA,Austrian,True,AT,EU,Europe,48.110298,16.5697,52.361738,13.502341,520.5310132858133
EDDB,departure,4d226c,RYR31MR,EDDB,LEDS,1787152696.0,1787161859,EDDB,LEDS,1787152696.0,17,RYR,Ryanair,False,,,unknown,,,52.361738,13.502341,
EDDB,departure,3c55c6,EWG67A,EDDB,EGLL,1787152688.0,1787158589,EDDB,EGLL,1787152688.0,17,EWG,Eurowings,True,GB,EU,Europe,51.470748,-0.459909,52.361738,13.502341,961.2132012591328
EDDB,departure,3c644d,LHX1RV,EDDB,EDDM,1787152530.0,1787155309,EDDB,EDDM,1787152530.0,17,LHX,Other / unmatched,False,DE,EU,Domestic,48.353802,11.7861,52.361738,13.502341,461.95813684339504
EDDB,departure,4bb2a9,TKJ9NQ,EDDB,LTFJ,1787152382.0,1787160525,EDDB,LTFJ,1787152382.0,17,TKJ,Other / unmatched,False,TR,AS,Intercontinental,40.898602,29.3092,52.361738,13.502341,1747.9677223642755
EDDB,departure,400982,BAW8RM,EDDB,EGLL,1787152291.0,1787158211,EDDB,EGLL,1787152291.0,17,BAW,British Airways,False,GB,EU,Europe,51.470748,-0.459909,52.361738,13.502341,961.2132012591328
EDDB,departure,3c48ea,EWG33J,EDDB,EDDL,1787152116.0,1787155394,EDDB,EDDL,1787152116.0,17,EWG,Eurowings,True,DE,EU,Domestic,51.289501,6.76678,52.361738,13.502341,477.81008605720956
EDDB,departure,452164,LZB320,EDDB,LBSF,1787151990.0,1787157700,EDDB,LBSF,1787151990.0,17,LZB,Bulgaria Air,False,BG,EU,Europe,42.696357,23.417671,52.361738,13.502341,1304.7956623459802
EDDB,departure,44033e,EJU9041,EDDB,LFLL,1787151844.0,1787157558,EDDB,LFLL,1787151844.0,17,EJU,easyJet,False,FR,EU,Europe,45.725996,5.090139,52.361738,13.502341,958.0661376939593
EDDB,departure,3c6473,CFG9NX,EDDB,EDDF,1787151725.0,1787154597,EDDB,EDDF,1787151725.0,17,CFG,Condor Flugdienst,False,DE,EU,Domestic,50.026706,8.55835,52.361738,13.502341,431.2414419348526
EDDB,departure,4b028e,SWR9YP,EDDB,LSZH,1787151339.0,1787155554,EDDB,LSZH,1787151339.0,16,SWR,Swiss,True,CH,EU,Europe,47.458056,8.548056,52.361738,13.502341,650.1742760328439
EDDB,departure,4caa5a,RYR6V,EDDB,LGAV,1787151302.0,1787159709,EDDB,LGAV,1787151302.0,16,RYR,Ryanair,False,GR,EU,Europe,37.936401,23.9445,52.361738,13.502341,1796.7219879999207
EDDB,departure,406230,CFE61X,EDDB,EGLC,1787151271.0,1787156999,EDDB,EGLC,1787151271.0,16,CFE,BA CityFlyer,False,GB,EU,Europe,51.505299,0.055278,52.361738,13.502341,925.4798333897056
EDDB,departure,3c56ed,EWG9L,EDDB,EFHK,1787151153.0,1787157087,EDDB,EFHK,1787151153.0,16,EWG,Eurowings,True,FI,EU,Europe,60.318363,24.963341,52.361738,13.502341,1128.856278240693
EDDB,departure,4d22b2,RYR24XK,EDDB,LEPA,1787151060.0,1787159783,EDDB,LEPA,1787151060.0,16,RYR,Ryanair,False,ES,EU,Europe,39.551701,2.73881,52.361738,13.502341,1645.6107840446327
EDDB,departure,4bc84b,PGT978,EDDB,,1787150957.0,1787174666,EDDB,,1787150957.0,16,PGT,Pegasus Airlines,False,,,unknown,,,52.361738,13.502341,
EDDB,departure,4400dc,EJU12AH,EDDB,,1787150856.0,1787155281,EDDB,,1787150856.0,16,EJU,easyJet,False,,,unknown,,,52.361738,13.502341,
EDDB,departure,06a2fa,QTR56W,EDDB,OTBD,1787150730.0,1787169168,EDDB,OTBD,1787150730.0,16,QTR,Qatar Airways,False,QA,AS,Intercontinental,25.259431,51.565528,52.361738,13.502341,4381.007088183392
EDDB,departure,744829,RJA138,EDDB,OJAI,1787150011.0,1787162644,EDDB,OJAI,1787150011.0,16,RJA,Royal Jordanian,False,JO,AS,Intercontinental,31.7226009369,35.9931983948,52.361738,13.502341,2926.954534167478
EDDB,departure,4d2232,RYR45CC,EDDB,LEIB,1787149693.0,1787158859,EDDB,LEIB,1787149693.0,16,RYR,Ryanair,False,ES,EU,Europe,38.872898,1.37312,52.361738,13.502341,1766.5903457613865
EDDB,departure,4b1812,SWR5CB,EDDB,LSZH,1787149420.0,1787153661,EDDB,LSZH,1787149420.0,16,SWR,Swiss,True,CH,EU,Europe,47.458056,8.548056,52.361738,13.502341,650.1742760328439
EDDB,departure,4d202d,SWU1951,EDDB,LIPB,1787149244.0,1787154592,EDDB,LIPB,1787149244.0,16,SWU,Swiss European Air Lines,False,IT,EU,Europe,46.459245,11.326125,52.361738,13.502341,674.8634008359263
EDDB,departure,4ab5d0,SAS1678,EDDB,EKCH,1787149033.0,1787152432,EDDB,EKCH,1787149033.0,16,SAS,Scandinavian Airlines System,False,DK,EU,Europe,55.617900848389,12.656000137329,52.361738,13.502341,366.26438320999466
EDDB,departure,4bcda9,SXS1VZ,EDDB,LTXE,1787148847.0,1787158127,EDDB,LTXE,1787148847.0,16,SXS,SunExpress,False,TR,AS,Intercontinental,37.097222,30.648264,52.361738,13.502341,2160.0445764481265
EDDB,departure,3c56f7,EWG6NT,EDDB,,1787148726.0,1787157712,EDDB,,1787148726.0,16,EWG,Eurowings,True,,,unknown,,,52.361738,13.502341,
EDDB,departure,40653e,EZY24BJ,EDDB,EGKK,1787148451.0,1787154585,EDDB,EGKK,1787148451.0,16,EZY,easyJet,False,GB,EU,Europe,51.148744,-0.185739,52.361738,13.502341,950.3129533641089
EDDB,departure,4400ec,EJU92KA,EDDB,LICC,1787147103.0,1787155168,EDDB,LICC,1787147103.0,15,EJU,easyJet,False,IT,EU,Europe,37.466801,15.0664,52.361738,13.502341,1660.711300356453
EDDB,departure,4bb268,THY3TR,EDDB,LTBA,1787146954.0,1787154626,EDDB,LTBA,1787146954.0,15,THY,Turkish Airlines,False,TR,EU,Europe,40.971913,28.823714,52.361738,13.502341,1716.6276807945226
EDDB,departure,503fd9,LYF468,EDDB,EYVI,1787146546.0,1787155882,EDDB,EYVI,1787146546.0,15,LYF,Lithuanian Air Force,False,LT,EU,Europe,54.634102,25.285801,52.361738,13.502341,818.1853177998959
EDDB,departure,4d21ea,RYR58RA,EDDB,EGSS,1787146294.0,1787152307,EDDB,EGSS,1787146294.0,15,RYR,Ryanair,False,GB,EU,Europe,51.884998,0.235,52.361738,13.502341,906.0299094092976
EDDB,departure,44052d,GAC031X,EDDB,LSZM,1787146157.0,1787152480,EDDB,LSZM,1787146157.0,15,GAC,Other / unmatched,False,CH,EU,Europe,47.078353,9.064662,52.361738,13.502341,668.2163950957079
EDDB,departure,4bce12,SXS9SE,EDDB,,1787146064.0,1787154083,EDDB,,1787146064.0,15,SXS,SunExpress,False,,,unknown,,,52.361738,13.502341,
EDDB,departure,4d201d,WMT9SW,EDDB,LKPR,1787145931.0,1787161197,EDDB,LKPR,1787145931.0,15,WMT,Other / unmatched,False,CZ,EU,Europe,50.100874,14.259911,52.361738,13.502341,256.8667622590152
EDDB,departure,4d2410,EWG6RY,EDDB,ESSA,1787145827.0,1787150444,EDDB,ESSA,1787145827.0,15,EWG,Eurowings,True,SE,EU,Europe,59.64849,17.928829,52.361738,13.502341,855.2413404386158
EDDB,departure,452169,MSC2961,EDDB,,1787145759.0,1787158582,EDDB,,1787145759.0,15,MSC,Air Cairo,False,,,unknown,,,52.361738,13.502341,
EDDB,departure,440cab,AUA230U,EDDB,LOWW,1787145630.0,1787148626,EDDB,LOWW,1787145630.0,15,AUA,Austrian,True,AT,EU,Europe,48.110298,16.5697,52.361738,13.502341,520.5310132858133
EDDB,departure,39bb25,AFR1235,EDDB,LFPG,1787145510.0,1787150799,EDDB,LFPG,1787145510.0,15,AFR,Air France,False,FR,EU,Europe,49.00896,2.554117,52.361738,13.502341,855.508956402892
EDDB,departure,02a1a4,LBT233,EDDB,,1787145394.0,1787153231,EDDB,,1787145394.0,15,LBT,Nouvel Air Tunisie,False,,,unknown,,,52.361738,13.502341,
EDDB,departure,407534,BAW91J,EDDB,EGLL,1787145302.0,1787151299,EDDB,EGLL,1787145302.0,15,BAW,British Airways,False,GB,EU,Europe,51.470748,-0.459909,52.361738,13.502341,961.2132012591328
EDDB,departure,49410e,NJE553N,EDDB,LOWW,1787145196.0,1787148192,EDDB,LOWW,1787145196.0,15,NJE,NetJets,False,AT,EU,Europe,48.110298,16.5697,52.361738,13.502341,520.5310132858133
EDDB,departure,4d2279,RYR11CP,EDDB,LIPE,1787144202.0,1787148958,EDDB,LIPE,1787144202.0,14,RYR,Ryanair,False,IT,EU,Europe,44.5354,11.2887,52.361738,13.502341,885.3177747016778
EDDB,departure,3c54a4,EWG3PD,EDDB,LPFR,1787144081.0,1787156519,EDDB,LPFR,1787144081.0,14,EWG,Eurowings,True,PT,EU,Europe,37.015909,-7.970939,52.361738,13.502341,2389.245960232114
EDDB,departure,4ca702,RYR63VQ,EDDB,LICJ,1787143628.0,1787151352,EDDB,LICJ,1787143628.0,14,RYR,Ryanair,False,IT,EU,Europe,38.175999,13.091,52.361738,13.502341,1577.7037985801521
EDDB,departure,3c56f1,EWG1CN,EDDB,LFKB,1787143440.0,1787149029,EDDB,LFKB,1787143440.0,14,EWG,Eurowings,True,FR,EU,Europe,42.5527,9.48373,52.361738,13.502341,1131.3286666572249
EDDB,departure,4403bb,EJU5267,EDDB,EKCH,1787143357.0,1787145836,EDDB,EKCH,1787143357.0,14,EJU,easyJet,False,DK,EU,Europe,55.617900848389,12.656000137329,52.361738,13.502341,366.26438320999466
EDDB,departure,440610,EJU59RD,EDDB,,1787143234.0,1787148944,EDDB,,1787143234.0,14,EJU,easyJet,False,,,unknown,,,52.361738,13.502341,
EDDB,departure,48455d,KLM84H,EDDB,EHAM,1787143000.0,1787146709,EDDB,EHAM,1787143000.0,14,KLM,KLM Royal Dutch Airlines,False,NL,EU,Europe,52.308601,4.76389,52.361738,13.502341,593.3997730568556
EDDB,departure,406b6c,CFE7026,EDDB,EGLC,1787142379.0,1787148057,EDDB,EGLC,1787142379.0,14,CFE,BA CityFlyer,False,GB,EU,Europe,51.505299,0.055278,52.361738,13.502341,925.4798333897056
EDDB,departure,4aca8b,NOZ1105,EDDB,ENGM,1787142125.0,1787147059,EDDB,ENGM,1787142125.0,14,NOZ,Other / unmatched,False,NO,EU,Europe,60.193901,11.1004,52.361738,13.502341,883.2777650528442
EDDB,departure,4cc548,ICE15M,EDDB,BIKF,1787141754.0,1787153361,EDDB,BIKF,1787141754.0,14,ICE,Icelandair,False,IS,EU,Europe,63.985001,-22.6056,52.361738,13.502341,2431.64202298284
EDDB,departure,3d6fb7,DFOOD,EDDB,EDRP,1787141509.0,1787147333,EDDB,EDRP,1787141509.0,14,DFO,Other / unmatched,False,DE,EU,Domestic,49.264442,7.488333,52.361738,13.502341,544.8053934978989
EDDB,departure,4cadff,RYR44BG,EDDB,LFML,1787141221.0,1787147604,EDDB,LFML,1787141221.0,14,RYR,Ryanair,False,FR,EU,Europe,43.438088,5.2125,52.361738,13.502341,1167.271616131038
EDDB,departure,4cadfc,RYR7UL,EDDB,EGNX,1787141104.0,1787147298,EDDB,EGNX,1787141104.0,14,RYR,Ryanair,False,GB,EU,Europe,52.8311,-1.32806,52.361738,13.502341,1001.2603253914391
EDDB,departure,780c58,CHH490,EDDB,,1787140840.0,1787160353,EDDB,,1787140840.0,14,CHH,Hainan Airlines,False,,,unknown,,,52.361738,13.502341,
EDDB,departure,4aca86,NSZ4506,EDDB,ESSA,1787140564.0,1787145131,EDDB,ESSA,1787140564.0,13,NSZ,Other / unmatched,False,SE,EU,Europe,59.64849,17.928829,52.361738,13.502341,855.2413404386158
EDDB,departure,3c664c,DLH9MH,EDDB,EDFG,1787140415.0,1787143838,EDDB,EDFG,1787140415.0,13,DLH,Lufthansa,True,DE,EU,Domestic,50.196738,9.167061,52.361738,13.502341,385.7380781668621
EDDB,departure,4ca84f,RYR3EM,EDDB,LROP,1787140291.0,1787145767,EDDB,LROP,1787140291.0,13,RYR,Ryanair,False,RO,EU,Europe,44.571792,26.103285,52.361738,13.502341,1266.911409076228
EDDB,departure,346691,VLG48MQ,EDDB,LEBL,1787140191.0,1787148807,EDDB,LEBL,1787140191.0,13,VLG,Vueling Airlines,False,ES,EU,Europe,41.2971,2.07846,52.361738,13.502341,1502.4410210044541
EDDB,departure,4bc8c9,PGT93T,EDDB,LTCG,1787140050.0,1787157989,EDDB,LTCG,1787140050.0,13,PGT,Pegasus Airlines,False,TR,AS,Intercontinental,40.995098,39.7897,52.361738,13.502341,2350.3408364449597
EDDB,departure,502d10,BTI72X,EDDB,EETN,1787139810.0,1787145110,EDDB,EETN,1787139810.0,13,BTI,Air Baltic,False,EE,EU,Europe,59.413246,24.83264,52.361738,13.502341,1052.6935396028941
EDDB,departure,471f77,WMT1HA,EDDB,,1787139669.0,1787145059,EDDB,,1787139669.0,13,WMT,Other / unmatched,False,,,unknown,,,52.361738,13.502341,
EDDB,departure,495154,TAP31DB,EDDB,LPPT,1787139575.0,1787151803,EDDB,LPPT,1787139575.0,13,TAP,TAP Portugal,False,PT,EU,Europe,38.7813,-9.13592,52.361738,13.502341,2303.186665337529
EDDB,departure,4cae6c,RYR42HH,EDDB,,1787138649.0,1787155841,EDDB,,1787138649.0,13,RYR,Ryanair,False,,,unknown,,,52.361738,13.502341,
EDDB,departure,440219,EJU75BJ,EDDB,EGGD,1787138554.0,1787145429,EDDB,EGGD,1787138554.0,13,EJU,easyJet,False,GB,EU,Europe,51.382326,-2.716453,52.361738,13.502341,1116.4233732003695
EDDB,departure,3c6496,EWG5SP,EDDB,LEPA,1787138407.0,1787147534,EDDB,LEPA,1787138407.0,13,EWG,Eurowings,True,ES,EU,Europe,39.551701,2.73881,52.361738,13.502341,1645.6107840446327
EDDB,departure,3c6667,DLH4NF,EDDB,EDDM,1787138280.0,1787141359,EDDB,EDDM,1787138280.0,13,DLH,Lufthansa,True,DE,EU,Domestic,48.353802,11.7861,52.361738,13.502341,461.95813684339504
EDDB,departure,4bb264,THY8TV,EDDB,LTBX,1787138161.0,1787145536,EDDB,LTBX,1787138161.0,13,THY,Turkish Airlines,False,TR,AS,Intercontinental,40.993,29.216499,52.361738,13.502341,1734.9023740728314
EDDB,departure,4caa5a,RYR594F,EDDB,LHBP,1787137297.0,1787141065,EDDB,LHBP,1787137297.0,13,RYR,Ryanair,False,HU,EU,Europe,47.43018,19.262393,52.361738,13.502341,685.7833672640113
EDDB,departure,4bbd14,TKJ2JY,EDDB,,1787137227.0,1787162816,EDDB,,1787137227.0,13,TKJ,Other / unmatched,False,,,unknown,,,52.361738,13.502341,
EDDB,departure,39e688,AFR12DD,EDDB,LFPG,1787137064.0,1787142412,EDDB,LFPG,1787137064.0,12,AFR,Air France,False,FR,EU,Europe,49.00896,2.554117,52.361738,13.502341,855.508956402892
EDDB,departure,4bce49,SXS1CM,EDDB,LTXE,1787136990.0,1787146467,EDDB,LTXE,1787136990.0,12,SXS,SunExpress,False,TR,AS,Intercontinental,37.097222,30.648264,52.361738,13.502341,2160.0445764481265
EDDB,departure,44061d,EJU41JU,EDDB,LFCS,1787136635.0,1787145049,EDDB,LFCS,1787136635.0,12,EJU,easyJet,False,FR,EU,Europe,44.700298,-0.595556,52.361738,13.502341,1338.8686349611257
EDDB,departure,4d24d7,WMT7WQ,EDDB,LROP,1787136540.0,1787142227,EDDB,LROP,1787136540.0,12,WMT,Other / unmatched,False,RO,EU,Europe,44.571792,26.103285,52.361738,13.502341,1266.911409076228
EDDB,departure,3c79c1,SDR33TS,EDDB,,1787136390.0,1787153425,EDDB,,1787136390.0,12,SDR,City Airline,False,,,unknown,,,52.361738,13.502341,
EDDB,departure,c06aac,TSC419,EDDB,CYYZ,1787136181.0,1787168603,EDDB,CYYZ,1787136181.0,12,TSC,Air Transat,False,CA,,Intercontinental,43.675935,-79.629421,52.361738,13.502341,6503.195183191096
EDDB,departure,440db0,EJU47DE,EDDB,,1787136037.0,1787142118,EDDB,,1787136037.0,12,EJU,easyJet,False,,,unknown,,,52.361738,13.502341,
EDDB,departure,3c55c6,EWG6YP,EDDB,LOWG,1787135688.0,1787139647,EDDB,LOWG,1787135688.0,12,EWG,Eurowings,True,AT,EU,Europe,46.9911,15.4396,52.361738,13.502341,613.179791181534
EDDB,departure,4d2533,WZZ262,EDDB,LHBP,1787135676.0,1787139479,EDDB,LHBP,1787135676.0,12,WZZ,Wizz Air,False,HU,EU,Europe,47.43018,19.262393,52.361738,13.502341,685.7833672640113
EDDB,departure,4bb4f2,MGH392,EDDB,LTXE,1787135610.0,1787145551,EDDB,LTXE,1787135610.0,12,MGH,Other / unmatched,False,TR,AS,Intercontinental,37.097222,30.648264,52.361738,13.502341,2160.0445764481265
EDDB,departure,4d226c,RYR3ZW,EDDB,EETN,1787135507.0,1787140422,EDDB,EETN,1787135507.0,12,RYR,Ryanair,False,EE,EU,Europe,59.413246,24.83264,52.361738,13.502341,1052.6935396028941
EDDB,departure,4cada3,RYR2YR,EDDB,LEBL,1787135200.0,1787145053,EDDB,LEBL,1787135200.0,12,RYR,Ryanair,False,ES,EU,Europe,41.2971,2.07846,52.361738,13.502341,1502.4410210044541
EDDB,departure,440005,EJU81BJ,EDDB,,1787135117.0,1787140811,EDDB,,1787135117.0,12,EJU,easyJet,False,,,unknown,,,52.361738,13.502341,
EDDB,departure,4867c1,KLM26L,EDDB,EHAM,1787134920.0,1787138658,EDDB,EHAM,1787134920.0,12,KLM,KLM Royal Dutch Airlines,False,NL,EU,Europe,52.308601,4.76389,52.361738,13.502341,593.3997730568556
EDDB,departure,48ad19,LOT3JA,EDDB,EPWA,1787134440.0,1787137776,EDDB,EPWA,1787134440.0,12,LOT,LOT Polish Airlines,False,PL,EU,Europe,52.165699,20.9671,52.361738,13.502341,508.251079990443
EDDB,departure,c08172,ACA945,EDDB,CYUL,1787134344.0,1787163710,EDDB,CYUL,1787134344.0,12,ACA,Air Canada,False,CA,,Intercontinental,45.467837,-73.742294,52.361738,13.502341,6025.754861964803
EDDB,departure,3c6473,CFG3YU,EDDB,EDDF,1787134130.0,1787137345,EDDB,EDDF,1787134130.0,12,CFG,Condor Flugdienst,False,DE,EU,Domestic,50.026706,8.55835,52.361738,13.502341,431.2414419348526
EDDB,departure,46b83a,AEE2WD,EDDB,LGAV,1787133870.0,1787143749,EDDB,LGAV,1787133870.0,12,AEE,Aegean Airlines,False,GR,EU,Europe,37.936401,23.9445,52.361738,13.502341,1796.7219879999207
EDDB,departure,4402ae,EJU5001,EDDB,EGPH,1787133771.0,1787140825,EDDB,EGPH,1787133771.0,12,EJU,easyJet,False,GB,EU,Europe,55.950145,-3.372288,52.361738,13.502341,1165.3782160922985
EDDB,departure,3cc932,SFG55D,EDDB,EDWV,1787133697.0,1787137196,EDDB,EDWV,1787133697.0,12,SFG,Sun Freight Logistics,False,DE,EU,Domestic,52.965279,9.282778,52.361738,13.502341,292.3228339797797
EDDB,departure,3cc24f,AWH95R,EDDB,ETHC,1787133602.0,1787137176,EDDB,ETHC,1787133602.0,12,AWH,Other / unmatched,False,DE,EU,Domestic,52.591202,10.0221,52.361738,13.502341,237.06105983284593
EDDB,departure,406c43,CFE34E,EDDB,EGML,1787133405.0,1787139715,EDDB,EGML,1787133405.0,11,CFE,BA CityFlyer,False,GB,EU,Europe,51.527561,0.244189,52.361738,13.502341,912.1760126721115
EDDB,departure,44ce76,BEL4NK,EDDB,EBMB,1787132900.0,1787136610,EDDB,EBMB,1787132900.0,11,BEL,Brussels Airlines,True,BE,EU,Europe,50.913419,4.491005,52.361738,13.502341,641.9237528591793
EDDB,departure,3c675a,DLH9KK,EDDB,EDDF,1787132893.0,1787136738,EDDB,EDDF,1787132893.0,11,DLH,Lufthansa,True,DE,EU,Domestic,50.026706,8.55835,52.361738,13.502341,431.2414419348526
EDDB,departure,3420ca,IBE07KH,EDDB,LEMD,1787132794.0,1787144153,EDDB,LEMD,1787132794.0,11,IBE,Iberia Airlines,False,ES,EU,Europe,40.493407,-3.572249,52.361738,13.502341,1849.6059836875088
EDDB,departure,4d2232,RYR13PB,EDDB,EYVI,1787132589.0,1787137153,EDDB,EYVI,1787132589.0,11,RYR,Ryanair,False,LT,EU,Europe,54.634102,25.285801,52.361738,13.502341,818.1853177998959
EDDB,departure,3cf6f9,DCUVH,EDDB,EKKA,1787132408.0,1787136224,EDDB,EKKA,1787132408.0,11,DCU,Other / unmatched,False,DK,EU,Europe,56.297139,9.104311,52.361738,13.502341,522.0807159246812
EDDB,departure,738057,ELY2372,EDDB,LLBG,1787132103.0,1787144751,EDDB,LLBG,1787132103.0,11,ELY,El Al Israel Airlines,False,IL,AS,Intercontinental,32.011398,34.8867,52.361738,13.502341,2845.0807185461645
EDDB,departure,3c6497,DLH4AK,EDDB,EDDM,1787131951.0,1787134769,EDDB,EDDM,1787131951.0,11,DLH,Lufthansa,True,DE,EU,Domestic,48.353802,11.7861,52.361738,13.502341,461.95813684339504
EDDB,departure,3c49d5,EWG9SK,EDDB,LFMN,1787131783.0,1787138061,EDDB,LFMN,1787131783.0,11,EWG,Eurowings,True,FR,EU,Europe,43.658401,7.21587,52.361738,13.502341,1073.8550453207538
EDDB,departure,4cad42,SAS2678,EDDB,ESSA,1787131745.0,1787137250,EDDB,ESSA,1787131745.0,11,SAS,Scandinavian Airlines System,False,SE,EU,Europe,59.64849,17.928829,52.361738,13.502341,855.2413404386158
EDDB,departure,44042f,EJU95RP,EDDB,,1787131654.0,1787149093,EDDB,,1787131654.0,11,EJU,easyJet,False,,,unknown,,,52.361738,13.502341,
EDDB,departure,3c56ed,EWG5EZ,EDDB,,1787131560.0,1787135936,EDDB,,1787131560.0,11,EWG,Eurowings,True,,,unknown,,,52.361738,13.502341,
EDDB,departure,4d21ee,RYR76WJ,EDDB,,1787131541.0,1787137375,EDDB,,1787131541.0,11,RYR,Ryanair,False,,,unknown,,,52.361738,13.502341,
EDDB,departure,4b19f4,SWR3TE,EDDB,LSZH,1787131413.0,1787136742,EDDB,LSZH,1787131413.0,11,SWR,Swiss,True,CH,EU,Europe,47.458056,8.548056,52.361738,13.502341,650.1742760328439
EDDB,departure,3c6650,DLH179,EDDB,EDDF,1787131390.0,1787134042,EDDB,EDDF,1787131390.0,11,DLH,Lufthansa,True,DE,EU,Domestic,50.026706,8.55835,52.361738,13.502341,431.2414419348526
EDDB,departure,3c0936,SDR14YL,EDDB,,1787131293.0,1787142371,EDDB,,1787131293.0,11,SDR,City Airline,False,,,unknown,,,52.361738,13.502341,
EDDB,departure,4bb1a3,THY6EN,EDDB,LTBA,1787130614.0,1787138195,EDDB,LTBA,1787130614.0,11,THY,Turkish Airlines,False,TR,EU,Europe,40.971913,28.823714,52.361738,13.502341,1716.6276807945226
EDDB,departure,4ca2cb,EIN3EG,EDDB,EIDW,1787130316.0,1787137977,EDDB,EIDW,1787130316.0,11,EIN,Aer Lingus,False,IE,EU,Europe,53.428713,-6.262121,52.361738,13.502341,1326.8211613493436
EDDB,departure,46346b,FSF659S,EDDB,LSTZ,1787130232.0,1787137347,EDDB,LSTZ,1787130232.0,11,FSF,Other / unmatched,False,CH,EU,Europe,46.551713,7.381012,52.361738,13.502341,782.4118041556428
EDDB,departure,4401f7,EJU45GF,EDDB,LIML,1787129844.0,1787135060,EDDB,LIML,1787129844.0,10,EJU,easyJet,False,IT,EU,Europe,45.445099,9.27674,52.361738,13.502341,828.43354860116
EDDB,departure,4bcdab,SXS6WA,EDDB,,1787129087.0,1787137579,EDDB,,1787129087.0,10,SXS,SunExpress,False,,,unknown,,,52.361738,13.502341,
EDDB,departure,4ca225,RYR3RK,EDDB,EGCC,1787129070.0,1787136502,EDDB,EGCC,1787129070.0,10,RYR,Ryanair,False,GB,EU,Europe,53.349375,-2.279521,52.361738,13.502341,1063.1055072028269
EDDB,departure,3475d9,VLG6JY,EDDB,LEBL,1787128957.0,1787137396,EDDB,LEBL,1787128957.0,10,VLG,Vueling Airlines,False,ES,EU,Europe,41.2971,2.07846,52.361738,13.502341,1502.4410210044541
EDDB,departure,4400eb,EJU32EY,EDDB,,1787128445.0,1787135621,EDDB,,1787128445.0,10,EJU,easyJet,False,,,unknown,,,52.361738,13.502341,
EDDB,departure,406446,EZY18FP,EDDB,EGKK,1787128064.0,1787133988,EDDB,EGKK,1787128064.0,10,EZY,easyJet,False,GB,EU,Europe,51.148744,-0.185739,52.361738,13.502341,950.3129533641089
EDDB,departure,39de4c,TVF41HV,EDDB,LFPO,1787127784.0,1787133409,EDDB,LFPO,1787127784.0,10,TVF,Transavia France,False,FR,EU,Europe,48.729499,2.358963,52.361738,13.502341,883.641438306821
EDDB,departure,3c49cc,EWG3XM,EDDB,,1787127382.0,1787135647,EDDB,,1787127382.0,10,EWG,Eurowings,True,,,unknown,,,52.361738,13.502341,
EDDB,departure,3c9570,QGA24W,EDDB,LFPB,1787127006.0,1787132150,EDDB,LFPB,1787127006.0,10,QGA,Windrose Air,False,FR,EU,Europe,48.962276,2.436539,52.361738,13.502341,865.5348941020907
EDDB,departure,4d2475,BBG273,EDDB,,1787127005.0,1787136328,EDDB,,1787127005.0,10,BBG,Bluebird Airways (BZ),False,,,unknown,,,52.361738,13.502341,
EDDB,departure,45ac33,SAS1674,EDDB,EKCH,1787126790.0,1787129323,EDDB,EKCH,1787126790.0,10,SAS,Scandinavian Airlines System,False,DK,EU,Europe,55.617900848389,12.656000137329,52.361738,13.502341,366.26438320999466
EDDB,departure,4aca8b,NOZ3JH,EDDB,ENGM,1787126640.0,1787131542,EDDB,ENGM,1787126640.0,10,NOZ,Other / unmatched,False,NO,EU,Europe,60.193901,11.1004,52.361738,13.502341,883.2777650528442
EDDB,departure,4b19ef,SWR44E,EDDB,LSZH,1787126525.0,1787130989,EDDB,LSZH,1787126525.0,10,SWR,Swiss,True,CH,EU,Europe,47.458056,8.548056,52.361738,13.502341,650.1742760328439
EDDB,departure,4bb843,PGT28RL,EDDB,LTXE,1787126383.0,1787136295,EDDB,LTXE,1787126383.0,9,PGT,Pegasus Airlines,False,TR,AS,Intercontinental,37.097222,30.648264,52.361738,13.502341,2160.0445764481265
EDDB,departure,471f9f,WZZ82,EDDB,LYBE,1787126260.0,1787131259,EDDB,LYBE,1787126260.0,9,WZZ,Wizz Air,False,RS,EU,Europe,44.818401,20.309099,52.361738,13.502341,975.836974826641
EDDB,departure,a913d6,UAL963,EDDB,KEWR,1787126235.0,1787156839,EDDB,KEWR,1787126235.0,9,UAL,United Airlines,False,US,,Intercontinental,40.6894,-74.170545,52.361738,13.502341,6410.493211338902
EDDB,departure,3c48f0,LHX5PN,EDDB,EDDM,1787126180.0,1787129330,EDDB,EDDM,1787126180.0,9,LHX,Other / unmatched,False,DE,EU,Domestic,48.353802,11.7861,52.361738,13.502341,461.95813684339504
EDDB,departure,39bdaf,AFR39SV,EDDB,LFPG,1787126143.0,1787131332,EDDB,LFPG,1787126143.0,9,AFR,Air France,False,FR,EU,Europe,49.00896,2.554117,52.361738,13.502341,855.508956402892
EDDB,departure,3c9654,BFD19T,EDDB,EGLC,1787126070.0,1787131514,EDDB,EGLC,1787126070.0,9,BFD,Other / unmatched,False,GB,EU,Europe,51.505299,0.055278,52.361738,13.502341,925.4798333897056
EDDB,departure,3c6637,DLH175,EDDB,EDDF,1787125980.0,1787128876,EDDB,EDDF,1787125980.0,9,DLH,Lufthansa,True,DE,EU,Domestic,50.026706,8.55835,52.361738,13.502341,431.2414419348526
EDDB,departure,a0f4f6,DAL93,EDDB,KJFK,1787125893.0,1787157479,EDDB,KJFK,1787125893.0,9,DAL,Delta Air Lines,False,US,,Intercontinental,40.639447,-73.779317,52.361738,13.502341,6390.477464647899
EDDB,departure,4d2080,RYR4PT,EDDB,LEPA,1787125518.0,1787134048,EDDB,LEPA,1787125518.0,9,RYR,Ryanair,False,ES,EU,Europe,39.551701,2.73881,52.361738,13.502341,1645.6107840446327
EDDB,departure,4ca92b,RYR3YW,EDDB,EGSS,1787125415.0,1787130806,EDDB,EGSS,1787125415.0,9,RYR,Ryanair,False,GB,EU,Europe,51.884998,0.235,52.361738,13.502341,906.0299094092976
EDDB,departure,06a2e8,QTR85X,EDDB,OTHH,1787125320.0,1787144848,EDDB,OTHH,1787125320.0,9,QTR,Qatar Airways,False,QA,AS,Intercontinental,25.273056,51.608056,52.361738,13.502341,4382.325187842938
EDDB,departure,50038a,T7CDV,EDDB,EDDB,1787125152.0,1787128464,EDDB,EDDB,1787125152.0,9,,Other / unmatched,False,DE,EU,Domestic,52.361738,13.502341,52.361738,13.502341,0.0
EDDB,departure,4d24af,WZZ3EA,EDDB,,1787124510.0,1787129722,EDDB,,1787124510.0,9,WZZ,Wizz Air,False,,,unknown,,,52.361738,13.502341,
EDDB,departure,4cae61,RYR98ST,EDDB,LGTS,1787123792.0,1787130749,EDDB,LGTS,1787123792.0,9,RYR,Ryanair,False,GR,EU,Europe,40.51928,22.970009,52.361738,13.502341,1500.5245904767337
EDDB,departure,440822,AUA224,EDDB,LOWW,1787123715.0,1787126858,EDDB,LOWW,1787123715.0,9,AUA,Austrian,True,AT,EU,Europe,48.110298,16.5697,52.361738,13.502341,520.5310132858133
EDDB,departure,3e23c7,DIETB,EDDB,EDXW,1787123678.0,1787126694,EDDB,EDXW,1787123678.0,9,DIE,Other / unmatched,False,DE,EU,Domestic,54.9132,8.34047,52.361738,13.502341,442.85734600475996
EDDB,departure,471fa9,WZZ8649,EDDB,LZIB,1787123346.0,1787126607,EDDB,LZIB,1787123346.0,9,WZZ,Wizz Air,False,SK,EU,Europe,48.1702,17.2127,52.361738,13.502341,535.3505710720144
EDDB,departure,484b90,KLM38Z,EDDB,EHAM,1787123321.0,1787127478,EDDB,EHAM,1787123321.0,9,KLM,KLM Royal Dutch Airlines,False,NL,EU,Europe,52.308601,4.76389,52.361738,13.502341,593.3997730568556
EDDB,departure,4ca2c0,RYR5XX,EDDB,LIRP,1787123251.0,1787128404,EDDB,LIRP,1787123251.0,9,RYR,Ryanair,False,IT,EU,Europe,43.683899,10.3927,52.361738,13.502341,992.0123225383925
EDDB,departure,3c8502,ELG2B,EDDB,LIPZ,1787123141.0,1787127599,EDDB,LIPZ,1787123141.0,9,ELG,Alpi Eagles,False,IT,EU,Europe,45.505299,12.3519,52.361738,13.502341,766.9915073107379
EDDB,departure,3c6667,DLH3TR,EDDB,EDDM,1787122924.0,1787125857,EDDB,EDDM,1787122924.0,9,DLH,Lufthansa,True,DE,EU,Domestic,48.353802,11.7861,52.361738,13.502341,461.95813684339504
EDDB,departure,461fa5,FIN7HC,EDDB,EFHK,1787122814.0,1787128583,EDDB,EFHK,1787122814.0,9,FIN,Finnair,False,FI,EU,Europe,60.318363,24.963341,52.361738,13.502341,1128.856278240693
EDDB,departure,3c6468,CFG1XA,EDDB,LGKO,1787122734.0,1787131578,EDDB,LGKO,1787122734.0,8,CFG,Condor Flugdienst,False,GR,AS,Intercontinental,36.794523,27.09115,52.361738,13.502341,2030.772588665375
EDDB,departure,3c64ae,DLH2NL,EDDB,EDDF,1787122485.0,1787125365,EDDB,EDDF,1787122485.0,8,DLH,Lufthansa,True,DE,EU,Domestic,50.026706,8.55835,52.361738,13.502341,431.2414419348526
EDDB,departure,503c92,DMS2HR,EDDB,EDDR,1787122299.0,1787127944,EDDB,EDDR,1787122299.0,8,DMS,Other / unmatched,False,DE,EU,Domestic,49.214545,7.109735,52.361738,13.502341,569.2101297903677
EDDB,departure,4d246f,WZZ2550,EDDB,LQTZ,1787122054.0,1787126298,EDDB,LQTZ,1787122054.0,8,WZZ,Wizz Air,False,BA,EU,Europe,44.459858,18.723627,52.361738,13.502341,958.8281990826661
EDDB,departure,3c7879,CFG1AH,EDDB,EDDF,1787121677.0,1787124335,EDDB,EDDF,1787121677.0,8,CFG,Condor Flugdienst,False,DE,EU,Domestic,50.026706,8.55835,52.361738,13.502341,431.2414419348526
EDDB,departure,4bc84b,PGT982,EDDB,LTFJ,1787121584.0,1787129002,EDDB,LTFJ,1787121584.0,8,PGT,Pegasus Airlines,False,TR,AS,Intercontinental,40.898602,29.3092,52.361738,13.502341,1747.9677223642755
EDDB,departure,502cc8,BTI97T,EDDB,EVRA,1787121495.0,1787126082,EDDB,EVRA,1787121495.0,8,BTI,Air Baltic,False,LV,EU,Europe,56.920752,23.970711,52.361738,13.502341,841.5716055991722
EDDB,departure,4d253b,EWG66Y,EDDB,EDDK,1787121396.0,1787124718,EDDB,EDDK,1787121396.0,8,EWG,Eurowings,True,DE,EU,Domestic,50.865898,7.14274,52.361738,13.502341,469.3634453655426
EDDB,departure,3d4e36,DFBWG,EDDB,EDFC,1787121060.0,1787125109,EDDB,EDFC,1787121060.0,8,DFB,Other / unmatched,False,DE,EU,Domestic,49.938806,9.062777,52.361738,13.502341,410.32484216368005
EDDB,departure,4bcde2,SXS75G,EDDB,,1787121037.0,1787125644,EDDB,,1787121037.0,8,SXS,SunExpress,False,,,unknown,,,52.361738,13.502341,
EDDB,departure,504e81,FIA5612,EDDB,,1787120940.0,1787124896,EDDB,,1787120940.0,8,FIA,Four Island Air,False,,,unknown,,,52.361738,13.502341,
EDDB,departure,4bcda5,SXS3FR,EDDB,LTXE,1787119720.0,1787128784,EDDB,LTXE,1787119720.0,8,SXS,SunExpress,False,TR,AS,Intercontinental,37.097222,30.648264,52.361738,13.502341,2160.0445764481265
EDDB,departure,3c56f4,EWG4JP,EDDB,EDDS,1787119519.0,1787122888,EDDB,EDDS,1787119519.0,8,EWG,Eurowings,True,DE,EU,Domestic,48.689899,9.22196,52.361738,13.502341,507.9960884704093
EDDB,departure,4ca9d3,RYR96EU,EDDB,LIME,1787119240.0,1787123849,EDDB,LIME,1787119240.0,8,RYR,Ryanair,False,IT,EU,Europe,45.669362,9.708851,52.361738,13.502341,793.635785119131
EDDB,departure,48ada9,LOT392,EDDB,EPWA,1787118650.0,1787121560,EDDB,EPWA,1787118650.0,7,LOT,LOT Polish Airlines,False,PL,EU,Europe,52.165699,20.9671,52.361738,13.502341,508.251079990443
EDDB,departure,3c6749,DLH207,EDDB,EDDF,1787118594.0,1787121449,EDDB,EDDF,1787118594.0,7,DLH,Lufthansa,True,DE,EU,Domestic,50.026706,8.55835,52.361738,13.502341,431.2414419348526
EDDB,departure,4400dc,EJU79XD,EDDB,LGSA,1787118498.0,1787127492,EDDB,LGSA,1787118498.0,7,EJU,easyJet,False,GR,EU,Europe,35.531207,24.150673,52.361738,13.502341,2051.3992306654286
EDDB,departure,3c56f7,EWG2W,EDDB,LPPR,1787117011.0,1787127866,EDDB,LPPR,1787117011.0,7,EWG,Eurowings,True,PT,EU,Europe,41.2481002808,-8.68138980865,52.361738,13.502341,2078.3550091118136
EDDB,departure,3c66a8,DLH9851,EDDB,EDDM,1787116826.0,1787119611,EDDB,EDDM,1787116826.0,7,DLH,Lufthansa,True,DE,EU,Domestic,48.353802,11.7861,52.361738,13.502341,461.95813684339504
EDDB,departure,440219,EJU97JM,EDDB,,1787116715.0,1787122387,EDDB,,1787116715.0,7,EJU,easyJet,False,,,unknown,,,52.361738,13.502341,
EDDB,departure,4b1693,SWR5XL,EDDB,LSZH,1787116414.0,1787120753,EDDB,LSZH,1787116414.0,7,SWR,Swiss,True,CH,EU,Europe,47.458056,8.548056,52.361738,13.502341,650.1742760328439
EDDB,departure,4400ec,EJU12HB,EDDB,LGRP,1787116155.0,1787125513,EDDB,LGRP,1787116155.0,7,EJU,easyJet,False,GR,AS,Intercontinental,36.405399,28.086201,52.361738,13.502341,2110.4123177958554
EDDB,departure,440db0,EJU69DQ,EDDB,,1787115957.0,1787119821,EDDB,,1787115957.0,7,EJU,easyJet,False,,,unknown,,,52.361738,13.502341,
EDDB,departure,502d95,AUA240,EDDB,LOWW,1787115918.0,1787119016,EDDB,LOWW,1787115918.0,7,AUA,Austrian,True,AT,EU,Europe,48.110298,16.5697,52.361738,13.502341,520.5310132858133
EDDB,departure,3c55c6,EWG7ED,EDDB,EGLL,1787115847.0,1787122437,EDDB,EGLL,1787115847.0,7,EWG,Eurowings,True,GB,EU,Europe,51.470748,-0.459909,52.361738,13.502341,961.2132012591328
EDDB,departure,4bb268,THY87X,EDDB,,1787115513.0,1787122764,EDDB,,1787115513.0,6,THY,Turkish Airlines,False,,,unknown,,,52.361738,13.502341,
EDDB,departure,3c56ed,EWG4Z,EDDB,LSZH,1787115413.0,1787119978,EDDB,LSZH,1787115413.0,6,EWG,Eurowings,True,CH,EU,Europe,47.458056,8.548056,52.361738,13.502341,650.1742760328439
EDDB,departure,44cdcb,BEL8YE,EDDB,EBBR,1787115207.0,1787119287,EDDB,EBBR,1787115207.0,6,BEL,Brussels Airlines,True,BE,EU,Europe,50.901402,4.48444,52.361738,13.502341,642.7759977146309
EDDB,departure,3c56f1,EWG72F,EDDB,LGKO,1787115112.0,1787124202,EDDB,LGKO,1787115112.0,6,EWG,Eurowings,True,GR,AS,Intercontinental,36.794523,27.09115,52.361738,13.502341,2030.772588665375
EDDB,departure,4403bb,EJU83ZK,EDDB,,1787115019.0,1787123459,EDDB,,1787115019.0,6,EJU,easyJet,False,,,unknown,,,52.361738,13.502341,
EDDB,departure,3c6583,DLH9CJ,EDDB,EDDF,1787114905.0,1787117844,EDDB,EDDF,1787114905.0,6,DLH,Lufthansa,True,DE,EU,Domestic,50.026706,8.55835,52.361738,13.502341,431.2414419348526
EDDB,departure,4d21ee,RYR77CN,EDDB,EGSS,1787114868.0,1787120291,EDDB,EGSS,1787114868.0,6,RYR,Ryanair,False,GB,EU,Europe,51.884998,0.235,52.361738,13.502341,906.0299094092976
EDDB,departure,405a49,BAW99C,EDDB,EGLL,1787114817.0,1787121293,EDDB,EGLL,1787114817.0,6,BAW,British Airways,False,GB,EU,Europe,51.470748,-0.459909,52.361738,13.502341,961.2132012591328
EDDB,departure,440452,EJU18TF,EDDB,LFMN,1787114553.0,1787120923,EDDB,LFMN,1787114553.0,6,EJU,easyJet,False,FR,EU,Europe,43.658401,7.21587,52.361738,13.502341,1073.8550453207538
EDDB,departure,3c6676,DLH8MC,EDDB,EDDM,1787114535.0,1787117661,EDDB,EDDM,1787114535.0,6,DLH,Lufthansa,True,DE,EU,Domestic,48.353802,11.7861,52.361738,13.502341,461.95813684339504
EDDB,departure,344449,IBE07BZ,EDDB,LEMD,1787114405.0,1787124160,EDDB,LEMD,1787114405.0,6,IBE,Iberia Airlines,False,ES,EU,Europe,40.493407,-3.572249,52.361738,13.502341,1849.6059836875088
EDDB,departure,39e699,AFR84XP,EDDB,LFPG,1787114142.0,1787119558,EDDB,LFPG,1787114142.0,6,AFR,Air France,False,FR,EU,Europe,49.00896,2.554117,52.361738,13.502341,855.508956402892
EDDB,departure,3c56ef,EWG8602,EDDB,LPPT,1787113898.0,1787126288,EDDB,LPPT,1787113898.0,6,EWG,Eurowings,True,PT,EU,Europe,38.7813,-9.13592,52.361738,13.502341,2303.186665337529
EDDB,departure,4cada3,RYR95MP,EDDB,EIDW,1787113240.0,1787120997,EDDB,EIDW,1787113240.0,6,RYR,Ryanair,False,IE,EU,Europe,53.428713,-6.262121,52.361738,13.502341,1326.8211613493436
EDDB,departure,4cadff,RYR33BL,EDDB,LGRP,1787113150.0,1787122246,EDDB,LGRP,1787113150.0,6,RYR,Ryanair,False,GR,AS,Intercontinental,36.405399,28.086201,52.361738,13.502341,2110.4123177958554
EDDB,departure,44042f,EJU86XL,EDDB,LFPG,1787113075.0,1787118343,EDDB,LFPG,1787113075.0,6,EJU,easyJet,False,FR,EU,Europe,49.00896,2.554117,52.361738,13.502341,855.508956402892
EDDB,departure,4d2232,RYR9CL,EDDB,LIRF,1787113073.0,1787119036,EDDB,LIRF,1787113073.0,6,RYR,Ryanair,False,IT,EU,Europe,41.804532,12.251998,52.361738,13.502341,1177.6707290955103
EDDB,departure,4951d5,TAP53EI,EDDB,LPPT,1787112898.0,1787125059,EDDB,LPPT,1787112898.0,6,TAP,TAP Portugal,False,PT,EU,Europe,38.7813,-9.13592,52.361738,13.502341,2303.186665337529
EDDB,departure,4d226c,RYR1WP,EDDB,LBLS,1787112806.0,1787118597,EDDB,LBLS,1787112806.0,6,RYR,Ryanair,False,BG,EU,Europe,42.632465,23.650102,52.361738,13.502341,1320.7452477244601
EDDB,departure,440610,EJU65CQ,EDDB,LEMG,1787112777.0,1787124509,EDDB,LEMG,1787112777.0,6,EJU,easyJet,False,ES,EU,Europe,36.6749,-4.49911,52.361738,13.502341,2240.8672607447097
EDDB,departure,4caa5a,RYR584E,EDDB,LEPA,1787112575.0,1787120896,EDDB,LEPA,1787112575.0,6,RYR,Ryanair,False,ES,EU,Europe,39.551701,2.73881,52.361738,13.502341,1645.6107840446327
EDDB,departure,44061d,EJU43RL,EDDB,,1787112448.0,1787118419,EDDB,,1787112448.0,6,EJU,easyJet,False,,,unknown,,,52.361738,13.502341,
EDDB,departure,4ca84f,RYR39DH,EDDB,LEMD,1787112134.0,1787122599,EDDB,LEMD,1787112134.0,6,RYR,Ryanair,False,ES,EU,Europe,40.493407,-3.572249,52.361738,13.502341,1849.6059836875088
EDDB,departure,484165,KLM90J,EDDB,EHAM,1787111992.0,1787116136,EDDB,EHAM,1787111992.0,5,KLM,KLM Royal Dutch Airlines,False,NL,EU,Europe,52.308601,4.76389,52.361738,13.502341,593.3997730568556
EDDB,departure,3c79c1,SDR70NA,EDDB,LBSB,1787111824.0,1787118234,EDDB,LBSB,1787111824.0,5,SDR,City Airline,False,BG,EU,Europe,42.726582,27.624472,52.361738,13.502341,1502.0615720521178
EDDB,departure,3cc24f,AWH95E,EDDB,EDDL,1787111730.0,1787115057,EDDB,EDDL,1787111730.0,5,AWH,Other / unmatched,False,DE,EU,Domestic,51.289501,6.76678,52.361738,13.502341,477.81008605720956
EDDB,departure,3c6496,EWG4EH,EDDB,,1787111618.0,1787120807,EDDB,,1787111618.0,5,EWG,Eurowings,True,,,unknown,,,52.361738,13.502341,
EDDB,departure,3c54a4,EWG7WB,EDDB,LEMG,1787111467.0,1787122684,EDDB,LEMG,1787111467.0,5,EWG,Eurowings,True,ES,EU,Europe,36.6749,-4.49911,52.361738,13.502341,2240.8672607447097
EDDB,arrival,3c56ef,EWG9QC,LEPA,EDDB,1787166355.0,1787175098,EDDB,LEPA,1787175098.0,23,EWG,Eurowings,True,ES,EU,Europe,39.551701,2.73881,52.361738,13.502341,1645.6107840446327
EDDB,arrival,3c79c1,SDR33WB,,EDDB,1787160260.0,1787174944,EDDB,,1787174944.0,23,SDR,City Airline,False,,,unknown,,,52.361738,13.502341,
EDDB,arrival,4d226c,RYR739Y,LEDS,EDDB,1787165198.0,1787173555,EDDB,LEDS,1787173555.0,23,RYR,Ryanair,False,,,unknown,,,52.361738,13.502341,
EDDB,arrival,3c56f7,EWG6NT,,EDDB,1787163457.0,1787173412,EDDB,,1787173412.0,23,EWG,Eurowings,True,,,unknown,,,52.361738,13.502341,
EDDB,arrival,347344,IBE0787,LEMD,EDDB,1787164191.0,1787173340,EDDB,LEMD,1787173340.0,23,IBE,Iberia Airlines,False,ES,EU,Europe,40.493407,-3.572249,52.361738,13.502341,1849.6059836875088
EDDB,arrival,3c6748,DLH206,EDDF,EDDB,1787170056.0,1787173142,EDDB,EDDF,1787173142.0,22,DLH,Lufthansa,True,DE,EU,Domestic,50.026706,8.55835,52.361738,13.502341,431.2414419348526
EDDB,arrival,4ca84f,RYR44DW,EGSS,EDDB,1787168465.0,1787173015,EDDB,EGSS,1787173015.0,22,RYR,Ryanair,False,GB,EU,Europe,51.884998,0.235,52.361738,13.502341,906.0299094092976
EDDB,arrival,3c56f1,EWG1CN,LFKB,EDDB,1787166816.0,1787172950,EDDB,LFKB,1787172950.0,22,EWG,Eurowings,True,FR,EU,Europe,42.5527,9.48373,52.361738,13.502341,1131.3286666572249
EDDB,arrival,3e31d8,PAV613,EGKB,EDDB,1787167551.0,1787172800,EDDB,EGKB,1787172800.0,22,PAV,VIP Avia,False,GB,EU,Europe,51.33079910279999,0.0324999988079,52.361738,13.502341,930.9793891755247
EDDB,arrival,4cada3,RYR30TE,,EDDB,1787168263.0,1787172632,EDDB,,1787172632.0,22,RYR,Ryanair,False,,,unknown,,,52.361738,13.502341,
EDDB,arrival,4caa5a,RYR85CE,LGAV,EDDB,1787163570.0,1787172492,EDDB,LGAV,1787172492.0,22,RYR,Ryanair,False,GR,EU,Europe,37.936401,23.9445,52.361738,13.502341,1796.7219879999207
EDDB,arrival,39bdb9,AFR69GW,LFPG,EDDB,1787168049.0,1787172394,EDDB,LFPG,1787172394.0,22,AFR,Air France,False,FR,EU,Europe,49.00896,2.554117,52.361738,13.502341,855.508956402892
EDDB,arrival,440219,EJU34BQ,EGKK,EDDB,1787167380.0,1787172211,EDDB,EGKK,1787172211.0,22,EJU,easyJet,False,GB,EU,Europe,51.148744,-0.185739,52.361738,13.502341,950.3129533641089
EDDB,arrival,4b194e,SWR9LC,LSZH,EDDB,1787168286.0,1787172050,EDDB,LSZH,1787172050.0,22,SWR,Swiss,True,CH,EU,Europe,47.458056,8.548056,52.361738,13.502341,650.1742760328439
EDDB,arrival,4cadff,RYR8WT,LIPZ,EDDB,1787167492.0,1787171913,EDDB,LIPZ,1787171913.0,22,RYR,Ryanair,False,IT,EU,Europe,45.505299,12.3519,52.361738,13.502341,766.9915073107379
EDDB,arrival,3c6677,DLH4T,EDDM,EDDB,1787168992.0,1787171792,EDDB,EDDM,1787171792.0,22,DLH,Lufthansa,True,DE,EU,Domestic,48.353802,11.7861,52.361738,13.502341,461.95813684339504
EDDB,arrival,407464,BAW998,EGLL,EDDB,1787166553.0,1787171591,EDDB,EGLL,1787171591.0,22,BAW,British Airways,False,GB,EU,Europe,51.470748,-0.459909,52.361738,13.502341,961.2132012591328
EDDB,arrival,44061d,EJU85UF,LSZH,EDDB,1787167350.0,1787171449,EDDB,LSZH,1787171449.0,22,EJU,easyJet,False,CH,EU,Europe,47.458056,8.548056,52.361738,13.502341,650.1742760328439
EDDB,arrival,4403bb,EJU74RM,LIRF,EDDB,1787165370.0,1787171324,EDDB,LIRF,1787171324.0,22,EJU,easyJet,False,IT,EU,Europe,41.804532,12.251998,52.361738,13.502341,1177.6707290955103
EDDB,arrival,3c54a4,EWG3PD,LPFR,EDDB,1787160158.0,1787171112,EDDB,LPFR,1787171112.0,22,EWG,Eurowings,True,PT,EU,Europe,37.015909,-7.970939,52.361738,13.502341,2389.245960232114
EDDB,arrival,4d21ee,RYR75DX,LIRF,EDDB,1787165270.0,1787170969,EDDB,LIRF,1787170969.0,22,RYR,Ryanair,False,IT,EU,Europe,41.804532,12.251998,52.361738,13.502341,1177.6707290955103
EDDB,arrival,4d2232,RYR28BE,LEIB,EDDB,1787162385.0,1787170860,EDDB,LEIB,1787170860.0,22,RYR,Ryanair,False,ES,EU,Europe,38.872898,1.37312,52.361738,13.502341,1766.5903457613865
EDDB,arrival,484162,KLM27F,EHAM,EDDB,1787167503.0,1787170683,EDDB,EHAM,1787170683.0,22,KLM,KLM Royal Dutch Airlines,False,NL,EU,Europe,52.308601,4.76389,52.361738,13.502341,593.3997730568556
EDDB,arrival,440db0,EJU37BL,LIML,EDDB,1787166311.0,1787170570,EDDB,LIML,1787170570.0,22,EJU,easyJet,False,IT,EU,Europe,45.445099,9.27674,52.361738,13.502341,828.43354860116
EDDB,arrival,502d5e,AUA239,LOWW,EDDB,1787166361.0,1787170299,EDDB,LOWW,1787170299.0,22,AUA,Austrian,True,AT,EU,Europe,48.110298,16.5697,52.361738,13.502341,520.5310132858133
EDDB,arrival,44ce61,BEL1ZK,EBMB,EDDB,1787166444.0,1787170179,EDDB,EBMB,1787170179.0,22,BEL,Brussels Airlines,True,BE,EU,Europe,50.913419,4.491005,52.361738,13.502341,641.9237528591793
EDDB,arrival,4402ae,EJU94YN,LFMN,EDDB,1787164513.0,1787170055,EDDB,LFMN,1787170055.0,22,EJU,easyJet,False,FR,EU,Europe,43.658401,7.21587,52.361738,13.502341,1073.8550453207538
EDDB,arrival,48adae,LOT3ND,EPWA,EDDB,1787166485.0,1787169953,EDDB,EPWA,1787169953.0,22,LOT,LOT Polish Airlines,False,PL,EU,Europe,52.165699,20.9671,52.361738,13.502341,508.251079990443
EDDB,arrival,440005,EJU37DJ,LSGG,EDDB,1787165294.0,1787169837,EDDB,LSGG,1787169837.0,22,EJU,easyJet,False,CH,EU,Europe,46.238098,6.10895,52.361738,13.502341,865.6990564180037
EDDB,arrival,4952d2,TAP4BE,LPPT,EDDB,1787159227.0,1787169680,EDDB,LPPT,1787169680.0,22,TAP,TAP Portugal,False,PT,EU,Europe,38.7813,-9.13592,52.361738,13.502341,2303.186665337529
EDDB,arrival,44042f,EJU39XF,,EDDB,1787153975.0,1787169472,EDDB,,1787169472.0,21,EJU,easyJet,False,,,unknown,,,52.361738,13.502341,
EDDB,arrival,471f02,WZZ9UF,,EDDB,1787160596.0,1787168458,EDDB,,1787168458.0,21,WZZ,Wizz Air,False,,,unknown,,,52.361738,13.502341,
EDDB,arrival,4ac9e1,SAS95W,ESSA,EDDB,1787163420.0,1787168158,EDDB,ESSA,1787168158.0,21,SAS,Scandinavian Airlines System,False,SE,EU,Europe,59.64849,17.928829,52.361738,13.502341,855.2413404386158
EDDB,arrival,3c49d4,EWG7ZP,EDDS,EDDB,1787164808.0,1787168039,EDDB,EDDS,1787168039.0,21,EWG,Eurowings,True,DE,EU,Domestic,48.689899,9.22196,52.361738,13.502341,507.9960884704093
EDDB,arrival,4401e8,EJU9042,LFLL,EDDB,1787162634.0,1787167910,EDDB,LFLL,1787167910.0,21,EJU,easyJet,False,FR,EU,Europe,45.725996,5.090139,52.361738,13.502341,958.0661376939593
EDDB,arrival,4400ec,EJU98TC,,EDDB,1787159730.0,1787167759,EDDB,,1787167759.0,21,EJU,easyJet,False,,,unknown,,,52.361738,13.502341,
EDDB,arrival,3c49cc,EWG45B,LSZH,EDDB,1787163877.0,1787167643,EDDB,LSZH,1787167643.0,21,EWG,Eurowings,True,CH,EU,Europe,47.458056,8.548056,52.361738,13.502341,650.1742760328439
EDDB,arrival,3c55c6,EWG67A,EGLL,EDDB,1787162845.0,1787167519,EDDB,EGLL,1787167519.0,21,EWG,Eurowings,True,GB,EU,Europe,51.470748,-0.459909,52.361738,13.502341,961.2132012591328
EDDB,arrival,3c66a8,DLH2N,EDDM,EDDB,1787164244.0,1787167245,EDDB,EDDM,1787167245.0,21,DLH,Lufthansa,True,DE,EU,Domestic,48.353802,11.7861,52.361738,13.502341,461.95813684339504
EDDB,arrival,4d234d,RYR1155,EGCC,EDDB,1787161934.0,1787167132,EDDB,EGCC,1787167132.0,21,RYR,Ryanair,False,GB,EU,Europe,53.349375,-2.279521,52.361738,13.502341,1063.1055072028269
EDDB,arrival,3c56ed,EWG9L,EFHK,EDDB,1787160674.0,1787167035,EDDB,EFHK,1787167035.0,21,EWG,Eurowings,True,FI,EU,Europe,60.318363,24.963341,52.361738,13.502341,1128.856278240693
EDDB,arrival,4bb206,THY4AY,,EDDB,1787158240.0,1787166958,EDDB,,1787166958.0,21,THY,Turkish Airlines,False,,,unknown,,,52.361738,13.502341,
EDDB,arrival,3c79ba,CFG1CD,EDDF,EDDB,1787164263.0,1787166824,EDDB,EDDF,1787166824.0,21,CFG,Condor Flugdienst,False,DE,EU,Domestic,50.026706,8.55835,52.361738,13.502341,431.2414419348526
EDDB,arrival,4bc8da,PGT566B,,EDDB,1787157034.0,1787166417,EDDB,,1787166417.0,21,PGT,Pegasus Airlines,False,,,unknown,,,52.361738,13.502341,
EDDB,arrival,346355,VLG23BJ,LEBL,EDDB,1787158773.0,1787165961,EDDB,LEBL,1787165961.0,20,VLG,Vueling Airlines,False,ES,EU,Europe,41.2971,2.07846,52.361738,13.502341,1502.4410210044541
EDDB,arrival,3c49d5,EWG3KA,EDDK,EDDB,1787162716.0,1787165683,EDDB,EDDK,1787165683.0,20,EWG,Eurowings,True,DE,EU,Domestic,50.865898,7.14274,52.361738,13.502341,469.3634453655426
EDDB,arrival,4ca63a,EIN33T,EIDW,EDDB,1787159612.0,1787165519,EDDB,EIDW,1787165519.0,20,EIN,Aer Lingus,False,IE,EU,Europe,53.428713,-6.262121,52.361738,13.502341,1326.8211613493436
EDDB,arrival,3c6668,DLH202,EDDF,EDDB,1787162737.0,1787165238,EDDB,EDDF,1787165238.0,20,DLH,Lufthansa,True,DE,EU,Domestic,50.026706,8.55835,52.361738,13.502341,431.2414419348526
EDDB,arrival,4cad3d,RYR749C,EIDW,EDDB,1787158595.0,1787164792,EDDB,EIDW,1787164792.0,20,RYR,Ryanair,False,IE,EU,Europe,53.428713,-6.262121,52.361738,13.502341,1326.8211613493436
EDDB,arrival,4400dc,EJU83GC,,EDDB,1787159919.0,1787164622,EDDB,,1787164622.0,20,EJU,easyJet,False,,,unknown,,,52.361738,13.502341,
EDDB,arrival,4bcd82,SXS2KY,LTAI,EDDB,1787152761.0,1787164463,EDDB,LTAI,1787164463.0,20,SXS,SunExpress,False,TR,AS,Intercontinental,36.898701,30.800501,52.361738,13.502341,2185.924189019955
EDDB,arrival,5140c7,TGZ781,UGTB,EDDB,1787149052.0,1787164191,EDDB,UGTB,1787164191.0,20,TGZ,Georgian Airways,False,GE,AS,Intercontinental,41.669201,44.9547,52.361738,13.502341,2636.0938198691692
EDDB,arrival,45ac50,SAS55L,EKCH,EDDB,1787161741.0,1787164018,EDDB,EKCH,1787164018.0,20,SAS,Scandinavian Airlines System,False,DK,EU,Europe,55.617900848389,12.656000137329,52.361738,13.502341,366.26438320999466
EDDB,arrival,4402e8,EJU91FL,LEPA,EDDB,1787155639.0,1787163609,EDDB,LEPA,1787163609.0,20,EJU,easyJet,False,ES,EU,Europe,39.551701,2.73881,52.361738,13.502341,1645.6107840446327
EDDB,arrival,4d00d4,LGL9473,ELLX,EDDB,1787159672.0,1787163508,EDDB,ELLX,1787163508.0,20,LGL,Luxair,False,LU,EU,Europe,49.626845,6.212134,52.361738,13.502341,593.5559091954701
EDDB,arrival,06a2f8,QTR24E,,EDDB,1787144806.0,1787163329,EDDB,,1787163329.0,20,QTR,Qatar Airways,False,,,unknown,,,52.361738,13.502341,
EDDB,arrival,44ce75,BEL2HJ,EBBR,EDDB,1787159910.0,1787163227,EDDB,EBBR,1787163227.0,20,BEL,Brussels Airlines,True,BE,EU,Europe,50.901402,4.48444,52.361738,13.502341,642.7759977146309
EDDB,arrival,4bcdd5,SXS6XP,LTAI,EDDB,1787151557.0,1787163119,EDDB,LTAI,1787163119.0,20,SXS,SunExpress,False,TR,AS,Intercontinental,36.898701,30.800501,52.361738,13.502341,2185.924189019955
EDDB,arrival,4b028e,SWR15V,LSZH,EDDB,1787159313.0,1787162996,EDDB,LSZH,1787162996.0,20,SWR,Swiss,True,CH,EU,Europe,47.458056,8.548056,52.361738,13.502341,650.1742760328439
EDDB,arrival,4ca4ea,RYR3RD,LEPA,EDDB,1787155098.0,1787162668,EDDB,LEPA,1787162668.0,20,RYR,Ryanair,False,ES,EU,Europe,39.551701,2.73881,52.361738,13.502341,1645.6107840446327
EDDB,arrival,502db3,BTI6UN,EVRA,EDDB,1787157220.0,1787162455,EDDB,EVRA,1787162455.0,20,BTI,Air Baltic,False,LV,EU,Europe,56.920752,23.970711,52.361738,13.502341,841.5716055991722
EDDB,arrival,440610,EJU16CF,,EDDB,1787155429.0,1787162270,EDDB,,1787162270.0,19,EJU,easyJet,False,,,unknown,,,52.361738,13.502341,
EDDB,arrival,3c5ee2,EWG5EY,EDDL,EDDB,1787159280.0,1787162185,EDDB,EDDL,1787162185.0,19,EWG,Eurowings,True,DE,EU,Domestic,51.289501,6.76678,52.361738,13.502341,477.81008605720956
EDDB,arrival,47a218,NOZ8GB,ENGM,EDDB,1787157420.0,1787161972,EDDB,ENGM,1787161972.0,19,NOZ,Other / unmatched,False,NO,EU,Europe,60.193901,11.1004,52.361738,13.502341,883.2777650528442
EDDB,arrival,4d21dc,KMM376,LMML,EDDB,1787153301.0,1787161707,EDDB,LMML,1787161707.0,19,KMM,Other / unmatched,False,MT,EU,Europe,35.845932,14.491546,52.361738,13.502341,1838.1264505809506
EDDB,arrival,3c0936,SDR15XL,OLBA,EDDB,1787147834.0,1787161430,EDDB,OLBA,1787161430.0,19,SDR,City Airline,False,LB,AS,Intercontinental,33.819833,35.487443,52.361738,13.502341,2705.2135616458304
EDDB,arrival,46b837,AEE8DT,LGAV,EDDB,1787152059.0,1787161316,EDDB,LGAV,1787161316.0,19,AEE,Aegean Airlines,False,GR,EU,Europe,37.936401,23.9445,52.361738,13.502341,1796.7219879999207
EDDB,arrival,4c01e4,ASL86W,LYBE,EDDB,1787155800.0,1787161070,EDDB,LYBE,1787161070.0,19,ASL,Air Serbia,False,RS,EU,Europe,44.818401,20.309099,52.361738,13.502341,975.836974826641
EDDB,arrival,3f7dc1,GAF813,LSZB,EDDB,1787157390.0,1787160975,EDDB,LSZB,1787160975.0,19,GAF,German Air Force,False,CH,EU,Europe,46.912736,7.498819,52.361738,13.502341,743.7738228222886
EDDB,arrival,48ad84,LOT389,EPWA,EDDB,1787157605.0,1787160838,EDDB,EPWA,1787160838.0,19,LOT,LOT Polish Airlines,False,PL,EU,Europe,52.165699,20.9671,52.361738,13.502341,508.251079990443
EDDB,arrival,4008ad,BAW994,EGLL,EDDB,1787155983.0,1787160615,EDDB,EGLL,1787160615.0,19,BAW,British Airways,False,GB,EU,Europe,51.470748,-0.459909,52.361738,13.502341,961.2132012591328
EDDB,arrival,3c6496,EWG55E,LEPA,EDDB,1787152489.0,1787160351,EDDB,LEPA,1787160351.0,19,EWG,Eurowings,True,ES,EU,Europe,39.551701,2.73881,52.361738,13.502341,1645.6107840446327
EDDB,arrival,461e1f,FIN33A,EFHK,EDDB,1787153903.0,1787160057,EDDB,EFHK,1787160057.0,19,FIN,Finnair,False,FI,EU,Europe,60.318363,24.963341,52.361738,13.502341,1128.856278240693
EDDB,arrival,4d232c,CXI8E,,EDDB,1787149596.0,1787159819,EDDB,,1787159819.0,19,CXI,Shanxi Airlines,False,,,unknown,,,52.361738,13.502341,
EDDB,arrival,45211b,BBG272,LLBG,EDDB,1787145193.0,1787159729,EDDB,LLBG,1787159729.0,19,BBG,Bluebird Airways (BZ),False,IL,AS,Intercontinental,32.011398,34.8867,52.361738,13.502341,2845.0807185461645
EDDB,arrival,4521b2,GPX3280,,EDDB,1787153015.0,1787159594,EDDB,,1787159594.0,19,GPX,Other / unmatched,False,,,unknown,,,52.361738,13.502341,
EDDB,arrival,4d2347,RYR7JF,LEMG,EDDB,1787149592.0,1787159452,EDDB,LEMG,1787159452.0,19,RYR,Ryanair,False,ES,EU,Europe,36.6749,-4.49911,52.361738,13.502341,2240.8672607447097
EDDB,arrival,3c66a3,DLH3X,EDDM,EDDB,1787156411.0,1787159117,EDDB,EDDM,1787159117.0,19,DLH,Lufthansa,True,DE,EU,Domestic,48.353802,11.7861,52.361738,13.502341,461.95813684339504
EDDB,arrival,4b990b,FHY1683,LTAI,EDDB,1787146852.0,1787159009,EDDB,LTAI,1787159009.0,19,FHY,Free Bird Airlines,False,TR,AS,Intercontinental,36.898701,30.800501,52.361738,13.502341,2185.924189019955
EDDB,arrival,3420ca,IBE07WR,LEMD,EDDB,1787150064.0,1787158894,EDDB,LEMD,1787158894.0,19,IBE,Iberia Airlines,False,ES,EU,Europe,40.493407,-3.572249,52.361738,13.502341,1849.6059836875088
EDDB,arrival,502d5b,SWR1PF,LSZH,EDDB,1787154332.0,1787158788,EDDB,LSZH,1787158788.0,18,SWR,Swiss,True,CH,EU,Europe,47.458056,8.548056,52.361738,13.502341,650.1742760328439
EDDB,arrival,4a0481,ISR253,LL59,EDDB,1787143593.0,1787158679,EDDB,LL59,1787158679.0,18,ISR,Israir,False,IL,AS,Intercontinental,31.8979,34.6908,52.361738,13.502341,2846.4268362388343
EDDB,arrival,39bb24,AFR17RZ,LFPG,EDDB,1787154249.0,1787158409,EDDB,LFPG,1787158409.0,18,AFR,Air France,False,FR,EU,Europe,49.00896,2.554117,52.361738,13.502341,855.508956402892
EDDB,arrival,503c92,DMS2RV,EDDR,EDDB,1787153960.0,1787158319,EDDB,EDDR,1787158319.0,18,DMS,Other / unmatched,False,DE,EU,Domestic,49.214545,7.109735,52.361738,13.502341,569.2101297903677
EDDB,arrival,440607,AUA235D,LOWW,EDDB,1787155087.0,1787158088,EDDB,LOWW,1787158088.0,18,AUA,Austrian,True,AT,EU,Europe,48.110298,16.5697,52.361738,13.502341,520.5310132858133
EDDB,arrival,484559,KLM67B,EHAM,EDDB,1787154937.0,1787157910,EDDB,EHAM,1787157910.0,18,KLM,KLM Royal Dutch Airlines,False,NL,EU,Europe,52.308601,4.76389,52.361738,13.502341,593.3997730568556
EDDB,arrival,39de4e,TVF77EX,LFPO,EDDB,1787153490.0,1787157807,EDDB,LFPO,1787157807.0,18,TVF,Transavia France,False,FR,EU,Europe,48.729499,2.358963,52.361738,13.502341,883.641438306821
EDDB,arrival,3c6741,DLH1KY,EDDF,EDDB,1787154872.0,1787157485,EDDB,EDDF,1787157485.0,18,DLH,Lufthansa,True,DE,EU,Domestic,50.026706,8.55835,52.361738,13.502341,431.2414419348526
EDDB,arrival,3c48ee,EWG9KG,EDDS,EDDB,1787154347.0,1787157299,EDDB,EDDS,1787157299.0,18,EWG,Eurowings,True,DE,EU,Domestic,48.689899,9.22196,52.361738,13.502341,507.9960884704093
EDDB,arrival,4cada3,RYR61NG,LEBL,EDDB,1787149926.0,1787157088,EDDB,LEBL,1787157088.0,18,RYR,Ryanair,False,ES,EU,Europe,41.2971,2.07846,52.361738,13.502341,1502.4410210044541
EDDB,arrival,4bc88b,PGT49PK,,EDDB,1787147490.0,1787156899,EDDB,,1787156899.0,18,PGT,Pegasus Airlines,False,,,unknown,,,52.361738,13.502341,
EDDB,arrival,4ca84f,RYR95CH,LROP,EDDB,1787149790.0,1787156751,EDDB,LROP,1787156751.0,18,RYR,Ryanair,False,RO,EU,Europe,44.571792,26.103285,52.361738,13.502341,1266.911409076228
EDDB,arrival,471d5f,WZZ691,,EDDB,1787144043.0,1787156606,EDDB,,1787156606.0,18,WZZ,Wizz Air,False,,,unknown,,,52.361738,13.502341,
EDDB,arrival,4cadff,RYR3LF,LFML,EDDB,1787150749.0,1787156271,EDDB,LFML,1787156271.0,18,RYR,Ryanair,False,FR,EU,Europe,43.438088,5.2125,52.361738,13.502341,1167.271616131038
EDDB,arrival,4ba9c1,THY3ZA,,EDDB,1787147614.0,1787155977,EDDB,,1787155977.0,18,THY,Turkish Airlines,False,,,unknown,,,52.361738,13.502341,
EDDB,arrival,4d220a,RYR785N,LIMC,EDDB,1787150820.0,1787155437,EDDB,LIMC,1787155437.0,18,RYR,Ryanair,False,IT,EU,Europe,45.6306,8.72811,52.361738,13.502341,825.1001169151891
EDDB,arrival,3c6551,LHX194,EDDF,EDDB,1787151804.0,1787154653,EDDB,EDDF,1787154653.0,17,LHX,Other / unmatched,False,DE,EU,Domestic,50.026706,8.55835,52.361738,13.502341,431.2414419348526
EDDB,arrival,4bb02b,TKJ9TC,,EDDB,1787134518.0,1787154357,EDDB,,1787154357.0,17,TKJ,Other / unmatched,False,,,unknown,,,52.361738,13.502341,
EDDB,arrival,3c66a6,DLH7T,EDDM,EDDB,1787151315.0,1787154087,EDDB,EDDM,1787154087.0,17,DLH,Lufthansa,True,DE,EU,Domestic,48.353802,11.7861,52.361738,13.502341,461.95813684339504
EDDB,arrival,440219,EJU5316,EGGD,EDDB,1787148742.0,1787153963,EDDB,EGGD,1787153963.0,17,EJU,easyJet,False,GB,EU,Europe,51.382326,-2.716453,52.361738,13.502341,1116.4233732003695
EDDB,arrival,44061d,EJU42JF,LFBD,EDDB,1787147452.0,1787153747,EDDB,LFBD,1787153747.0,17,EJU,easyJet,False,FR,EU,Europe,44.82865,-0.715356,52.361738,13.502341,1335.698235700318
EDDB,arrival,4b9907,FHY1281,LTAI,EDDB,1787141656.0,1787153486,EDDB,LTAI,1787153486.0,17,FHY,Free Bird Airlines,False,TR,AS,Intercontinental,36.898701,30.800501,52.361738,13.502341,2185.924189019955
EDDB,arrival,39e699,AFR64PU,LFPG,EDDB,1787149006.0,1787153271,EDDB,LFPG,1787153271.0,17,AFR,Air France,False,FR,EU,Europe,49.00896,2.554117,52.361738,13.502341,855.508956402892
EDDB,arrival,4d236b,RYR3QE,LEAL,EDDB,1787144219.0,1787153105,EDDB,LEAL,1787153105.0,17,RYR,Ryanair,False,ES,EU,Europe,38.2822,-0.558156,52.361738,13.502341,1905.6713310052153
EDDB,arrival,440db0,EJU81FH,,EDDB,1787146876.0,1787152919,EDDB,,1787152919.0,17,EJU,easyJet,False,,,unknown,,,52.361738,13.502341,
EDDB,arrival,461fa9,FIN79T,EFHK,EDDB,1787146561.0,1787152767,EDDB,EFHK,1787152767.0,17,FIN,Finnair,False,FI,EU,Europe,60.318363,24.963341,52.361738,13.502341,1128.856278240693
EDDB,arrival,4bcde8,SXS9RW,LTAI,EDDB,1787140836.0,1787152619,EDDB,LTAI,1787152619.0,17,SXS,SunExpress,False,TR,AS,Intercontinental,36.898701,30.800501,52.361738,13.502341,2185.924189019955
EDDB,arrival,3c6666,DLH192,EDDF,EDDB,1787149130.0,1787151748,EDDB,EDDF,1787151748.0,17,DLH,Lufthansa,True,DE,EU,Domestic,50.026706,8.55835,52.361738,13.502341,431.2414419348526
EDDB,arrival,440005,EJU72TJ,,EDDB,1787145240.0,1787151615,EDDB,,1787151615.0,17,EJU,easyJet,False,,,unknown,,,52.361738,13.502341,
EDDB,arrival,4403bb,EJU15BJ,EKCH,EDDB,1787149117.0,1787151500,EDDB,EKCH,1787151500.0,16,EJU,easyJet,False,DK,EU,Europe,55.617900848389,12.656000137329,52.361738,13.502341,366.26438320999466
EDDB,arrival,4402ae,EJU92RE,EGPH,EDDB,1787145002.0,1787150782,EDDB,EGPH,1787150782.0,16,EJU,easyJet,False,GB,EU,Europe,55.950145,-3.372288,52.361738,13.502341,1165.3782160922985
EDDB,arrival,4ab821,NSZ1KS,LEMG,EDDB,1787132535.0,1787150039,EDDB,LEMG,1787150039.0,16,NSZ,Other / unmatched,False,ES,EU,Europe,36.6749,-4.49911,52.361738,13.502341,2240.8672607447097
EDDB,arrival,4d21ee,RYR28LA,,EDDB,1787144007.0,1787149846,EDDB,,1787149846.0,16,RYR,Ryanair,False,,,unknown,,,52.361738,13.502341,
EDDB,arrival,484ee4,KLM1779,EHAM,EDDB,1787146627.0,1787149701,EDDB,EHAM,1787149701.0,16,KLM,KLM Royal Dutch Airlines,False,NL,EU,Europe,52.308601,4.76389,52.361738,13.502341,593.3997730568556
EDDB,arrival,4bcdce,SXS8TG,LTAI,EDDB,1787137748.0,1787149616,EDDB,LTAI,1787149616.0,16,SXS,SunExpress,False,TR,AS,Intercontinental,36.898701,30.800501,52.361738,13.502341,2185.924189019955
EDDB,arrival,502ce8,AUA21P,LOWW,EDDB,1787145904.0,1787149071,EDDB,LOWW,1787149071.0,16,AUA,Austrian,True,AT,EU,Europe,48.110298,16.5697,52.361738,13.502341,520.5310132858133
EDDB,arrival,3c49cc,EWG6TG,LEPA,EDDB,1787140644.0,1787148866,EDDB,LEPA,1787148866.0,16,EWG,Eurowings,True,ES,EU,Europe,39.551701,2.73881,52.361738,13.502341,1645.6107840446327
EDDB,arrival,49514d,TAP532B,LPPT,EDDB,1787138132.0,1787148775,EDDB,LPPT,1787148775.0,16,TAP,TAP Portugal,False,PT,EU,Europe,38.7813,-9.13592,52.361738,13.502341,2303.186665337529
EDDB,arrival,4d226c,RYR6FD,EETN,EDDB,1787143020.0,1787148654,EDDB,EETN,1787148654.0,16,RYR,Ryanair,False,EE,EU,Europe,59.413246,24.83264,52.361738,13.502341,1052.6935396028941
EDDB,arrival,3c644d,LHX6T,EDDM,EDDB,1787145746.0,1787148563,EDDB,EDDM,1787148563.0,16,LHX,Other / unmatched,False,DE,EU,Domestic,48.353802,11.7861,52.361738,13.502341,461.95813684339504
EDDB,arrival,4caa5a,RYR120T,LHBP,EDDB,1787144432.0,1787148419,EDDB,LHBP,1787148419.0,16,RYR,Ryanair,False,HU,EU,Europe,47.43018,19.262393,52.361738,13.502341,685.7833672640113
EDDB,arrival,452164,LZB319,LBSF,EDDB,1787141182.0,1787148310,EDDB,LBSF,1787148310.0,16,LZB,Bulgaria Air,False,BG,EU,Europe,42.696357,23.417671,52.361738,13.502341,1304.7956623459802
EDDB,arrival,400982,BAW992G,EGLL,EDDB,1787143683.0,1787148178,EDDB,EGLL,1787148178.0,16,BAW,British Airways,False,GB,EU,Europe,51.470748,-0.459909,52.361738,13.502341,961.2132012591328
EDDB,arrival,3c48ea,EWG2RM,EDDL,EDDB,1787145027.0,1787147805,EDDB,EDDL,1787147805.0,15,EWG,Eurowings,True,DE,EU,Domestic,51.289501,6.76678,52.361738,13.502341,477.81008605720956
EDDB,arrival,3c49d5,EWG9SK,LFMN,EDDB,1787142310.0,1787147668,EDDB,LFMN,1787147668.0,15,EWG,Eurowings,True,FR,EU,Europe,43.658401,7.21587,52.361738,13.502341,1073.8550453207538
EDDB,arrival,406230,CFE93AU,EGLC,EDDB,1787142843.0,1787147395,EDDB,EGLC,1787147395.0,15,CFE,BA CityFlyer,False,GB,EU,Europe,51.505299,0.055278,52.361738,13.502341,925.4798333897056
EDDB,arrival,3e017b,CHX31,,EDDB,1787146381.0,1787147067,EDDB,,1787147067.0,15,CHX,Other / unmatched,False,,,unknown,,,52.361738,13.502341,
EDDB,arrival,3c6473,CFG6JH,EDDF,EDDB,1787144148.0,1787146966,EDDB,EDDF,1787146966.0,15,CFG,Condor Flugdienst,False,DE,EU,Domestic,50.026706,8.55835,52.361738,13.502341,431.2414419348526
EDDB,arrival,3c55c6,EWG6YP,LOWG,EDDB,1787143030.0,1787146798,EDDB,LOWG,1787146798.0,15,EWG,Eurowings,True,AT,EU,Europe,46.9911,15.4396,52.361738,13.502341,613.179791181534
EDDB,arrival,4bb2a9,TKJ4ZV,,EDDB,1787137323.0,1787146662,EDDB,,1787146662.0,15,TKJ,Other / unmatched,False,,,unknown,,,52.361738,13.502341,
EDDB,arrival,4d22b2,RYR734J,LEPA,EDDB,1787138619.0,1787146362,EDDB,LEPA,1787146362.0,15,RYR,Ryanair,False,ES,EU,Europe,39.551701,2.73881,52.361738,13.502341,1645.6107840446327
EDDB,arrival,4ab5d0,SAS1677,EKCH,EDDB,1787142818.0,1787146221,EDDB,EKCH,1787146221.0,15,SAS,Scandinavian Airlines System,False,DK,EU,Europe,55.617900848389,12.656000137329,52.361738,13.502341,366.26438320999466
EDDB,arrival,3c6468,CFG5FE,LGKO,EDDB,1787135944.0,1787146086,EDDB,LGKO,1787146086.0,15,CFG,Condor Flugdienst,False,GR,AS,Intercontinental,36.794523,27.09115,52.361738,13.502341,2030.772588665375
EDDB,arrival,3c56ed,EWG5EZ,,EDDB,1787141120.0,1787145926,EDDB,,1787145926.0,15,EWG,Eurowings,True,,,unknown,,,52.361738,13.502341,
EDDB,arrival,4bc84b,PGT25MB,,EDDB,1787136391.0,1787145552,EDDB,,1787145552.0,15,PGT,Pegasus Airlines,False,,,unknown,,,52.361738,13.502341,
EDDB,arrival,744829,RJA137,OJAI,EDDB,1787130245.0,1787145286,EDDB,OJAI,1787145286.0,15,RJA,Royal Jordanian,False,JO,AS,Intercontinental,31.7226009369,35.9931983948,52.361738,13.502341,2926.954534167478
EDDB,arrival,4b028e,SWR9GE,LSZH,EDDB,1787140324.0,1787145012,EDDB,LSZH,1787145012.0,15,SWR,Swiss,True,CH,EU,Europe,47.458056,8.548056,52.361738,13.502341,650.1742760328439
EDDB,arrival,3e017b,CHX31,EDDT,EDDB,1787142908.0,1787144960,EDDB,EDDT,1787144960.0,15,CHX,Other / unmatched,False,,,unknown,,,52.361738,13.502341,
EDDB,arrival,3c56ef,EWG3GH,LPPT,EDDB,1787133870.0,1787144954,EDDB,LPPT,1787144954.0,15,EWG,Eurowings,True,PT,EU,Europe,38.7813,-9.13592,52.361738,13.502341,2303.186665337529
EDDB,arrival,3e0fea,CHX82,,EDDB,1787143704.0,1787144636,EDDB,,1787144636.0,15,CHX,Other / unmatched,False,,,unknown,,,52.361738,13.502341,
EDDB,arrival,40653e,EZY8171,EGKK,EDDB,1787139554.0,1787144366,EDDB,EGKK,1787144366.0,14,EZY,easyJet,False,GB,EU,Europe,51.148744,-0.185739,52.361738,13.502341,950.3129533641089
EDDB,arrival,4400ec,EJU5014,LGRP,EDDB,1787132349.0,1787144243,EDDB,LGRP,1787144243.0,14,EJU,easyJet,False,GR,AS,Intercontinental,36.405399,28.086201,52.361738,13.502341,2110.4123177958554
EDDB,arrival,4d21ea,RYR1SM,EGSS,EDDB,1787138439.0,1787143810,EDDB,EGSS,1787143810.0,14,RYR,Ryanair,False,GB,EU,Europe,51.884998,0.235,52.361738,13.502341,906.0299094092976
EDDB,arrival,4d201d,WMT1RH,,EDDB,1787137226.0,1787143134,EDDB,,1787143134.0,14,WMT,Other / unmatched,False,,,unknown,,,52.361738,13.502341,
EDDB,arrival,4bb268,THY6XB,,EDDB,1787133213.0,1787142796,EDDB,,1787142796.0,14,THY,Turkish Airlines,False,,,unknown,,,52.361738,13.502341,
EDDB,arrival,3c56f7,EWG2W,LPPR,EDDB,1787132797.0,1787142244,EDDB,LPPR,1787142244.0,14,EWG,Eurowings,True,PT,EU,Europe,41.2481002808,-8.68138980865,52.361738,13.502341,2078.3550091118136
EDDB,arrival,4d2410,EWG6RY,ESSA,EDDB,1787137502.0,1787142109,EDDB,ESSA,1787142109.0,14,EWG,Eurowings,True,SE,EU,Europe,59.64849,17.928829,52.361738,13.502341,855.2413404386158
EDDB,arrival,44052d,GAC144P,EDDK,EDDB,1787138225.0,1787141727,EDDB,EDDK,1787141727.0,14,GAC,Other / unmatched,False,DE,EU,Domestic,50.865898,7.14274,52.361738,13.502341,469.3634453655426
EDDB,arrival,440cab,AUA29M,LOWW,EDDB,1787138525.0,1787141533,EDDB,LOWW,1787141533.0,14,AUA,Austrian,True,AT,EU,Europe,48.110298,16.5697,52.361738,13.502341,520.5310132858133
EDDB,arrival,4bce12,SXS5UY,LTBK,EDDB,1787131177.0,1787141321,EDDB,LTBK,1787141321.0,14,SXS,SunExpress,False,TR,AS,Intercontinental,38.319099,27.159401,52.361738,13.502341,1884.5460777419974
EDDB,arrival,06a2fa,QTR37K,,EDDB,1787121596.0,1787140932,EDDB,,1787140932.0,14,QTR,Qatar Airways,False,,,unknown,,,52.361738,13.502341,
EDDB,arrival,452169,MSC2960,,EDDB,1787129644.0,1787140769,EDDB,,1787140769.0,13,MSC,Air Cairo,False,,,unknown,,,52.361738,13.502341,
EDDB,arrival,02a1a4,LBT232,,EDDB,1787133303.0,1787140646,EDDB,,1787140646.0,13,LBT,Nouvel Air Tunisie,False,,,unknown,,,52.361738,13.502341,
EDDB,arrival,39bb25,AFR92ZN,LFPG,EDDB,1787136120.0,1787140498,EDDB,LFPG,1787140498.0,13,AFR,Air France,False,FR,EU,Europe,49.00896,2.554117,52.361738,13.502341,855.508956402892
EDDB,arrival,4ca702,RYR50PQ,LICJ,EDDB,1787132882.0,1787140341,EDDB,LICJ,1787140341.0,13,RYR,Ryanair,False,IT,EU,Europe,38.175999,13.091,52.361738,13.502341,1577.7037985801521
EDDB,arrival,407534,BAW990G,EGLL,EDDB,1787135445.0,1787140139,EDDB,EGLL,1787140139.0,13,BAW,British Airways,False,GB,EU,Europe,51.470748,-0.459909,52.361738,13.502341,961.2132012591328
EDDB,arrival,3e46d6,DISAG,EDDS,EDDB,1787136669.0,1787139915,EDDB,EDDS,1787139915.0,13,DIS,Di Air,False,DE,EU,Domestic,48.689899,9.22196,52.361738,13.502341,507.9960884704093
EDDB,arrival,4403bb,EJU67GK,,EDDB,1787128727.0,1787139748,EDDB,,1787139748.0,13,EJU,easyJet,False,,,unknown,,,52.361738,13.502341,
EDDB,arrival,48455d,KLM29G,EHAM,EDDB,1787136451.0,1787139607,EDDB,EHAM,1787139607.0,13,KLM,KLM Royal Dutch Airlines,False,NL,EU,Europe,52.308601,4.76389,52.361738,13.502341,593.3997730568556
EDDB,arrival,3c56f1,EWG72F,LGKO,EDDB,1787128954.0,1787139557,EDDB,LGKO,1787139557.0,13,EWG,Eurowings,True,GR,AS,Intercontinental,36.794523,27.09115,52.361738,13.502341,2030.772588665375
EDDB,arrival,4aca8b,NOZ1104,ENGM,EDDB,1787134540.0,1787139476,EDDB,ENGM,1787139476.0,13,NOZ,Other / unmatched,False,NO,EU,Europe,60.193901,11.1004,52.361738,13.502341,883.2777650528442
EDDB,arrival,440610,EJU32RT,LEMG,EDDB,1787128427.0,1787138508,EDDB,LEMG,1787138508.0,13,EJU,easyJet,False,ES,EU,Europe,36.6749,-4.49911,52.361738,13.502341,2240.8672607447097
EDDB,arrival,4cadfc,RYR1638,EGNX,EDDB,1787133555.0,1787138361,EDDB,EGNX,1787138361.0,13,RYR,Ryanair,False,GB,EU,Europe,52.8311,-1.32806,52.361738,13.502341,1001.2603253914391
EDDB,arrival,3c54a4,EWG6AZ,LEMG,EDDB,1787127888.0,1787137919,EDDB,LEMG,1787137919.0,13,EWG,Eurowings,True,ES,EU,Europe,36.6749,-4.49911,52.361738,13.502341,2240.8672607447097
EDDB,arrival,406b6c,CFE27PM,EGLC,EDDB,1787132920.0,1787137456,EDDB,EGLC,1787137456.0,13,CFE,BA CityFlyer,False,GB,EU,Europe,51.505299,0.055278,52.361738,13.502341,925.4798333897056
EDDB,arrival,4aca86,NSZ4505,ESSA,EDDB,1787132201.0,1787137235,EDDB,ESSA,1787137235.0,13,NSZ,Other / unmatched,False,SE,EU,Europe,59.64849,17.928829,52.361738,13.502341,855.2413404386158
EDDB,arrival,3c664c,DLH2HH,EDDF,EDDB,1787133993.0,1787136659,EDDB,EDDF,1787136659.0,12,DLH,Lufthansa,True,DE,EU,Domestic,50.026706,8.55835,52.361738,13.502341,431.2414419348526
EDDB,arrival,502d10,BTI3BP,EETN,EDDB,1787130099.0,1787136259,EDDB,EETN,1787136259.0,12,BTI,Air Baltic,False,EE,EU,Europe,59.413246,24.83264,52.361738,13.502341,1052.6935396028941
EDDB,arrival,4ca84f,RYR91SP,LEMD,EDDB,1787127257.0,1787135969,EDDB,LEMD,1787135969.0,12,RYR,Ryanair,False,ES,EU,Europe,40.493407,-3.572249,52.361738,13.502341,1849.6059836875088
EDDB,arrival,471f77,WMT358,,EDDB,1787129357.0,1787135606,EDDB,,1787135606.0,12,WMT,Other / unmatched,False,,,unknown,,,52.361738,13.502341,
EDDB,arrival,346691,VLG2WM,LEBL,EDDB,1787127993.0,1787135477,EDDB,LEBL,1787135477.0,12,VLG,Vueling Airlines,False,ES,EU,Europe,41.2971,2.07846,52.361738,13.502341,1502.4410210044541
EDDB,arrival,495154,TAP53LB,LPPT,EDDB,1787124973.0,1787135245,EDDB,LPPT,1787135245.0,12,TAP,TAP Portugal,False,PT,EU,Europe,38.7813,-9.13592,52.361738,13.502341,2303.186665337529
EDDB,arrival,440219,EJU47TU,,EDDB,1787127701.0,1787134519,EDDB,,1787134519.0,12,EJU,easyJet,False,,,unknown,,,52.361738,13.502341,
EDDB,arrival,4cae6c,RYR5WY,,EDDB,1787118916.0,1787134107,EDDB,,1787134107.0,12,RYR,Ryanair,False,,,unknown,,,52.361738,13.502341,
EDDB,arrival,3c6667,DLH8N,EDDM,EDDB,1787131033.0,1787133959,EDDB,EDDM,1787133959.0,12,DLH,Lufthansa,True,DE,EU,Domestic,48.353802,11.7861,52.361738,13.502341,461.95813684339504
EDDB,arrival,4bb264,THY2XR,,EDDB,1787124781.0,1787133827,EDDB,,1787133827.0,12,THY,Turkish Airlines,False,,,unknown,,,52.361738,13.502341,
EDDB,arrival,4d24d7,WMT2GJ,LROP,EDDB,1787125472.0,1787133176,EDDB,LROP,1787133176.0,11,WMT,Other / unmatched,False,RO,EU,Europe,44.571792,26.103285,52.361738,13.502341,1266.911409076228
EDDB,arrival,4d2279,RYR91ZT,LIPE,EDDB,1787128541.0,1787132989,EDDB,LIPE,1787132989.0,11,RYR,Ryanair,False,IT,EU,Europe,44.5354,11.2887,52.361738,13.502341,885.3177747016778
EDDB,arrival,4caa5a,RYR9YD,LEPA,EDDB,1787124893.0,1787132817,EDDB,LEPA,1787132817.0,11,RYR,Ryanair,False,ES,EU,Europe,39.551701,2.73881,52.361738,13.502341,1645.6107840446327
EDDB,arrival,4bce49,SXS8RG,LTAI,EDDB,1787120764.0,1787132656,EDDB,LTAI,1787132656.0,11,SXS,SunExpress,False,TR,AS,Intercontinental,36.898701,30.800501,52.361738,13.502341,2185.924189019955
EDDB,arrival,3c6496,EWG7DL,LEPA,EDDB,1787124242.0,1787132540,EDDB,LEPA,1787132540.0,11,EWG,Eurowings,True,ES,EU,Europe,39.551701,2.73881,52.361738,13.502341,1645.6107840446327
EDDB,arrival,39e688,AFR65AR,LFPG,EDDB,1787128020.0,1787132428,EDDB,LFPG,1787132428.0,11,AFR,Air France,False,FR,EU,Europe,49.00896,2.554117,52.361738,13.502341,855.508956402892
EDDB,arrival,3c79c1,SDR70MN,,EDDB,1787126346.0,1787132321,EDDB,,1787132321.0,11,SDR,City Airline,False,,,unknown,,,52.361738,13.502341,
EDDB,arrival,3cc24f,AWH95Z,EDDL,EDDB,1787129344.0,1787132069,EDDB,EDDL,1787132069.0,11,AWH,Other / unmatched,False,DE,EU,Domestic,51.289501,6.76678,52.361738,13.502341,477.81008605720956
EDDB,arrival,4bbd14,TKJ35Z,,EDDB,1787122733.0,1787131971,EDDB,,1787131971.0,11,TKJ,Other / unmatched,False,,,unknown,,,52.361738,13.502341,
EDDB,arrival,4d2533,WZZ84,LHBP,EDDB,1787127311.0,1787131675,EDDB,LHBP,1787131675.0,11,WZZ,Wizz Air,False,HU,EU,Europe,47.43018,19.262393,52.361738,13.502341,685.7833672640113
EDDB,arrival,440db0,EJU87YF,,EDDB,1787126254.0,1787131311,EDDB,,1787131311.0,11,EJU,easyJet,False,,,unknown,,,52.361738,13.502341,
EDDB,arrival,4867c1,KLM1775,EHAM,EDDB,1787128176.0,1787131199,EDDB,EHAM,1787131199.0,11,KLM,KLM Royal Dutch Airlines,False,NL,EU,Europe,52.308601,4.76389,52.361738,13.502341,593.3997730568556
EDDB,arrival,3c55c6,EWG7ED,EGLL,EDDB,1787126292.0,1787131025,EDDB,EGLL,1787131025.0,11,EWG,Eurowings,True,GB,EU,Europe,51.470748,-0.459909,52.361738,13.502341,961.2132012591328
EDDB,arrival,4cada3,RYR8RZ,EIDW,EDDB,1787124635.0,1787130729,EDDB,EIDW,1787130729.0,11,RYR,Ryanair,False,IE,EU,Europe,53.428713,-6.262121,52.361738,13.502341,1326.8211613493436
EDDB,arrival,4d226c,RYR1EK,LBSF,EDDB,1787123358.0,1787130588,EDDB,LBSF,1787130588.0,11,RYR,Ryanair,False,BG,EU,Europe,42.696357,23.417671,52.361738,13.502341,1304.7956623459802
EDDB,arrival,48ad19,LOT5NA,EPWA,EDDB,1787127171.0,1787130470,EDDB,EPWA,1787130470.0,11,LOT,LOT Polish Airlines,False,PL,EU,Europe,52.165699,20.9671,52.361738,13.502341,508.251079990443
EDDB,arrival,440005,EJU46EK,LFMN,EDDB,1787124736.0,1787130345,EDDB,LFMN,1787130345.0,11,EJU,easyJet,False,FR,EU,Europe,43.658401,7.21587,52.361738,13.502341,1073.8550453207538
EDDB,arrival,4bb4f2,MGH391,LTAI,EDDB,1787118213.0,1787130165,EDDB,LTAI,1787130165.0,11,MGH,Other / unmatched,False,TR,AS,Intercontinental,36.898701,30.800501,52.361738,13.502341,2185.924189019955
EDDB,arrival,c06aac,TSC418,CYYZ,EDDB,1787101850.0,1787130029,EDDB,CYYZ,1787130029.0,11,TSC,Air Transat,False,CA,,Intercontinental,43.675935,-79.629421,52.361738,13.502341,6503.195183191096
EDDB,arrival,4d2232,RYR4WC,LIRF,EDDB,1787123955.0,1787129840,EDDB,LIRF,1787129840.0,10,RYR,Ryanair,False,IT,EU,Europe,41.804532,12.251998,52.361738,13.502341,1177.6707290955103
EDDB,arrival,44061d,EJU5060,LIEO,EDDB,1787122906.0,1787129691,EDDB,LIEO,1787129691.0,10,EJU,easyJet,False,IT,EU,Europe,40.898953,9.518457,52.361738,13.502341,1309.8788817773784
EDDB,arrival,49410e,NJE272T,,EDDB,1787125282.0,1787129574,EDDB,,1787129574.0,10,NJE,NetJets,False,,,unknown,,,52.361738,13.502341,
EDDB,arrival,3c675a,DLH3WU,EDDF,EDDB,1787126615.0,1787129428,EDDB,EDDF,1787129428.0,10,DLH,Lufthansa,True,DE,EU,Domestic,50.026706,8.55835,52.361738,13.502341,431.2414419348526
EDDB,arrival,46b83a,AEE8RB,LGAV,EDDB,1787119470.0,1787129335,EDDB,LGAV,1787129335.0,10,AEE,Aegean Airlines,False,GR,EU,Europe,37.936401,23.9445,52.361738,13.502341,1796.7219879999207
EDDB,arrival,406c43,CFE76JZ,EGLC,EDDB,1787124731.0,1787129242,EDDB,EGLC,1787129242.0,10,CFE,BA CityFlyer,False,GB,EU,Europe,51.505299,0.055278,52.361738,13.502341,925.4798333897056
EDDB,arrival,50038a,T7CDV,EDDB,EDDB,1787125152.0,1787128464,EDDB,EDDB,1787128464.0,10,,Other / unmatched,False,DE,EU,Domestic,52.361738,13.502341,52.361738,13.502341,0.0
EDDB,arrival,4cad42,SAS2677,ESSA,EDDB,1787123643.0,1787128325,EDDB,ESSA,1787128325.0,10,SAS,Scandinavian Airlines System,False,SE,EU,Europe,59.64849,17.928829,52.361738,13.502341,855.2413404386158
EDDB,arrival,44ce76,BEL8CE,EBMB,EDDB,1787124893.0,1787128196,EDDB,EBMB,1787128196.0,10,BEL,Brussels Airlines,True,BE,EU,Europe,50.913419,4.491005,52.361738,13.502341,641.9237528591793
EDDB,arrival,3c6497,DLH4X,EDDM,EDDB,1787125293.0,1787128063,EDDB,EDDM,1787128063.0,10,DLH,Lufthansa,True,DE,EU,Domestic,48.353802,11.7861,52.361738,13.502341,461.95813684339504
EDDB,arrival,c08172,ACA944,CYUL,EDDB,1787102864.0,1787127925,EDDB,CYUL,1787127925.0,10,ACA,Air Canada,False,CA,,Intercontinental,45.467837,-73.742294,52.361738,13.502341,6025.754861964803
EDDB,arrival,3420ca,IBE07TT,LEMD,EDDB,1787119315.0,1787127761,EDDB,LEMD,1787127761.0,10,IBE,Iberia Airlines,False,ES,EU,Europe,40.493407,-3.572249,52.361738,13.502341,1849.6059836875088
EDDB,arrival,4d21ee,RYR8YY,EGSS,EDDB,1787123500.0,1787127590,EDDB,EGSS,1787127590.0,10,RYR,Ryanair,False,GB,EU,Europe,51.884998,0.235,52.361738,13.502341,906.0299094092976
EDDB,arrival,3c56ed,EWG4Z,LSZH,EDDB,1787123182.0,1787127376,EDDB,LSZH,1787127376.0,10,EWG,Eurowings,True,CH,EU,Europe,47.458056,8.548056,52.361738,13.502341,650.1742760328439
EDDB,arrival,3c6650,DLH3EV,EDDF,EDDB,1787123777.0,1787126705,EDDB,EDDF,1787126705.0,10,DLH,Lufthansa,True,DE,EU,Domestic,50.026706,8.55835,52.361738,13.502341,431.2414419348526
EDDB,arrival,44042f,EJU32JG,LFPG,EDDB,1787122187.0,1787126579,EDDB,LFPG,1787126579.0,10,EJU,easyJet,False,FR,EU,Europe,49.00896,2.554117,52.361738,13.502341,855.508956402892
EDDB,arrival,46346b,FSF659S,LSGK,EDDB,1787120375.0,1787126395,EDDB,LSGK,1787126395.0,9,FSF,Other / unmatched,False,CH,EU,Europe,46.486525,7.248359,52.361738,13.502341,793.9570649144894
EDDB,arrival,4ca2cb,EIN3JE,EIDW,EDDB,1787119897.0,1787126030,EDDB,EIDW,1787126030.0,9,EIN,Aer Lingus,False,IE,EU,Europe,53.428713,-6.262121,52.361738,13.502341,1326.8211613493436
EDDB,arrival,4ca225,RYR717M,EGCC,EDDB,1787121081.0,1787125888,EDDB,EGCC,1787125888.0,9,RYR,Ryanair,False,GB,EU,Europe,53.349375,-2.279521,52.361738,13.502341,1063.1055072028269
EDDB,arrival,4401f7,EJU46ZJ,LIML,EDDB,1787121081.0,1787125780,EDDB,LIML,1787125780.0,9,EJU,easyJet,False,IT,EU,Europe,45.445099,9.27674,52.361738,13.502341,828.43354860116
EDDB,arrival,738057,ELY2371,LLBG,EDDB,1787111161.0,1787125599,EDDB,LLBG,1787125599.0,9,ELY,El Al Israel Airlines,False,IL,AS,Intercontinental,32.011398,34.8867,52.361738,13.502341,2845.0807185461645
EDDB,arrival,3475d9,VLG9PX,LEBL,EDDB,1787117447.0,1787125075,EDDB,LEBL,1787125075.0,9,VLG,Vueling Airlines,False,ES,EU,Europe,41.2971,2.07846,52.361738,13.502341,1502.4410210044541
EDDB,arrival,4bcdab,SXS6SJ,,EDDB,1787113796.0,1787124922,EDDB,,1787124922.0,9,SXS,SunExpress,False,,,unknown,,,52.361738,13.502341,
EDDB,arrival,4400eb,EJU65NU,LEPA,EDDB,1787116397.0,1787124821,EDDB,LEPA,1787124821.0,9,EJU,easyJet,False,ES,EU,Europe,39.551701,2.73881,52.361738,13.502341,1645.6107840446327
EDDB,arrival,4bb1a3,THY4VH,,EDDB,1787115971.0,1787124465,EDDB,,1787124465.0,9,THY,Turkish Airlines,False,,,unknown,,,52.361738,13.502341,
EDDB,arrival,4b19f4,SWR2HD,LSZH,EDDB,1787120429.0,1787124322,EDDB,LSZH,1787124322.0,9,SWR,Swiss,True,CH,EU,Europe,47.458056,8.548056,52.361738,13.502341,650.1742760328439
EDDB,arrival,406446,EZY39MB,EGKK,EDDB,1787119274.0,1787124039,EDDB,EGKK,1787124039.0,9,EZY,easyJet,False,GB,EU,Europe,51.148744,-0.185739,52.361738,13.502341,950.3129533641089
EDDB,arrival,39de4c,TVF88JV,LFPO,EDDB,1787118824.0,1787123572,EDDB,LFPO,1787123572.0,9,TVF,Transavia France,False,FR,EU,Europe,48.729499,2.358963,52.361738,13.502341,883.641438306821
EDDB,arrival,45ac33,SAS1673,EKCH,EDDB,1787121115.0,1787123393,EDDB,EKCH,1787123393.0,9,SAS,Scandinavian Airlines System,False,DK,EU,Europe,55.617900848389,12.656000137329,52.361738,13.502341,366.26438320999466
EDDB,arrival,3c48f0,LHX5T,EDDM,EDDB,1787119994.0,1787122829,EDDB,EDDM,1787122829.0,9,LHX,Other / unmatched,False,DE,EU,Domestic,48.353802,11.7861,52.361738,13.502341,461.95813684339504
EDDB,arrival,4aca8b,NOZ2XM,ENGM,EDDB,1787117489.0,1787122635,EDDB,ENGM,1787122635.0,8,NOZ,Other / unmatched,False,NO,EU,Europe,60.193901,11.1004,52.361738,13.502341,883.2777650528442
EDDB,arrival,4d2080,RYR7BV,LEPA,EDDB,1787114411.0,1787122516,EDDB,LEPA,1787122516.0,8,RYR,Ryanair,False,ES,EU,Europe,39.551701,2.73881,52.361738,13.502341,1645.6107840446327
EDDB,arrival,3c6473,CFG1RV,EDDF,EDDB,1787119594.0,1787122378,EDDB,EDDF,1787122378.0,8,CFG,Condor Flugdienst,False,DE,EU,Domestic,50.026706,8.55835,52.361738,13.502341,431.2414419348526
EDDB,arrival,4ca92b,RYR7QZ,EGSS,EDDB,1787117936.0,1787122205,EDDB,EGSS,1787122205.0,8,RYR,Ryanair,False,GB,EU,Europe,51.884998,0.235,52.361738,13.502341,906.0299094092976
EDDB,arrival,4bb843,PGT820D,LTAI,EDDB,1787110307.0,1787122119,EDDB,LTAI,1787122119.0,8,PGT,Pegasus Airlines,False,TR,AS,Intercontinental,36.898701,30.800501,52.361738,13.502341,2185.924189019955
EDDB,arrival,471f9f,WZZ3GV,LYBE,EDDB,1787116023.0,1787121955,EDDB,LYBE,1787121955.0,8,WZZ,Wizz Air,False,RS,EU,Europe,44.818401,20.309099,52.361738,13.502341,975.836974826641
EDDB,arrival,3c9654,BFD19T,EDLP,EDDB,1787119300.0,1787121743,EDDB,EDLP,1787121743.0,8,BFD,Other / unmatched,False,DE,EU,Domestic,51.612527,8.617459,52.361738,13.502341,344.6506290151385
EDDB,arrival,3c6637,DLH174,EDDF,EDDB,1787118834.0,1787121611,EDDB,EDDF,1787121611.0,8,DLH,Lufthansa,True,DE,EU,Domestic,50.026706,8.55835,52.361738,13.502341,431.2414419348526
EDDB,arrival,4b19ef,SWR97Y,LSZH,EDDB,1787117154.0,1787121410,EDDB,LSZH,1787121410.0,8,SWR,Swiss,True,CH,EU,Europe,47.458056,8.548056,52.361738,13.502341,650.1742760328439
EDDB,arrival,39bdaf,AFR1434,LFPG,EDDB,1787116828.0,1787121292,EDDB,LFPG,1787121292.0,8,AFR,Air France,False,FR,EU,Europe,49.00896,2.554117,52.361738,13.502341,855.508956402892
EDDB,arrival,4d24af,WZZ977,,EDDB,1787114109.0,1787121175,EDDB,,1787121175.0,8,WZZ,Wizz Air,False,,,unknown,,,52.361738,13.502341,
EDDB,arrival,4cae61,RYR62HD,LGTS,EDDB,1787112129.0,1787120577,EDDB,LGTS,1787120577.0,8,RYR,Ryanair,False,GR,EU,Europe,40.51928,22.970009,52.361738,13.502341,1500.5245904767337
EDDB,arrival,440822,AUA223B,LOWW,EDDB,1787116767.0,1787120189,EDDB,LOWW,1787120189.0,8,AUA,Austrian,True,AT,EU,Europe,48.110298,16.5697,52.361738,13.502341,520.5310132858133
EDDB,arrival,484b90,KLM1771,EHAM,EDDB,1787116692.0,1787119826,EDDB,EHAM,1787119826.0,8,KLM,KLM Royal Dutch Airlines,False,NL,EU,Europe,52.308601,4.76389,52.361738,13.502341,593.3997730568556
EDDB,arrival,3c6667,DLH2X,EDDM,EDDB,1787116165.0,1787119160,EDDB,EDDM,1787119160.0,7,DLH,Lufthansa,True,DE,EU,Domestic,48.353802,11.7861,52.361738,13.502341,461.95813684339504
EDDB,arrival,3d4e36,DFBWG,EDSB,EDDB,1787114152.0,1787119005,EDDB,EDSB,1787119005.0,7,DFB,Other / unmatched,False,DE,EU,Domestic,48.7794,8.0805,52.361738,13.502341,552.2366222800603
EDDB,arrival,461fa5,FIN3AW,EFHK,EDDB,1787112913.0,1787118861,EDDB,EFHK,1787118861.0,7,FIN,Finnair,False,FI,EU,Europe,60.318363,24.963341,52.361738,13.502341,1128.856278240693
EDDB,arrival,4ca2c0,RYR9PG,LIRP,EDDB,1787113383.0,1787118718,EDDB,LIRP,1787118718.0,7,RYR,Ryanair,False,IT,EU,Europe,43.683899,10.3927,52.361738,13.502341,992.0123225383925
EDDB,arrival,3c64ae,DLH172,EDDF,EDDB,1787115435.0,1787118599,EDDB,EDDF,1787118599.0,7,DLH,Lufthansa,True,DE,EU,Domestic,50.026706,8.55835,52.361738,13.502341,431.2414419348526
EDDB,arrival,503c92,DMS2PV,EDDR,EDDB,1787113678.0,1787118497,EDDB,EDDR,1787118497.0,7,DMS,Other / unmatched,False,DE,EU,Domestic,49.214545,7.109735,52.361738,13.502341,569.2101297903677
EDDB,arrival,502cc8,BTI74A,EVRA,EDDB,1787113297.0,1787118365,EDDB,EVRA,1787118365.0,7,BTI,Air Baltic,False,LV,EU,Europe,56.920752,23.970711,52.361738,13.502341,841.5716055991722
EDDB,arrival,471fa9,WZZ6072,LZIB,EDDB,1787114549.0,1787118235,EDDB,LZIB,1787118235.0,7,WZZ,Wizz Air,False,SK,EU,Europe,48.1702,17.2127,52.361738,13.502341,535.3505710720144
EDDB,arrival,a913d6,UAL962,KEWR,EDDB,1787093480.0,1787118148,EDDB,KEWR,1787118148.0,7,UAL,United Airlines,False,US,,Intercontinental,40.6894,-74.170545,52.361738,13.502341,6410.493211338902
EDDB,arrival,4d246f,WZZ629,LQTZ,EDDB,1787112472.0,1787117998,EDDB,LQTZ,1787117998.0,7,WZZ,Wizz Air,False,BA,EU,Europe,44.459858,18.723627,52.361738,13.502341,958.8281990826661
EDDB,arrival,4d253b,EWG66Y,EDDK,EDDB,1787114895.0,1787117779,EDDB,EDDK,1787117779.0,7,EWG,Eurowings,True,DE,EU,Domestic,50.865898,7.14274,52.361738,13.502341,469.3634453655426
EDDB,arrival,a0f4f6,DAL92,KJFK,EDDB,1787092430.0,1787117631,EDDB,KJFK,1787117631.0,7,DAL,Delta Air Lines,False,US,,Intercontinental,40.639447,-73.779317,52.361738,13.502341,6390.477464647899
EDDB,arrival,06a2e8,QTR29X,,EDDB,1787097877.0,1787117110,EDDB,,1787117110.0,7,QTR,Qatar Airways,False,,,unknown,,,52.361738,13.502341,
EDDB,arrival,4bcde2,SXS8ER,LTBK,EDDB,1787106204.0,1787116919,EDDB,LTBK,1787116919.0,7,SXS,SunExpress,False,TR,AS,Intercontinental,38.319099,27.159401,52.361738,13.502341,1884.5460777419974
EDDB,arrival,3c56f4,EWG4JP,EDDS,EDDB,1787113383.0,1787116799,EDDB,EDDS,1787116799.0,7,EWG,Eurowings,True,DE,EU,Domestic,48.689899,9.22196,52.361738,13.502341,507.9960884704093
EDDB,arrival,3c0936,SDR10XE,,EDDB,1787102794.0,1787116649,EDDB,,1787116649.0,7,SDR,City Airline,False,,,unknown,,,52.361738,13.502341,
EDDB,arrival,4bc84b,PGT1617,,EDDB,1787107159.0,1787116556,EDDB,,1787116556.0,7,PGT,Pegasus Airlines,False,,,unknown,,,52.361738,13.502341,
EDDB,arrival,504e81,FIA5611,,EDDB,1787110363.0,1787116451,EDDB,,1787116451.0,7,FIA,Four Island Air,False,,,unknown,,,52.361738,13.502341,
EDDB,arrival,4ca9d3,RYR97WV,LIME,EDDB,1787111913.0,1787116409,EDDB,LIME,1787116409.0,7,RYR,Ryanair,False,IT,EU,Europe,45.669362,9.708851,52.361738,13.502341,793.635785119131
EDDB,arrival,4bcda5,SXS6PQ,,EDDB,1787109667.0,1787114446,EDDB,,1787114446.0,6,SXS,SunExpress,False,,,unknown,,,52.361738,13.502341,
EDDB,arrival,780c58,CHH489,,EDDB,1787091686.0,1787112659,EDDB,,1787112659.0,6,CHH,Hainan Airlines,False,,,unknown,,,52.361738,13.502341,
EDDB,arrival,3474ce,SWT3WZ,LFPG,EDDB,1787106664.0,1787111273,EDDB,LFPG,1787111273.0,5,SWT,Swiftair,False,FR,EU,Europe,49.00896,2.554117,52.361738,13.502341,855.508956402892
EDDB,arrival,4bb268,THY9XT,,EDDB,1787101926.0,1787110819,EDDB,,1787110819.0,5,THY,Turkish Airlines,False,,,unknown,,,52.361738,13.502341,
EDDB,arrival,45ce46,SRR6228,EDDK,EDDB,1787107685.0,1787110455,EDDB,EDDK,1787110455.0,5,SRR,Star Air,False,DE,EU,Domestic,50.865898,7.14274,52.361738,13.502341,469.3634453655426
EDDB,arrival,3cc24f,AWH95G,EDDV,EDDB,1787108362.0,1787110159,EDDB,EDDV,1787110159.0,5,AWH,Other / unmatched,False,DE,EU,Domestic,52.461102,9.68508,52.361738,13.502341,259.1206120841198
EDDB,arrival,3c56f7,EWG33B,,EDDB,1787095670.0,1787109984,EDDB,,1787109984.0,5,EWG,Eurowings,True,,,unknown,,,52.361738,13.502341,
